{
  "created_at": 1784548497.1584525,
  "modified_at": 1784548769.243339,
  "title": "Fetch news sites, extract headings, save markdown report"
}