{
  "created_at": 1784568956.5698223,
  "modified_at": 1784568956.5699918,
  "title": "extract news snippets into json"
}