{
  "created_at": 1784364742.5859826,
  "modified_at": 1784364742.5860293,
  "title": "stage test"
}