{
  "viewpoint_id": 0,
  "glb_path": "data_out/19/470/3043627270436161470.glb",
  "camera_pos_blender": [
    -769.49,
    20907.36,
    3360.221142578125
  ],
  "target_pos_blender": [
    -784.0193982642428,
    20903.632187494117,
    3358.421142578125
  ],
  "ground_height_blender": 3358.421142578125,
  "matrix_world": [
    [
      -0.24844233691692352,
      -0.11541491001844406,
      0.9617462754249573,
      -769.489990234375
    ],
    [
      0.968646764755249,
      -0.02960207127034664,
      0.24667246639728546,
      20907.359375
    ],
    [
      1.862645149230957e-09,
      0.9928762316703796,
      0.11915068328380585,
      3360.22119140625
    ],
    [
      0.0,
      0.0,
      0.0,
      1.0
    ]
  ],
  "camera_fov": 1.2870022058486938,
  "clip_start": 0.10000000149011612,
  "clip_end": 150.0,
  "resolution": [
    640,
    640
  ]
}