{
  "viewpoint_id": 1,
  "glb_path": "data_out/19/470/3043627270436161470.glb",
  "camera_pos_blender": [
    -788.82,
    20902.23,
    3360.4240234375
  ],
  "target_pos_blender": [
    -803.3616802484271,
    20898.550389211818,
    3358.6240234375
  ],
  "ground_height_blender": 3358.6240234375,
  "matrix_world": [
    [
      -0.24531209468841553,
      -0.11550753563642502,
      0.9625382423400879,
      -788.8200073242188
    ],
    [
      0.969444215297699,
      -0.02922849729657173,
      0.24356459081172943,
      20902.23046875
    ],
    [
      1.862645371275562e-09,
      0.9928764700889587,
      0.11914820224046707,
      3360.424072265625
    ],
    [
      0.0,
      0.0,
      0.0,
      1.0
    ]
  ],
  "camera_fov": 1.2870022058486938,
  "clip_start": 0.10000000149011612,
  "clip_end": 150.0,
  "resolution": [
    640,
    640
  ]
}