{
  "viewpoint_id": 11254,
  "glb_path": "data_out/19/563/3043627270437061563.glb",
  "glb_paths": [
    "data_out/19/563/3043627270437061563.glb",
    "data_out/19/567/3043627270437061567.glb",
    "data_out/19/572/3043627270437061572.glb",
    "data_out/19/576/3043627270437061576.glb",
    "data_out/20/401/30436272704370617401.glb",
    "data_out/20/403/30436272704370617403.glb",
    "data_out/20/405/30436272704370617405.glb",
    "data_out/20/407/30436272704370617407.glb",
    "data_out/20/410/30436272704370617410.glb",
    "data_out/20/411/30436272704370617411.glb",
    "data_out/20/412/30436272704370617412.glb",
    "data_out/20/414/30436272704370617414.glb",
    "data_out/20/415/30436272704370617415.glb",
    "data_out/20/416/30436272704370617416.glb",
    "data_out/20/417/30436272704370617417.glb",
    "data_out/20/430/30436272704370617430.glb",
    "data_out/20/431/30436272704370617431.glb",
    "data_out/20/434/30436272704370617434.glb",
    "data_out/20/435/30436272704370617435.glb",
    "data_out/20/441/30436272704370617441.glb",
    "data_out/20/450/30436272704370617450.glb",
    "data_out/20/451/30436272704370617451.glb",
    "data_out/20/471/30436272704370617471.glb",
    "data_out/20/500/30436272704370617500.glb",
    "data_out/20/501/30436272704370617501.glb",
    "data_out/20/502/30436272704370617502.glb",
    "data_out/20/503/30436272704370617503.glb",
    "data_out/20/504/30436272704370617504.glb",
    "data_out/20/505/30436272704370617505.glb",
    "data_out/20/506/30436272704370617506.glb",
    "data_out/20/507/30436272704370617507.glb",
    "data_out/20/510/30436272704370617510.glb",
    "data_out/20/512/30436272704370617512.glb",
    "data_out/20/514/30436272704370617514.glb",
    "data_out/20/516/30436272704370617516.glb",
    "data_out/20/520/30436272704370617520.glb",
    "data_out/20/521/30436272704370617521.glb",
    "data_out/20/524/30436272704370617524.glb",
    "data_out/20/525/30436272704370617525.glb",
    "data_out/20/560/30436272704370617560.glb"
  ],
  "camera_pos_blender": [
    1161.98,
    21083.940000000002,
    3358.110791015625
  ],
  "target_pos_blender": [
    1175.4527163318046,
    21077.3456149155,
    3356.310791015625
  ],
  "ground_height_blender": 3356.310791015625,
  "matrix_world": [
    [
      -0.4395899176597595,
      0.10702050477266312,
      -0.8918001055717468,
      1161.97998046875
    ],
    [
      -0.898198664188385,
      -0.05237720161676407,
      0.43645837903022766,
      21083.939453125
    ],
    [
      0.0,
      0.9928762316703796,
      0.11915016174316406,
      3358.11083984375
    ],
    [
      0.0,
      0.0,
      0.0,
      1.0
    ]
  ],
  "camera_fov": 1.2870022058486938,
  "clip_start": 0.10000000149011612,
  "clip_end": 150.0,
  "resolution": [
    640,
    640
  ]
}