{
  "viewpoint_id": 11253,
  "glb_path": "data_out/20/401/30436272704370617401.glb",
  "glb_paths": [
    "data_out/20/401/30436272704370617401.glb",
    "data_out/20/403/30436272704370617403.glb",
    "data_out/20/405/30436272704370617405.glb",
    "data_out/20/407/30436272704370617407.glb",
    "data_out/20/410/30436272704370617410.glb",
    "data_out/20/411/30436272704370617411.glb",
    "data_out/20/412/30436272704370617412.glb",
    "data_out/20/414/30436272704370617414.glb",
    "data_out/20/415/30436272704370617415.glb",
    "data_out/20/416/30436272704370617416.glb",
    "data_out/20/417/30436272704370617417.glb",
    "data_out/20/421/30436272704370617421.glb",
    "data_out/20/425/30436272704370617425.glb",
    "data_out/20/430/30436272704370617430.glb",
    "data_out/20/431/30436272704370617431.glb",
    "data_out/20/434/30436272704370617434.glb",
    "data_out/20/435/30436272704370617435.glb",
    "data_out/20/441/30436272704370617441.glb",
    "data_out/20/450/30436272704370617450.glb",
    "data_out/20/451/30436272704370617451.glb",
    "data_out/20/471/30436272704370617471.glb",
    "data_out/20/500/30436272704370617500.glb",
    "data_out/20/501/30436272704370617501.glb",
    "data_out/20/502/30436272704370617502.glb",
    "data_out/20/503/30436272704370617503.glb",
    "data_out/20/504/30436272704370617504.glb",
    "data_out/20/505/30436272704370617505.glb",
    "data_out/20/506/30436272704370617506.glb",
    "data_out/20/507/30436272704370617507.glb",
    "data_out/20/520/30436272704370617520.glb",
    "data_out/20/521/30436272704370617521.glb",
    "data_out/20/524/30436272704370617524.glb",
    "data_out/20/525/30436272704370617525.glb",
    "data_out/20/560/30436272704370617560.glb"
  ],
  "camera_pos_blender": [
    1147.08,
    21091.24,
    3361.8
  ],
  "target_pos_blender": [
    1160.5550173855904,
    21084.65031818234,
    3360.0
  ],
  "ground_height_blender": 3360.0,
  "matrix_world": [
    [
      -0.43931880593299866,
      0.10703372210264206,
      -0.8919320106506348,
      1147.0799560546875
    ],
    [
      -0.898331344127655,
      -0.05234363302588463,
      0.4361892640590668,
      21091.240234375
    ],
    [
      0.0,
      0.9928765296936035,
      0.11914727836847305,
      3361.800048828125
    ],
    [
      0.0,
      0.0,
      0.0,
      1.0
    ]
  ],
  "camera_fov": 1.2870022058486938,
  "clip_start": 0.10000000149011612,
  "clip_end": 150.0,
  "resolution": [
    640,
    640
  ]
}