{
  "viewpoint_id": 11460,
  "glb_path": "data_out/19/470/3043627270436142470.glb",
  "camera_pos_blender": [
    -1231.5,
    20302.15,
    3363.48798828125
  ],
  "target_pos_blender": [
    -1225.1133106265238,
    20315.722405786993,
    3362.88798828125
  ],
  "ground_height_blender": 3361.68798828125,
  "matrix_world": [
    [
      0.9048246145248413,
      0.017020665109157562,
      -0.42544418573379517,
      -1231.5
    ],
    [
      -0.42578449845314026,
      0.03617021441459656,
      -0.9041014313697815,
      20302.150390625
    ],
    [
      0.0,
      0.9992006421089172,
      0.03997483849525452,
      3363.488037109375
    ],
    [
      0.0,
      0.0,
      0.0,
      1.0
    ]
  ],
  "camera_fov": 1.2870022058486938,
  "clip_start": 0.10000000149011612,
  "clip_end": 150.0,
  "resolution": [
    640,
    640
  ]
}