{
  "viewpoint_id": 11623,
  "glb_path": "data_out/19/463/3043627270437071463.glb",
  "glb_paths": [
    "data_out/19/463/3043627270437071463.glb",
    "data_out/20/401/30436272704370716401.glb",
    "data_out/20/410/30436272704370716410.glb",
    "data_out/20/411/30436272704370716411.glb",
    "data_out/20/412/30436272704370716412.glb",
    "data_out/20/414/30436272704370716414.glb",
    "data_out/20/415/30436272704370716415.glb",
    "data_out/20/416/30436272704370716416.glb",
    "data_out/20/417/30436272704370716417.glb",
    "data_out/20/500/30436272704370716500.glb",
    "data_out/20/501/30436272704370716501.glb",
    "data_out/20/502/30436272704370716502.glb",
    "data_out/20/503/30436272704370716503.glb",
    "data_out/20/504/30436272704370716504.glb",
    "data_out/20/506/30436272704370716506.glb",
    "data_out/20/507/30436272704370716507.glb"
  ],
  "camera_pos_blender": [
    1824.13,
    21051.56,
    3358.704296875
  ],
  "target_pos_blender": [
    1839.1228430498468,
    21051.096688784226,
    3356.904296875
  ],
  "ground_height_blender": 3356.904296875,
  "matrix_world": [
    [
      -0.03085949458181858,
      0.11909212172031403,
      -0.992403507232666,
      1824.1300048828125
    ],
    [
      -0.9995237588882446,
      -0.003676873864606023,
      0.030639663338661194,
      21051.560546875
    ],
    [
      0.0,
      0.992876410484314,
      0.1191488578915596,
      3358.704345703125
    ],
    [
      0.0,
      0.0,
      0.0,
      1.0
    ]
  ],
  "camera_fov": 1.2870022058486938,
  "clip_start": 0.10000000149011612,
  "clip_end": 150.0,
  "resolution": [
    640,
    640
  ]
}