{
  "viewpoint_id": 11629,
  "glb_path": "data_out/19/472/3043627270437070472.glb",
  "glb_paths": [
    "data_out/19/472/3043627270437070472.glb",
    "data_out/20/410/30436272704370706410.glb",
    "data_out/20/411/30436272704370706411.glb",
    "data_out/20/412/30436272704370706412.glb",
    "data_out/20/414/30436272704370706414.glb",
    "data_out/20/415/30436272704370706415.glb",
    "data_out/20/416/30436272704370706416.glb",
    "data_out/20/417/30436272704370706417.glb",
    "data_out/20/500/30436272704370706500.glb",
    "data_out/20/501/30436272704370706501.glb",
    "data_out/20/502/30436272704370706502.glb",
    "data_out/20/503/30436272704370706503.glb",
    "data_out/20/504/30436272704370706504.glb",
    "data_out/20/505/30436272704370706505.glb",
    "data_out/20/506/30436272704370706506.glb",
    "data_out/20/507/30436272704370706507.glb",
    "data_out/20/510/30436272704370706510.glb",
    "data_out/20/511/30436272704370706511.glb",
    "data_out/20/512/30436272704370706512.glb",
    "data_out/20/513/30436272704370706513.glb",
    "data_out/20/514/30436272704370706514.glb",
    "data_out/20/515/30436272704370706515.glb",
    "data_out/20/516/30436272704370706516.glb",
    "data_out/20/517/30436272704370706517.glb",
    "data_out/20/520/30436272704370706520.glb",
    "data_out/20/521/30436272704370706521.glb",
    "data_out/20/524/30436272704370706524.glb",
    "data_out/20/525/30436272704370706525.glb"
  ],
  "camera_pos_blender": [
    1410.01,
    21071.13,
    3358.428662109375
  ],
  "target_pos_blender": [
    1424.9855773032423,
    21070.2743806719,
    3356.628662109375
  ],
  "ground_height_blender": 3356.628662109375,
  "matrix_world": [
    [
      -0.057161036878824234,
      0.11895273625850677,
      -0.9912531971931458,
      1410.010009765625
    ],
    [
      -0.9983649849891663,
      -0.006810596678406,
      0.05675385147333145,
      21071.130859375
    ],
    [
      4.656612873077393e-10,
      0.9928765892982483,
      0.11914753168821335,
      3358.4287109375
    ],
    [
      0.0,
      0.0,
      0.0,
      1.0
    ]
  ],
  "camera_fov": 1.2870022058486938,
  "clip_start": 0.10000000149011612,
  "clip_end": 150.0,
  "resolution": [
    640,
    640
  ]
}