{
  "viewpoint_id": 11628,
  "glb_path": "data_out/19/463/3043627270437070463.glb",
  "glb_paths": [
    "data_out/19/463/3043627270437070463.glb",
    "data_out/19/472/3043627270437070472.glb",
    "data_out/20/401/30436272704370706401.glb",
    "data_out/20/405/30436272704370706405.glb",
    "data_out/20/410/30436272704370706410.glb",
    "data_out/20/411/30436272704370706411.glb",
    "data_out/20/412/30436272704370706412.glb",
    "data_out/20/414/30436272704370706414.glb",
    "data_out/20/415/30436272704370706415.glb",
    "data_out/20/416/30436272704370706416.glb",
    "data_out/20/417/30436272704370706417.glb",
    "data_out/20/431/30436272704370706431.glb",
    "data_out/20/435/30436272704370706435.glb",
    "data_out/20/500/30436272704370706500.glb",
    "data_out/20/501/30436272704370706501.glb",
    "data_out/20/502/30436272704370706502.glb",
    "data_out/20/503/30436272704370706503.glb",
    "data_out/20/504/30436272704370706504.glb",
    "data_out/20/505/30436272704370706505.glb",
    "data_out/20/506/30436272704370706506.glb",
    "data_out/20/507/30436272704370706507.glb",
    "data_out/20/510/30436272704370706510.glb",
    "data_out/20/512/30436272704370706512.glb",
    "data_out/20/514/30436272704370706514.glb",
    "data_out/20/516/30436272704370706516.glb",
    "data_out/20/520/30436272704370706520.glb",
    "data_out/20/521/30436272704370706521.glb",
    "data_out/20/524/30436272704370706524.glb",
    "data_out/20/525/30436272704370706525.glb"
  ],
  "camera_pos_blender": [
    1390.04,
    21072.27,
    3358.381787109375
  ],
  "target_pos_blender": [
    1405.0155773032423,
    21071.4143806719,
    3356.581787109375
  ],
  "ground_height_blender": 3356.581787109375,
  "matrix_world": [
    [
      -0.05703125521540642,
      0.11895447969436646,
      -0.9912604093551636,
      1390.0400390625
    ],
    [
      -0.9983724355697632,
      -0.006795182824134827,
      0.05662498623132706,
      21072.26953125
    ],
    [
      0.0,
      0.992876410484314,
      0.11914840340614319,
      3358.3818359375
    ],
    [
      0.0,
      0.0,
      0.0,
      1.0
    ]
  ],
  "camera_fov": 1.2870022058486938,
  "clip_start": 0.10000000149011612,
  "clip_end": 150.0,
  "resolution": [
    640,
    640
  ]
}