{
  "viewpoint_id": 11625,
  "glb_path": "data_out/19/462/3043627270437070462.glb",
  "glb_paths": [
    "data_out/19/462/3043627270437070462.glb",
    "data_out/19/463/3043627270437070463.glb",
    "data_out/19/466/3043627270437070466.glb",
    "data_out/20/511/30436272704370617511.glb",
    "data_out/20/513/30436272704370617513.glb",
    "data_out/20/515/30436272704370617515.glb",
    "data_out/20/517/30436272704370617517.glb",
    "data_out/20/400/30436272704370706400.glb",
    "data_out/20/401/30436272704370706401.glb",
    "data_out/20/402/30436272704370706402.glb",
    "data_out/20/403/30436272704370706403.glb",
    "data_out/20/404/30436272704370706404.glb",
    "data_out/20/405/30436272704370706405.glb",
    "data_out/20/406/30436272704370706406.glb",
    "data_out/20/407/30436272704370706407.glb",
    "data_out/20/410/30436272704370706410.glb",
    "data_out/20/411/30436272704370706411.glb",
    "data_out/20/412/30436272704370706412.glb",
    "data_out/20/414/30436272704370706414.glb",
    "data_out/20/415/30436272704370706415.glb",
    "data_out/20/416/30436272704370706416.glb",
    "data_out/20/417/30436272704370706417.glb",
    "data_out/20/421/30436272704370706421.glb",
    "data_out/20/425/30436272704370706425.glb",
    "data_out/20/430/30436272704370706430.glb",
    "data_out/20/431/30436272704370706431.glb",
    "data_out/20/434/30436272704370706434.glb",
    "data_out/20/435/30436272704370706435.glb",
    "data_out/20/440/30436272704370706440.glb",
    "data_out/20/500/30436272704370706500.glb",
    "data_out/20/502/30436272704370706502.glb",
    "data_out/20/504/30436272704370706504.glb",
    "data_out/20/506/30436272704370706506.glb"
  ],
  "camera_pos_blender": [
    1330.14,
    21075.7,
    3358.328076171875
  ],
  "target_pos_blender": [
    1345.1155773032424,
    21074.8443806719,
    3356.528076171875
  ],
  "ground_height_blender": 3356.528076171875,
  "matrix_world": [
    [
      -0.05703125521540642,
      0.11895447969436646,
      -0.9912604093551636,
      1330.1400146484375
    ],
    [
      -0.9983724355697632,
      -0.006795182824134827,
      0.05662498623132706,
      21075.69921875
    ],
    [
      0.0,
      0.992876410484314,
      0.11914840340614319,
      3358.328125
    ],
    [
      0.0,
      0.0,
      0.0,
      1.0
    ]
  ],
  "camera_fov": 1.2870022058486938,
  "clip_start": 0.10000000149011612,
  "clip_end": 150.0,
  "resolution": [
    640,
    640
  ]
}