{
  "viewpoint_id": 11627,
  "glb_path": "data_out/19/463/3043627270437070463.glb",
  "glb_paths": [
    "data_out/19/463/3043627270437070463.glb",
    "data_out/19/472/3043627270437070472.glb",
    "data_out/19/644/3043627270437070644.glb",
    "data_out/20/401/30436272704370706401.glb",
    "data_out/20/403/30436272704370706403.glb",
    "data_out/20/405/30436272704370706405.glb",
    "data_out/20/407/30436272704370706407.glb",
    "data_out/20/410/30436272704370706410.glb",
    "data_out/20/411/30436272704370706411.glb",
    "data_out/20/412/30436272704370706412.glb",
    "data_out/20/414/30436272704370706414.glb",
    "data_out/20/415/30436272704370706415.glb",
    "data_out/20/416/30436272704370706416.glb",
    "data_out/20/417/30436272704370706417.glb",
    "data_out/20/430/30436272704370706430.glb",
    "data_out/20/431/30436272704370706431.glb",
    "data_out/20/434/30436272704370706434.glb",
    "data_out/20/435/30436272704370706435.glb",
    "data_out/20/500/30436272704370706500.glb",
    "data_out/20/501/30436272704370706501.glb",
    "data_out/20/502/30436272704370706502.glb",
    "data_out/20/503/30436272704370706503.glb",
    "data_out/20/504/30436272704370706504.glb",
    "data_out/20/505/30436272704370706505.glb",
    "data_out/20/506/30436272704370706506.glb",
    "data_out/20/507/30436272704370706507.glb",
    "data_out/20/510/30436272704370706510.glb",
    "data_out/20/514/30436272704370706514.glb",
    "data_out/20/520/30436272704370706520.glb",
    "data_out/20/524/30436272704370706524.glb"
  ],
  "camera_pos_blender": [
    1370.08,
    21073.41,
    3358.769482421875
  ],
  "target_pos_blender": [
    1385.0555773032422,
    21072.5543806719,
    3356.969482421875
  ],
  "ground_height_blender": 3356.969482421875,
  "matrix_world": [
    [
      -0.05703125521540642,
      0.11895447969436646,
      -0.9912604093551636,
      1370.0799560546875
    ],
    [
      -0.9983724355697632,
      -0.006795182824134827,
      0.05662498623132706,
      21073.41015625
    ],
    [
      0.0,
      0.992876410484314,
      0.11914840340614319,
      3358.76953125
    ],
    [
      0.0,
      0.0,
      0.0,
      1.0
    ]
  ],
  "camera_fov": 1.2870022058486938,
  "clip_start": 0.10000000149011612,
  "clip_end": 150.0,
  "resolution": [
    640,
    640
  ]
}