{
  "viewpoint_id": 11624,
  "glb_path": "data_out/19/463/3043627270437071463.glb",
  "glb_paths": [
    "data_out/19/463/3043627270437071463.glb",
    "data_out/20/410/30436272704370716410.glb",
    "data_out/20/411/30436272704370716411.glb",
    "data_out/20/414/30436272704370716414.glb",
    "data_out/20/415/30436272704370716415.glb",
    "data_out/20/417/30436272704370716417.glb",
    "data_out/20/500/30436272704370716500.glb",
    "data_out/20/501/30436272704370716501.glb",
    "data_out/20/502/30436272704370716502.glb",
    "data_out/20/503/30436272704370716503.glb",
    "data_out/20/504/30436272704370716504.glb",
    "data_out/20/506/30436272704370716506.glb",
    "data_out/20/507/30436272704370716507.glb"
  ],
  "camera_pos_blender": [
    1844.08,
    21050.190000000002,
    3358.200390625
  ],
  "target_pos_blender": [
    1859.0395251933664,
    21049.08881609664,
    3356.400390625
  ],
  "ground_height_blender": 3356.400390625,
  "matrix_world": [
    [
      -0.07343702763319016,
      0.11882594227790833,
      -0.9901955723762512,
      1844.0799560546875
    ],
    [
      -0.9972999691963196,
      -0.008749849162995815,
      0.07291389256715775,
      21050.189453125
    ],
    [
      0.0,
      0.9928765892982483,
      0.1191476434469223,
      3358.200439453125
    ],
    [
      0.0,
      0.0,
      0.0,
      1.0
    ]
  ],
  "camera_fov": 1.2870022058486938,
  "clip_start": 0.10000000149011612,
  "clip_end": 150.0,
  "resolution": [
    640,
    640
  ]
}