{
  "viewpoint_id": 11631,
  "glb_path": "data_out/19/472/3043627270437070472.glb",
  "glb_paths": [
    "data_out/19/472/3043627270437070472.glb",
    "data_out/19/473/3043627270437070473.glb",
    "data_out/20/500/30436272704370706500.glb",
    "data_out/20/501/30436272704370706501.glb",
    "data_out/20/502/30436272704370706502.glb",
    "data_out/20/503/30436272704370706503.glb",
    "data_out/20/504/30436272704370706504.glb",
    "data_out/20/505/30436272704370706505.glb",
    "data_out/20/506/30436272704370706506.glb",
    "data_out/20/507/30436272704370706507.glb",
    "data_out/20/510/30436272704370706510.glb",
    "data_out/20/511/30436272704370706511.glb",
    "data_out/20/512/30436272704370706512.glb",
    "data_out/20/513/30436272704370706513.glb",
    "data_out/20/514/30436272704370706514.glb",
    "data_out/20/515/30436272704370706515.glb",
    "data_out/20/516/30436272704370706516.glb",
    "data_out/20/517/30436272704370706517.glb",
    "data_out/20/530/30436272704370706530.glb",
    "data_out/20/534/30436272704370706534.glb",
    "data_out/20/400/30436272704370707400.glb",
    "data_out/20/402/30436272704370707402.glb",
    "data_out/20/404/30436272704370707404.glb",
    "data_out/20/406/30436272704370707406.glb"
  ],
  "camera_pos_blender": [
    1449.95,
    21068.84,
    3358.30146484375
  ],
  "target_pos_blender": [
    1464.9284727357192,
    21068.036660404734,
    3356.50146484375
  ],
  "ground_height_blender": 3356.50146484375,
  "matrix_world": [
    [
      -0.053515590727329254,
      0.11897758394479752,
      -0.9914537072181702,
      1449.949951171875
    ],
    [
      -0.9985670447349548,
      -0.006376292090862989,
      0.05313436686992645,
      21068.83984375
    ],
    [
      0.0,
      0.992876410484314,
      0.11914832144975662,
      3358.301513671875
    ],
    [
      0.0,
      0.0,
      0.0,
      1.0
    ]
  ],
  "camera_fov": 1.2870022058486938,
  "clip_start": 0.10000000149011612,
  "clip_end": 150.0,
  "resolution": [
    640,
    640
  ]
}