{
  "viewpoint_id": 11632,
  "glb_path": "data_out/19/473/3043627270437070473.glb",
  "glb_paths": [
    "data_out/19/473/3043627270437070473.glb",
    "data_out/19/562/3043627270437070562.glb",
    "data_out/20/500/30436272704370706500.glb",
    "data_out/20/501/30436272704370706501.glb",
    "data_out/20/503/30436272704370706503.glb",
    "data_out/20/504/30436272704370706504.glb",
    "data_out/20/505/30436272704370706505.glb",
    "data_out/20/507/30436272704370706507.glb",
    "data_out/20/510/30436272704370706510.glb",
    "data_out/20/511/30436272704370706511.glb",
    "data_out/20/512/30436272704370706512.glb",
    "data_out/20/513/30436272704370706513.glb",
    "data_out/20/514/30436272704370706514.glb",
    "data_out/20/515/30436272704370706515.glb",
    "data_out/20/516/30436272704370706516.glb",
    "data_out/20/517/30436272704370706517.glb",
    "data_out/20/530/30436272704370706530.glb",
    "data_out/20/531/30436272704370706531.glb",
    "data_out/20/534/30436272704370706534.glb",
    "data_out/20/535/30436272704370706535.glb",
    "data_out/20/400/30436272704370707400.glb",
    "data_out/20/401/30436272704370707401.glb",
    "data_out/20/402/30436272704370707402.glb",
    "data_out/20/403/30436272704370707403.glb",
    "data_out/20/404/30436272704370707404.glb",
    "data_out/20/405/30436272704370707405.glb",
    "data_out/20/406/30436272704370707406.glb",
    "data_out/20/407/30436272704370707407.glb"
  ],
  "camera_pos_blender": [
    1469.92,
    21067.77,
    3358.284375
  ],
  "target_pos_blender": [
    1484.8984727357192,
    21066.966660404734,
    3356.484375
  ],
  "ground_height_blender": 3356.484375,
  "matrix_world": [
    [
      -0.05351603031158447,
      0.11897854506969452,
      -0.9914535284042358,
      1469.9200439453125
    ],
    [
      -0.9985671043395996,
      -0.006376395933330059,
      0.05313479155302048,
      21067.76953125
    ],
    [
      0.0,
      0.992876410484314,
      0.11914927512407303,
      3358.284423828125
    ],
    [
      0.0,
      0.0,
      0.0,
      1.0
    ]
  ],
  "camera_fov": 1.2870022058486938,
  "clip_start": 0.10000000149011612,
  "clip_end": 150.0,
  "resolution": [
    640,
    640
  ]
}