{
  "viewpoint_id": 11630,
  "glb_path": "data_out/19/472/3043627270437070472.glb",
  "glb_paths": [
    "data_out/19/472/3043627270437070472.glb",
    "data_out/19/473/3043627270437070473.glb",
    "data_out/20/411/30436272704370706411.glb",
    "data_out/20/415/30436272704370706415.glb",
    "data_out/20/417/30436272704370706417.glb",
    "data_out/20/500/30436272704370706500.glb",
    "data_out/20/501/30436272704370706501.glb",
    "data_out/20/502/30436272704370706502.glb",
    "data_out/20/503/30436272704370706503.glb",
    "data_out/20/504/30436272704370706504.glb",
    "data_out/20/505/30436272704370706505.glb",
    "data_out/20/506/30436272704370706506.glb",
    "data_out/20/507/30436272704370706507.glb",
    "data_out/20/510/30436272704370706510.glb",
    "data_out/20/511/30436272704370706511.glb",
    "data_out/20/512/30436272704370706512.glb",
    "data_out/20/513/30436272704370706513.glb",
    "data_out/20/514/30436272704370706514.glb",
    "data_out/20/515/30436272704370706515.glb",
    "data_out/20/516/30436272704370706516.glb",
    "data_out/20/517/30436272704370706517.glb",
    "data_out/20/521/30436272704370706521.glb",
    "data_out/20/525/30436272704370706525.glb",
    "data_out/20/530/30436272704370706530.glb",
    "data_out/20/534/30436272704370706534.glb",
    "data_out/20/400/30436272704370707400.glb",
    "data_out/20/404/30436272704370707404.glb"
  ],
  "camera_pos_blender": [
    1429.98,
    21069.98,
    3358.302197265625
  ],
  "target_pos_blender": [
    1444.9555773032423,
    21069.1243806719,
    3356.502197265625
  ],
  "ground_height_blender": 3356.502197265625,
  "matrix_world": [
    [
      -0.05703125521540642,
      0.11895447969436646,
      -0.9912604093551636,
      1429.97998046875
    ],
    [
      -0.9983724355697632,
      -0.006795182824134827,
      0.05662498623132706,
      21069.98046875
    ],
    [
      0.0,
      0.992876410484314,
      0.11914840340614319,
      3358.30224609375
    ],
    [
      0.0,
      0.0,
      0.0,
      1.0
    ]
  ],
  "camera_fov": 1.2870022058486938,
  "clip_start": 0.10000000149011612,
  "clip_end": 150.0,
  "resolution": [
    640,
    640
  ]
}