{
  "viewpoint_id": 11635,
  "glb_path": "data_out/19/562/3043627270437070562.glb",
  "glb_paths": [
    "data_out/19/562/3043627270437070562.glb",
    "data_out/19/563/3043627270437070563.glb",
    "data_out/20/511/30436272704370706511.glb",
    "data_out/20/513/30436272704370706513.glb",
    "data_out/20/515/30436272704370706515.glb",
    "data_out/20/517/30436272704370706517.glb",
    "data_out/20/400/30436272704370707400.glb",
    "data_out/20/401/30436272704370707401.glb",
    "data_out/20/402/30436272704370707402.glb",
    "data_out/20/403/30436272704370707403.glb",
    "data_out/20/404/30436272704370707404.glb",
    "data_out/20/405/30436272704370707405.glb",
    "data_out/20/406/30436272704370707406.glb",
    "data_out/20/407/30436272704370707407.glb",
    "data_out/20/410/30436272704370707410.glb",
    "data_out/20/411/30436272704370707411.glb",
    "data_out/20/412/30436272704370707412.glb",
    "data_out/20/414/30436272704370707414.glb",
    "data_out/20/415/30436272704370707415.glb",
    "data_out/20/416/30436272704370707416.glb",
    "data_out/20/417/30436272704370707417.glb"
  ],
  "camera_pos_blender": [
    1529.84,
    21064.79,
    3357.839794921875
  ],
  "target_pos_blender": [
    1544.824912772869,
    21064.117401167485,
    3356.039794921875
  ],
  "ground_height_blender": 3356.039794921875,
  "matrix_world": [
    [
      -0.04479154944419861,
      0.11902851611375809,
      -0.9918799996376038,
      1529.8399658203125
    ],
    [
      -0.9989964365959167,
      -0.005336827598512173,
      0.04447247460484505,
      21064.7890625
    ],
    [
      0.0,
      0.9928764700889587,
      0.11914809793233871,
      3357.83984375
    ],
    [
      0.0,
      0.0,
      0.0,
      1.0
    ]
  ],
  "camera_fov": 1.2870022058486938,
  "clip_start": 0.10000000149011612,
  "clip_end": 150.0,
  "resolution": [
    640,
    640
  ]
}