{
  "viewpoint_id": 11638,
  "glb_path": "data_out/19/563/3043627270437070563.glb",
  "glb_paths": [
    "data_out/19/563/3043627270437070563.glb",
    "data_out/19/572/3043627270437070572.glb",
    "data_out/20/401/30436272704370707401.glb",
    "data_out/20/403/30436272704370707403.glb",
    "data_out/20/405/30436272704370707405.glb",
    "data_out/20/407/30436272704370707407.glb",
    "data_out/20/410/30436272704370707410.glb",
    "data_out/20/411/30436272704370707411.glb",
    "data_out/20/412/30436272704370707412.glb",
    "data_out/20/414/30436272704370707414.glb",
    "data_out/20/415/30436272704370707415.glb",
    "data_out/20/416/30436272704370707416.glb",
    "data_out/20/417/30436272704370707417.glb",
    "data_out/20/500/30436272704370707500.glb",
    "data_out/20/501/30436272704370707501.glb",
    "data_out/20/502/30436272704370707502.glb",
    "data_out/20/503/30436272704370707503.glb",
    "data_out/20/504/30436272704370707504.glb",
    "data_out/20/505/30436272704370707505.glb",
    "data_out/20/506/30436272704370707506.glb",
    "data_out/20/507/30436272704370707507.glb",
    "data_out/20/510/30436272704370707510.glb",
    "data_out/20/514/30436272704370707514.glb"
  ],
  "camera_pos_blender": [
    1589.77,
    21061.89,
    3358.137158203125
  ],
  "target_pos_blender": [
    1604.7523469241517,
    21061.162483234308,
    3356.337158203125
  ],
  "ground_height_blender": 3356.337158203125,
  "matrix_world": [
    [
      -0.04856771230697632,
      0.11900778114795685,
      -0.9917047023773193,
      1589.77001953125
    ],
    [
      -0.9988200068473816,
      -0.005786764435470104,
      0.04822172969579697,
      21061.890625
    ],
    [
      0.0,
      0.992876410484314,
      0.119148388504982,
      3358.13720703125
    ],
    [
      0.0,
      0.0,
      0.0,
      1.0
    ]
  ],
  "camera_fov": 1.2870022058486938,
  "clip_start": 0.10000000149011612,
  "clip_end": 150.0,
  "resolution": [
    640,
    640
  ]
}