{
  "viewpoint_id": 11639,
  "glb_path": "data_out/19/563/3043627270437070563.glb",
  "glb_paths": [
    "data_out/19/563/3043627270437070563.glb",
    "data_out/19/572/3043627270437070572.glb",
    "data_out/20/401/30436272704370707401.glb",
    "data_out/20/405/30436272704370707405.glb",
    "data_out/20/410/30436272704370707410.glb",
    "data_out/20/411/30436272704370707411.glb",
    "data_out/20/412/30436272704370707412.glb",
    "data_out/20/414/30436272704370707414.glb",
    "data_out/20/415/30436272704370707415.glb",
    "data_out/20/416/30436272704370707416.glb",
    "data_out/20/417/30436272704370707417.glb",
    "data_out/20/500/30436272704370707500.glb",
    "data_out/20/501/30436272704370707501.glb",
    "data_out/20/502/30436272704370707502.glb",
    "data_out/20/503/30436272704370707503.glb",
    "data_out/20/504/30436272704370707504.glb",
    "data_out/20/505/30436272704370707505.glb",
    "data_out/20/506/30436272704370707506.glb",
    "data_out/20/507/30436272704370707507.glb",
    "data_out/20/510/30436272704370707510.glb",
    "data_out/20/512/30436272704370707512.glb",
    "data_out/20/514/30436272704370707514.glb",
    "data_out/20/516/30436272704370707516.glb"
  ],
  "camera_pos_blender": [
    1609.75,
    21060.920000000002,
    3357.940625
  ],
  "target_pos_blender": [
    1624.7323469241517,
    21060.19248323431,
    3356.140625
  ],
  "ground_height_blender": 3356.140625,
  "matrix_world": [
    [
      -0.048437803983688354,
      0.11900927871465683,
      -0.9917108416557312,
      1609.75
    ],
    [
      -0.9988262057304382,
      -0.005771322641521692,
      0.04809274524450302,
      21060.919921875
    ],
    [
      -4.656613428188905e-10,
      0.9928763508796692,
      0.11914912611246109,
      3357.940673828125
    ],
    [
      0.0,
      0.0,
      0.0,
      1.0
    ]
  ],
  "camera_fov": 1.2870022058486938,
  "clip_start": 0.10000000149011612,
  "clip_end": 150.0,
  "resolution": [
    640,
    640
  ]
}