{
  "viewpoint_id": 11636,
  "glb_path": "data_out/19/562/3043627270437070562.glb",
  "glb_paths": [
    "data_out/19/562/3043627270437070562.glb",
    "data_out/19/563/3043627270437070563.glb",
    "data_out/20/511/30436272704370706511.glb",
    "data_out/20/515/30436272704370706515.glb",
    "data_out/20/400/30436272704370707400.glb",
    "data_out/20/401/30436272704370707401.glb",
    "data_out/20/402/30436272704370707402.glb",
    "data_out/20/403/30436272704370707403.glb",
    "data_out/20/404/30436272704370707404.glb",
    "data_out/20/405/30436272704370707405.glb",
    "data_out/20/406/30436272704370707406.glb",
    "data_out/20/407/30436272704370707407.glb",
    "data_out/20/410/30436272704370707410.glb",
    "data_out/20/411/30436272704370707411.glb",
    "data_out/20/412/30436272704370707412.glb",
    "data_out/20/414/30436272704370707414.glb",
    "data_out/20/415/30436272704370707415.glb",
    "data_out/20/416/30436272704370707416.glb",
    "data_out/20/417/30436272704370707417.glb",
    "data_out/20/500/30436272704370707500.glb",
    "data_out/20/502/30436272704370707502.glb",
    "data_out/20/504/30436272704370707504.glb",
    "data_out/20/506/30436272704370707506.glb"
  ],
  "camera_pos_blender": [
    1549.82,
    21063.83,
    3357.878125
  ],
  "target_pos_blender": [
    1564.8023469241516,
    21063.10248323431,
    3356.078125
  ],
  "ground_height_blender": 3356.078125,
  "matrix_world": [
    [
      -0.04856731370091438,
      0.11900684237480164,
      -0.9917048811912537,
      1549.8199462890625
    ],
    [
      -0.9988199472427368,
      -0.005786670837551355,
      0.048221342265605927,
      21063.830078125
    ],
    [
      0.0,
      0.9928765296936035,
      0.11914744228124619,
      3357.878173828125
    ],
    [
      0.0,
      0.0,
      0.0,
      1.0
    ]
  ],
  "camera_fov": 1.2870022058486938,
  "clip_start": 0.10000000149011612,
  "clip_end": 150.0,
  "resolution": [
    640,
    640
  ]
}