{
  "viewpoint_id": 11647,
  "glb_path": "data_out/19/462/3043627270437071462.glb",
  "glb_paths": [
    "data_out/19/462/3043627270437071462.glb",
    "data_out/19/463/3043627270437071463.glb",
    "data_out/20/511/30436272704370707511.glb",
    "data_out/20/515/30436272704370707515.glb",
    "data_out/20/400/30436272704370716400.glb",
    "data_out/20/401/30436272704370716401.glb",
    "data_out/20/402/30436272704370716402.glb",
    "data_out/20/403/30436272704370716403.glb",
    "data_out/20/404/30436272704370716404.glb",
    "data_out/20/406/30436272704370716406.glb",
    "data_out/20/407/30436272704370716407.glb",
    "data_out/20/410/30436272704370716410.glb",
    "data_out/20/411/30436272704370716411.glb",
    "data_out/20/412/30436272704370716412.glb",
    "data_out/20/414/30436272704370716414.glb",
    "data_out/20/415/30436272704370716415.glb",
    "data_out/20/416/30436272704370716416.glb",
    "data_out/20/417/30436272704370716417.glb",
    "data_out/20/500/30436272704370716500.glb",
    "data_out/20/504/30436272704370716504.glb"
  ],
  "camera_pos_blender": [
    1769.57,
    21053.48,
    3357.8048828125
  ],
  "target_pos_blender": [
    1784.559243188641,
    21052.912031134852,
    3356.0048828125
  ],
  "ground_height_blender": 3356.0048828125,
  "matrix_world": [
    [
      -0.03789055347442627,
      0.1190626248717308,
      -0.9921634793281555,
      1769.5699462890625
    ],
    [
      -0.9992818832397461,
      -0.004514590371400118,
      0.03762063756585121,
      21053.48046875
    ],
    [
      0.0,
      0.9928764700889587,
      0.11914817988872528,
      3357.804931640625
    ],
    [
      0.0,
      0.0,
      0.0,
      1.0
    ]
  ],
  "camera_fov": 1.2870022058486938,
  "clip_start": 0.10000000149011612,
  "clip_end": 150.0,
  "resolution": [
    640,
    640
  ]
}