{
  "viewpoint_id": 11640,
  "glb_path": "data_out/19/563/3043627270437070563.glb",
  "glb_paths": [
    "data_out/19/563/3043627270437070563.glb",
    "data_out/19/572/3043627270437070572.glb",
    "data_out/19/573/3043627270437070573.glb",
    "data_out/20/410/30436272704370707410.glb",
    "data_out/20/411/30436272704370707411.glb",
    "data_out/20/414/30436272704370707414.glb",
    "data_out/20/415/30436272704370707415.glb",
    "data_out/20/417/30436272704370707417.glb",
    "data_out/20/500/30436272704370707500.glb",
    "data_out/20/501/30436272704370707501.glb",
    "data_out/20/502/30436272704370707502.glb",
    "data_out/20/503/30436272704370707503.glb",
    "data_out/20/504/30436272704370707504.glb",
    "data_out/20/505/30436272704370707505.glb",
    "data_out/20/506/30436272704370707506.glb",
    "data_out/20/507/30436272704370707507.glb",
    "data_out/20/510/30436272704370707510.glb",
    "data_out/20/511/30436272704370707511.glb",
    "data_out/20/512/30436272704370707512.glb",
    "data_out/20/514/30436272704370707514.glb",
    "data_out/20/515/30436272704370707515.glb",
    "data_out/20/516/30436272704370707516.glb"
  ],
  "camera_pos_blender": [
    1629.72,
    21059.95,
    3357.836865234375
  ],
  "target_pos_blender": [
    1644.7023469241517,
    21059.22248323431,
    3356.036865234375
  ],
  "ground_height_blender": 3356.036865234375,
  "matrix_world": [
    [
      -0.04843740165233612,
      0.11900831013917923,
      -0.9917111396789551,
      1629.719970703125
    ],
    [
      -0.9988262057304382,
      -0.005771228112280369,
      0.04809236526489258,
      21059.94921875
    ],
    [
      0.0,
      0.9928764700889587,
      0.11914818733930588,
      3357.8369140625
    ],
    [
      0.0,
      0.0,
      0.0,
      1.0
    ]
  ],
  "camera_fov": 1.2870022058486938,
  "clip_start": 0.10000000149011612,
  "clip_end": 150.0,
  "resolution": [
    640,
    640
  ]
}