{
  "viewpoint_id": 11641,
  "glb_path": "data_out/19/572/3043627270437070572.glb",
  "glb_paths": [
    "data_out/19/572/3043627270437070572.glb",
    "data_out/19/573/3043627270437070573.glb",
    "data_out/20/411/30436272704370707411.glb",
    "data_out/20/415/30436272704370707415.glb",
    "data_out/20/417/30436272704370707417.glb",
    "data_out/20/500/30436272704370707500.glb",
    "data_out/20/501/30436272704370707501.glb",
    "data_out/20/502/30436272704370707502.glb",
    "data_out/20/503/30436272704370707503.glb",
    "data_out/20/504/30436272704370707504.glb",
    "data_out/20/505/30436272704370707505.glb",
    "data_out/20/506/30436272704370707506.glb",
    "data_out/20/507/30436272704370707507.glb",
    "data_out/20/510/30436272704370707510.glb",
    "data_out/20/511/30436272704370707511.glb",
    "data_out/20/512/30436272704370707512.glb",
    "data_out/20/513/30436272704370707513.glb",
    "data_out/20/514/30436272704370707514.glb",
    "data_out/20/515/30436272704370707515.glb",
    "data_out/20/516/30436272704370707516.glb",
    "data_out/20/517/30436272704370707517.glb",
    "data_out/20/400/30436272704370716400.glb",
    "data_out/20/404/30436272704370716404.glb"
  ],
  "camera_pos_blender": [
    1649.7,
    21058.98,
    3358.027294921875
  ],
  "target_pos_blender": [
    1664.6823469241517,
    21058.252483234308,
    3356.227294921875
  ],
  "ground_height_blender": 3356.227294921875,
  "matrix_world": [
    [
      -0.04856731370091438,
      0.11900684237480164,
      -0.9917048811912537,
      1649.699951171875
    ],
    [
      -0.9988199472427368,
      -0.005786670837551355,
      0.048221342265605927,
      21058.98046875
    ],
    [
      0.0,
      0.9928765296936035,
      0.11914744228124619,
      3358.02734375
    ],
    [
      0.0,
      0.0,
      0.0,
      1.0
    ]
  ],
  "camera_fov": 1.2870022058486938,
  "clip_start": 0.10000000149011612,
  "clip_end": 150.0,
  "resolution": [
    640,
    640
  ]
}