{
  "viewpoint_id": 11642,
  "glb_path": "data_out/19/572/3043627270437070572.glb",
  "glb_paths": [
    "data_out/19/572/3043627270437070572.glb",
    "data_out/19/573/3043627270437070573.glb",
    "data_out/20/500/30436272704370707500.glb",
    "data_out/20/501/30436272704370707501.glb",
    "data_out/20/502/30436272704370707502.glb",
    "data_out/20/503/30436272704370707503.glb",
    "data_out/20/504/30436272704370707504.glb",
    "data_out/20/505/30436272704370707505.glb",
    "data_out/20/506/30436272704370707506.glb",
    "data_out/20/507/30436272704370707507.glb",
    "data_out/20/510/30436272704370707510.glb",
    "data_out/20/511/30436272704370707511.glb",
    "data_out/20/512/30436272704370707512.glb",
    "data_out/20/513/30436272704370707513.glb",
    "data_out/20/514/30436272704370707514.glb",
    "data_out/20/515/30436272704370707515.glb",
    "data_out/20/516/30436272704370707516.glb",
    "data_out/20/517/30436272704370707517.glb",
    "data_out/20/400/30436272704370716400.glb",
    "data_out/20/402/30436272704370716402.glb",
    "data_out/20/404/30436272704370716404.glb",
    "data_out/20/406/30436272704370716406.glb"
  ],
  "camera_pos_blender": [
    1669.68,
    21058.010000000002,
    3357.97431640625
  ],
  "target_pos_blender": [
    1684.6623469241517,
    21057.28248323431,
    3356.17431640625
  ],
  "ground_height_blender": 3356.17431640625,
  "matrix_world": [
    [
      -0.048437803983688354,
      0.11900927871465683,
      -0.9917108416557312,
      1669.6800537109375
    ],
    [
      -0.9988262057304382,
      -0.005771322641521692,
      0.04809274524450302,
      21058.009765625
    ],
    [
      -4.656613428188905e-10,
      0.9928763508796692,
      0.11914912611246109,
      3357.974365234375
    ],
    [
      0.0,
      0.0,
      0.0,
      1.0
    ]
  ],
  "camera_fov": 1.2870022058486938,
  "clip_start": 0.10000000149011612,
  "clip_end": 150.0,
  "resolution": [
    640,
    640
  ]
}