{
  "viewpoint_id": 11656,
  "glb_path": "data_out/19/572/3043627270437070572.glb",
  "glb_paths": [
    "data_out/19/572/3043627270437070572.glb",
    "data_out/19/573/3043627270437070573.glb",
    "data_out/20/411/30436272704370707411.glb",
    "data_out/20/415/30436272704370707415.glb",
    "data_out/20/500/30436272704370707500.glb",
    "data_out/20/501/30436272704370707501.glb",
    "data_out/20/502/30436272704370707502.glb",
    "data_out/20/503/30436272704370707503.glb",
    "data_out/20/504/30436272704370707504.glb",
    "data_out/20/505/30436272704370707505.glb",
    "data_out/20/506/30436272704370707506.glb",
    "data_out/20/507/30436272704370707507.glb",
    "data_out/20/510/30436272704370707510.glb",
    "data_out/20/511/30436272704370707511.glb",
    "data_out/20/512/30436272704370707512.glb",
    "data_out/20/513/30436272704370707513.glb",
    "data_out/20/514/30436272704370707514.glb",
    "data_out/20/515/30436272704370707515.glb",
    "data_out/20/516/30436272704370707516.glb",
    "data_out/20/517/30436272704370707517.glb",
    "data_out/20/521/30436272704370707521.glb",
    "data_out/20/525/30436272704370707525.glb",
    "data_out/20/530/30436272704370707530.glb",
    "data_out/20/534/30436272704370707534.glb",
    "data_out/20/400/30436272704370716400.glb",
    "data_out/20/402/30436272704370716402.glb",
    "data_out/20/404/30436272704370716404.glb",
    "data_out/20/406/30436272704370716406.glb"
  ],
  "camera_pos_blender": [
    1665.69,
    21075.54,
    3357.89423828125
  ],
  "target_pos_blender": [
    1650.7018748568294,
    21076.136745081803,
    3356.09423828125
  ],
  "ground_height_blender": 3356.09423828125,
  "matrix_world": [
    [
      0.039843883365392685,
      -0.11905421316623688,
      0.9920880794525146,
      1665.68994140625
    ],
    [
      0.9992059469223022,
      0.004747351631522179,
      -0.03956005722284317,
      21075.5390625
    ],
    [
      4.6566123179658803e-10,
      0.992876410484314,
      0.11914882063865662,
      3357.894287109375
    ],
    [
      0.0,
      0.0,
      0.0,
      1.0
    ]
  ],
  "camera_fov": 1.2870022058486938,
  "clip_start": 0.10000000149011612,
  "clip_end": 150.0,
  "resolution": [
    640,
    640
  ]
}