{
  "viewpoint_id": 11652,
  "glb_path": "data_out/19/462/3043627270437071462.glb",
  "glb_paths": [
    "data_out/19/462/3043627270437071462.glb",
    "data_out/19/463/3043627270437071463.glb",
    "data_out/20/510/30436272704370707510.glb",
    "data_out/20/511/30436272704370707511.glb",
    "data_out/20/513/30436272704370707513.glb",
    "data_out/20/514/30436272704370707514.glb",
    "data_out/20/515/30436272704370707515.glb",
    "data_out/20/517/30436272704370707517.glb",
    "data_out/20/400/30436272704370716400.glb",
    "data_out/20/401/30436272704370716401.glb",
    "data_out/20/402/30436272704370716402.glb",
    "data_out/20/403/30436272704370716403.glb",
    "data_out/20/404/30436272704370716404.glb",
    "data_out/20/406/30436272704370716406.glb",
    "data_out/20/407/30436272704370716407.glb",
    "data_out/20/410/30436272704370716410.glb",
    "data_out/20/411/30436272704370716411.glb",
    "data_out/20/412/30436272704370716412.glb",
    "data_out/20/414/30436272704370716414.glb",
    "data_out/20/415/30436272704370716415.glb",
    "data_out/20/416/30436272704370716416.glb",
    "data_out/20/417/30436272704370716417.glb",
    "data_out/20/421/30436272704370716421.glb",
    "data_out/20/425/30436272704370716425.glb",
    "data_out/20/430/30436272704370716430.glb",
    "data_out/20/434/30436272704370716434.glb"
  ],
  "camera_pos_blender": [
    1745.63,
    21072.47,
    3357.6349609375
  ],
  "target_pos_blender": [
    1730.637484056039,
    21072.94377808104,
    3355.8349609375
  ],
  "ground_height_blender": 3355.8349609375,
  "matrix_world": [
    [
      0.03151041269302368,
      -0.11908921599388123,
      0.9923834204673767,
      1745.6300048828125
    ],
    [
      0.999503493309021,
      0.0037544146180152893,
      -0.03128594532608986,
      21072.470703125
    ],
    [
      -2.3283067140944524e-10,
      0.992876410484314,
      0.119148388504982,
      3357.635009765625
    ],
    [
      0.0,
      0.0,
      0.0,
      1.0
    ]
  ],
  "camera_fov": 1.2870022058486938,
  "clip_start": 0.10000000149011612,
  "clip_end": 150.0,
  "resolution": [
    640,
    640
  ]
}