{
  "viewpoint_id": 11673,
  "glb_path": "data_out/20/511/30436272704370617511.glb",
  "glb_paths": [
    "data_out/20/511/30436272704370617511.glb",
    "data_out/20/513/30436272704370617513.glb",
    "data_out/20/515/30436272704370617515.glb",
    "data_out/20/517/30436272704370617517.glb",
    "data_out/20/400/30436272704370706400.glb",
    "data_out/20/401/30436272704370706401.glb",
    "data_out/20/402/30436272704370706402.glb",
    "data_out/20/403/30436272704370706403.glb",
    "data_out/20/404/30436272704370706404.glb",
    "data_out/20/405/30436272704370706405.glb",
    "data_out/20/406/30436272704370706406.glb",
    "data_out/20/407/30436272704370706407.glb",
    "data_out/20/410/30436272704370706410.glb",
    "data_out/20/411/30436272704370706411.glb",
    "data_out/20/412/30436272704370706412.glb",
    "data_out/20/414/30436272704370706414.glb",
    "data_out/20/415/30436272704370706415.glb",
    "data_out/20/416/30436272704370706416.glb",
    "data_out/20/417/30436272704370706417.glb",
    "data_out/20/420/30436272704370706420.glb",
    "data_out/20/421/30436272704370706421.glb",
    "data_out/20/424/30436272704370706424.glb",
    "data_out/20/425/30436272704370706425.glb",
    "data_out/20/430/30436272704370706430.glb",
    "data_out/20/431/30436272704370706431.glb",
    "data_out/20/434/30436272704370706434.glb",
    "data_out/20/435/30436272704370706435.glb",
    "data_out/20/440/30436272704370706440.glb",
    "data_out/20/500/30436272704370706500.glb",
    "data_out/20/502/30436272704370706502.glb",
    "data_out/20/504/30436272704370706504.glb",
    "data_out/20/506/30436272704370706506.glb"
  ],
  "camera_pos_blender": [
    1326.27,
    21094.33,
    3358.260205078125
  ],
  "target_pos_blender": [
    1311.4469750200562,
    21096.62737468515,
    3356.460205078125
  ],
  "ground_height_blender": 3356.460205078125,
  "matrix_world": [
    [
      0.153126060962677,
      -0.11774403601884842,
      0.9811670184135437,
      1326.27001953125
    ],
    [
      0.9882067441940308,
      0.018244847655296326,
      -0.15203523635864258,
      21094.330078125
    ],
    [
      -1.862645371275562e-09,
      0.9928763508796692,
      0.11914920806884766,
      3358.26025390625
    ],
    [
      0.0,
      0.0,
      0.0,
      1.0
    ]
  ],
  "camera_fov": 1.2870022058486938,
  "clip_start": 0.10000000149011612,
  "clip_end": 150.0,
  "resolution": [
    640,
    640
  ]
}