{
  "viewpoint_id": 11674,
  "glb_path": "data_out/20/511/30436272704370617511.glb",
  "glb_paths": [
    "data_out/20/511/30436272704370617511.glb",
    "data_out/20/512/30436272704370617512.glb",
    "data_out/20/513/30436272704370617513.glb",
    "data_out/20/515/30436272704370617515.glb",
    "data_out/20/516/30436272704370617516.glb",
    "data_out/20/517/30436272704370617517.glb",
    "data_out/20/400/30436272704370706400.glb",
    "data_out/20/401/30436272704370706401.glb",
    "data_out/20/402/30436272704370706402.glb",
    "data_out/20/403/30436272704370706403.glb",
    "data_out/20/404/30436272704370706404.glb",
    "data_out/20/405/30436272704370706405.glb",
    "data_out/20/406/30436272704370706406.glb",
    "data_out/20/407/30436272704370706407.glb",
    "data_out/20/410/30436272704370706410.glb",
    "data_out/20/411/30436272704370706411.glb",
    "data_out/20/412/30436272704370706412.glb",
    "data_out/20/414/30436272704370706414.glb",
    "data_out/20/415/30436272704370706415.glb",
    "data_out/20/416/30436272704370706416.glb",
    "data_out/20/417/30436272704370706417.glb",
    "data_out/20/420/30436272704370706420.glb",
    "data_out/20/421/30436272704370706421.glb",
    "data_out/20/424/30436272704370706424.glb",
    "data_out/20/425/30436272704370706425.glb",
    "data_out/20/430/30436272704370706430.glb",
    "data_out/20/431/30436272704370706431.glb",
    "data_out/20/434/30436272704370706434.glb",
    "data_out/20/435/30436272704370706435.glb",
    "data_out/20/440/30436272704370706440.glb"
  ],
  "camera_pos_blender": [
    1306.62,
    21098.02,
    3358.2931640625
  ],
  "target_pos_blender": [
    1291.9461550657015,
    21101.130992581824,
    3356.4931640625
  ],
  "ground_height_blender": 3356.4931640625,
  "matrix_world": [
    [
      0.20742113888263702,
      -0.11655673384666443,
      0.9712831377983093,
      1306.6199951171875
    ],
    [
      0.9782517552375793,
      0.02471381425857544,
      -0.20594356954097748,
      21098.01953125
    ],
    [
      -1.862645149230957e-09,
      0.9928765296936035,
      0.11914798617362976,
      3358.293212890625
    ],
    [
      0.0,
      0.0,
      0.0,
      1.0
    ]
  ],
  "camera_fov": 1.2870022058486938,
  "clip_start": 0.10000000149011612,
  "clip_end": 150.0,
  "resolution": [
    640,
    640
  ]
}