{
  "viewpoint_id": 11675,
  "glb_path": "data_out/20/510/30436272704370617510.glb",
  "glb_paths": [
    "data_out/20/510/30436272704370617510.glb",
    "data_out/20/511/30436272704370617511.glb",
    "data_out/20/512/30436272704370617512.glb",
    "data_out/20/513/30436272704370617513.glb",
    "data_out/20/514/30436272704370617514.glb",
    "data_out/20/515/30436272704370617515.glb",
    "data_out/20/516/30436272704370617516.glb",
    "data_out/20/517/30436272704370617517.glb",
    "data_out/20/530/30436272704370617530.glb",
    "data_out/20/534/30436272704370617534.glb",
    "data_out/20/570/30436272704370617570.glb",
    "data_out/20/400/30436272704370706400.glb",
    "data_out/20/401/30436272704370706401.glb",
    "data_out/20/402/30436272704370706402.glb",
    "data_out/20/403/30436272704370706403.glb",
    "data_out/20/404/30436272704370706404.glb",
    "data_out/20/405/30436272704370706405.glb",
    "data_out/20/406/30436272704370706406.glb",
    "data_out/20/407/30436272704370706407.glb",
    "data_out/20/410/30436272704370706410.glb",
    "data_out/20/412/30436272704370706412.glb",
    "data_out/20/414/30436272704370706414.glb",
    "data_out/20/416/30436272704370706416.glb",
    "data_out/20/420/30436272704370706420.glb",
    "data_out/20/421/30436272704370706421.glb",
    "data_out/20/424/30436272704370706424.glb",
    "data_out/20/425/30436272704370706425.glb",
    "data_out/20/430/30436272704370706430.glb",
    "data_out/20/434/30436272704370706434.glb",
    "data_out/20/440/30436272704370706440.glb"
  ],
  "camera_pos_blender": [
    1287.15,
    21102.59,
    3358.27314453125
  ],
  "target_pos_blender": [
    1272.632384684523,
    21106.363439485645,
    3356.47314453125
  ],
  "ground_height_blender": 3356.47314453125,
  "matrix_world": [
    [
      0.25156113505363464,
      -0.11531614512205124,
      0.9609469771385193,
      1287.1500244140625
    ],
    [
      0.9678414463996887,
      0.029972948133945465,
      -0.24976913630962372,
      21102.58984375
    ],
    [
      0.0,
      0.9928765296936035,
      0.11914776265621185,
      3358.273193359375
    ],
    [
      0.0,
      0.0,
      0.0,
      1.0
    ]
  ],
  "camera_fov": 1.2870022058486938,
  "clip_start": 0.10000000149011612,
  "clip_end": 150.0,
  "resolution": [
    640,
    640
  ]
}