{
  "viewpoint_id": 11670,
  "glb_path": "data_out/20/401/30436272704370706401.glb",
  "glb_paths": [
    "data_out/20/401/30436272704370706401.glb",
    "data_out/20/403/30436272704370706403.glb",
    "data_out/20/405/30436272704370706405.glb",
    "data_out/20/407/30436272704370706407.glb",
    "data_out/20/410/30436272704370706410.glb",
    "data_out/20/411/30436272704370706411.glb",
    "data_out/20/412/30436272704370706412.glb",
    "data_out/20/414/30436272704370706414.glb",
    "data_out/20/415/30436272704370706415.glb",
    "data_out/20/416/30436272704370706416.glb",
    "data_out/20/417/30436272704370706417.glb",
    "data_out/20/430/30436272704370706430.glb",
    "data_out/20/431/30436272704370706431.glb",
    "data_out/20/434/30436272704370706434.glb",
    "data_out/20/435/30436272704370706435.glb",
    "data_out/20/500/30436272704370706500.glb",
    "data_out/20/501/30436272704370706501.glb",
    "data_out/20/502/30436272704370706502.glb",
    "data_out/20/503/30436272704370706503.glb",
    "data_out/20/504/30436272704370706504.glb",
    "data_out/20/505/30436272704370706505.glb",
    "data_out/20/506/30436272704370706506.glb",
    "data_out/20/507/30436272704370706507.glb",
    "data_out/20/510/30436272704370706510.glb",
    "data_out/20/512/30436272704370706512.glb",
    "data_out/20/514/30436272704370706514.glb",
    "data_out/20/516/30436272704370706516.glb",
    "data_out/20/520/30436272704370706520.glb",
    "data_out/20/521/30436272704370706521.glb",
    "data_out/20/524/30436272704370706524.glb",
    "data_out/20/525/30436272704370706525.glb"
  ],
  "camera_pos_blender": [
    1386.04,
    21089.37,
    3358.24775390625
  ],
  "target_pos_blender": [
    1371.067500601918,
    21090.27788863548,
    3356.44775390625
  ],
  "ground_height_blender": 3356.44775390625,
  "matrix_world": [
    [
      0.06054666265845299,
      -0.11892940104007721,
      0.9910549521446228,
      1386.0400390625
    ],
    [
      0.9981653690338135,
      0.007214013021439314,
      -0.060115355998277664,
      21089.369140625
    ],
    [
      -4.656612873077393e-10,
      0.9928765296936035,
      0.11914798617362976,
      3358.247802734375
    ],
    [
      0.0,
      0.0,
      0.0,
      1.0
    ]
  ],
  "camera_fov": 1.2870022058486938,
  "clip_start": 0.10000000149011612,
  "clip_end": 150.0,
  "resolution": [
    640,
    640
  ]
}