{
  "viewpoint_id": 11672,
  "glb_path": "data_out/20/400/30436272704370706400.glb",
  "glb_paths": [
    "data_out/20/400/30436272704370706400.glb",
    "data_out/20/401/30436272704370706401.glb",
    "data_out/20/402/30436272704370706402.glb",
    "data_out/20/403/30436272704370706403.glb",
    "data_out/20/404/30436272704370706404.glb",
    "data_out/20/405/30436272704370706405.glb",
    "data_out/20/406/30436272704370706406.glb",
    "data_out/20/407/30436272704370706407.glb",
    "data_out/20/410/30436272704370706410.glb",
    "data_out/20/411/30436272704370706411.glb",
    "data_out/20/412/30436272704370706412.glb",
    "data_out/20/414/30436272704370706414.glb",
    "data_out/20/415/30436272704370706415.glb",
    "data_out/20/416/30436272704370706416.glb",
    "data_out/20/417/30436272704370706417.glb",
    "data_out/20/421/30436272704370706421.glb",
    "data_out/20/425/30436272704370706425.glb",
    "data_out/20/430/30436272704370706430.glb",
    "data_out/20/431/30436272704370706431.glb",
    "data_out/20/434/30436272704370706434.glb",
    "data_out/20/435/30436272704370706435.glb",
    "data_out/20/440/30436272704370706440.glb",
    "data_out/20/500/30436272704370706500.glb",
    "data_out/20/501/30436272704370706501.glb",
    "data_out/20/502/30436272704370706502.glb",
    "data_out/20/503/30436272704370706503.glb",
    "data_out/20/504/30436272704370706504.glb",
    "data_out/20/505/30436272704370706505.glb",
    "data_out/20/506/30436272704370706506.glb",
    "data_out/20/507/30436272704370706507.glb",
    "data_out/20/520/30436272704370706520.glb",
    "data_out/20/524/30436272704370706524.glb"
  ],
  "camera_pos_blender": [
    1346.13,
    21092.12,
    3358.341015625
  ],
  "target_pos_blender": [
    1331.1766517158946,
    21093.302106211064,
    3356.541015625
  ],
  "ground_height_blender": 3356.541015625,
  "matrix_world": [
    [
      0.07890553027391434,
      -0.11877582967281342,
      0.9897809624671936,
      1346.1300048828125
    ],
    [
      0.9968822002410889,
      0.009401381015777588,
      -0.0783434510231018,
      21092.119140625
    ],
    [
      9.31322685637781e-10,
      0.9928765296936035,
      0.11914733052253723,
      3358.341064453125
    ],
    [
      0.0,
      0.0,
      0.0,
      1.0
    ]
  ],
  "camera_fov": 1.2870022058486938,
  "clip_start": 0.10000000149011612,
  "clip_end": 150.0,
  "resolution": [
    640,
    640
  ]
}