{
  "viewpoint_id": 11677,
  "glb_path": "data_out/20/501/30436272704370617501.glb",
  "glb_paths": [
    "data_out/20/501/30436272704370617501.glb",
    "data_out/20/502/30436272704370617502.glb",
    "data_out/20/503/30436272704370617503.glb",
    "data_out/20/505/30436272704370617505.glb",
    "data_out/20/506/30436272704370617506.glb",
    "data_out/20/507/30436272704370617507.glb",
    "data_out/20/510/30436272704370617510.glb",
    "data_out/20/511/30436272704370617511.glb",
    "data_out/20/512/30436272704370617512.glb",
    "data_out/20/513/30436272704370617513.glb",
    "data_out/20/514/30436272704370617514.glb",
    "data_out/20/515/30436272704370617515.glb",
    "data_out/20/516/30436272704370617516.glb",
    "data_out/20/517/30436272704370617517.glb",
    "data_out/20/520/30436272704370617520.glb",
    "data_out/20/521/30436272704370617521.glb",
    "data_out/20/524/30436272704370617524.glb",
    "data_out/20/525/30436272704370617525.glb",
    "data_out/20/530/30436272704370617530.glb",
    "data_out/20/532/30436272704370617532.glb",
    "data_out/20/533/30436272704370617533.glb",
    "data_out/20/534/30436272704370617534.glb",
    "data_out/20/536/30436272704370617536.glb",
    "data_out/20/537/30436272704370617537.glb",
    "data_out/20/560/30436272704370617560.glb",
    "data_out/20/570/30436272704370617570.glb",
    "data_out/20/572/30436272704370617572.glb",
    "data_out/20/573/30436272704370617573.glb",
    "data_out/20/400/30436272704370706400.glb",
    "data_out/20/401/30436272704370706401.glb",
    "data_out/20/402/30436272704370706402.glb",
    "data_out/20/403/30436272704370706403.glb",
    "data_out/20/404/30436272704370706404.glb",
    "data_out/20/405/30436272704370706405.glb",
    "data_out/20/406/30436272704370706406.glb",
    "data_out/20/407/30436272704370706407.glb",
    "data_out/20/420/30436272704370706420.glb",
    "data_out/20/421/30436272704370706421.glb",
    "data_out/20/424/30436272704370706424.glb",
    "data_out/20/425/30436272704370706425.glb",
    "data_out/20/440/30436272704370706440.glb"
  ],
  "camera_pos_blender": [
    1248.44,
    21112.670000000002,
    3358.326123046875
  ],
  "target_pos_blender": [
    1233.9256831591604,
    21116.456107056558,
    3356.526123046875
  ],
  "ground_height_blender": 3356.526123046875,
  "matrix_world": [
    [
      0.2524702847003937,
      -0.11528690159320831,
      0.9607120752334595,
      1248.43994140625
    ],
    [
      0.9676046967506409,
      0.030081000179052353,
      -0.2506718337535858,
      21112.669921875
    ],
    [
      0.0,
      0.9928767085075378,
      0.1191466897726059,
      3358.326171875
    ],
    [
      0.0,
      0.0,
      0.0,
      1.0
    ]
  ],
  "camera_fov": 1.2870022058486938,
  "clip_start": 0.10000000149011612,
  "clip_end": 150.0,
  "resolution": [
    640,
    640
  ]
}