{
  "viewpoint_id": 11765,
  "glb_path": "data_out/20/531/30436272704370606531.glb",
  "glb_paths": [
    "data_out/20/531/30436272704370606531.glb",
    "data_out/20/533/30436272704370606533.glb",
    "data_out/20/535/30436272704370606535.glb",
    "data_out/20/537/30436272704370606537.glb",
    "data_out/20/573/30436272704370606573.glb",
    "data_out/20/711/30436272704370606711.glb",
    "data_out/20/715/30436272704370606715.glb",
    "data_out/20/751/30436272704370606751.glb",
    "data_out/20/402/30436272704370607402.glb",
    "data_out/20/403/30436272704370607403.glb",
    "data_out/20/406/30436272704370607406.glb",
    "data_out/20/407/30436272704370607407.glb",
    "data_out/20/412/30436272704370607412.glb",
    "data_out/20/416/30436272704370607416.glb",
    "data_out/20/420/30436272704370607420.glb",
    "data_out/20/421/30436272704370607421.glb",
    "data_out/20/422/30436272704370607422.glb",
    "data_out/20/423/30436272704370607423.glb",
    "data_out/20/424/30436272704370607424.glb",
    "data_out/20/425/30436272704370607425.glb",
    "data_out/20/426/30436272704370607426.glb",
    "data_out/20/427/30436272704370607427.glb",
    "data_out/20/430/30436272704370607430.glb",
    "data_out/20/431/30436272704370607431.glb",
    "data_out/20/432/30436272704370607432.glb",
    "data_out/20/433/30436272704370607433.glb",
    "data_out/20/434/30436272704370607434.glb",
    "data_out/20/435/30436272704370607435.glb",
    "data_out/20/436/30436272704370607436.glb",
    "data_out/20/437/30436272704370607437.glb",
    "data_out/20/462/30436272704370607462.glb",
    "data_out/20/600/30436272704370607600.glb",
    "data_out/20/601/30436272704370607601.glb",
    "data_out/20/604/30436272704370607604.glb",
    "data_out/20/605/30436272704370607605.glb",
    "data_out/20/610/30436272704370607610.glb",
    "data_out/20/611/30436272704370607611.glb",
    "data_out/20/614/30436272704370607614.glb",
    "data_out/20/615/30436272704370607615.glb",
    "data_out/20/640/30436272704370607640.glb"
  ],
  "camera_pos_blender": [
    656.9,
    21171.97,
    3358.237255859375
  ],
  "target_pos_blender": [
    642.0070729539242,
    21173.759056734783,
    3356.437255859375
  ],
  "ground_height_blender": 3356.437255859375,
  "matrix_world": [
    [
      0.1192707046866417,
      -0.1182977706193924,
      0.9857891201972961,
      656.9000244140625
    ],
    [
      0.992861807346344,
      0.01421089842915535,
      -0.11842107027769089,
      21171.970703125
    ],
    [
      -9.313225746154785e-10,
      0.9928765296936035,
      0.11914826929569244,
      3358.2373046875
    ],
    [
      0.0,
      0.0,
      0.0,
      1.0
    ]
  ],
  "camera_fov": 1.2870022058486938,
  "clip_start": 0.10000000149011612,
  "clip_end": 150.0,
  "resolution": [
    640,
    640
  ]
}