{
  "viewpoint_id": 12085,
  "glb_path": "data_out/19/647/3043627270437060647.glb",
  "glb_paths": [
    "data_out/19/647/3043627270437060647.glb",
    "data_out/20/433/30436272704370606433.glb",
    "data_out/20/437/30436272704370606437.glb",
    "data_out/20/502/30436272704370606502.glb",
    "data_out/20/503/30436272704370606503.glb",
    "data_out/20/506/30436272704370606506.glb",
    "data_out/20/507/30436272704370606507.glb",
    "data_out/20/512/30436272704370606512.glb",
    "data_out/20/516/30436272704370606516.glb",
    "data_out/20/520/30436272704370606520.glb",
    "data_out/20/521/30436272704370606521.glb",
    "data_out/20/522/30436272704370606522.glb",
    "data_out/20/523/30436272704370606523.glb",
    "data_out/20/524/30436272704370606524.glb",
    "data_out/20/525/30436272704370606525.glb",
    "data_out/20/526/30436272704370606526.glb",
    "data_out/20/527/30436272704370606527.glb",
    "data_out/20/530/30436272704370606530.glb",
    "data_out/20/531/30436272704370606531.glb",
    "data_out/20/532/30436272704370606532.glb",
    "data_out/20/533/30436272704370606533.glb",
    "data_out/20/534/30436272704370606534.glb",
    "data_out/20/535/30436272704370606535.glb",
    "data_out/20/536/30436272704370606536.glb",
    "data_out/20/537/30436272704370606537.glb",
    "data_out/20/573/30436272704370606573.glb",
    "data_out/20/611/30436272704370606611.glb",
    "data_out/20/615/30436272704370606615.glb",
    "data_out/20/700/30436272704370606700.glb",
    "data_out/20/701/30436272704370606701.glb",
    "data_out/20/704/30436272704370606704.glb",
    "data_out/20/705/30436272704370606705.glb",
    "data_out/20/710/30436272704370606710.glb",
    "data_out/20/711/30436272704370606711.glb",
    "data_out/20/714/30436272704370606714.glb",
    "data_out/20/715/30436272704370606715.glb",
    "data_out/20/751/30436272704370606751.glb"
  ],
  "camera_pos_blender": [
    549.16,
    21170.07,
    3358.2697265625
  ],
  "target_pos_blender": [
    563.8456820872688,
    21167.0153737329,
    3356.4697265625
  ],
  "ground_height_blender": 3356.4697265625,
  "matrix_world": [
    [
      -0.2036450356245041,
      0.11665116995573044,
      -0.9720706343650818,
      549.1599731445312
    ],
    [
      -0.9790448546409607,
      -0.024263886734843254,
      0.20219437777996063,
      21170.0703125
    ],
    [
      -1.862645149230957e-09,
      0.9928765296936035,
      0.11914794892072678,
      3358.269775390625
    ],
    [
      0.0,
      0.0,
      0.0,
      1.0
    ]
  ],
  "camera_fov": 1.2870022058486938,
  "clip_start": 0.10000000149011612,
  "clip_end": 150.0,
  "resolution": [
    640,
    640
  ]
}