{
  "viewpoint_id": 12128,
  "glb_path": "data_out/20/403/30436272704370617403.glb",
  "glb_paths": [
    "data_out/20/403/30436272704370617403.glb",
    "data_out/20/407/30436272704370617407.glb",
    "data_out/20/410/30436272704370617410.glb",
    "data_out/20/411/30436272704370617411.glb",
    "data_out/20/412/30436272704370617412.glb",
    "data_out/20/414/30436272704370617414.glb",
    "data_out/20/415/30436272704370617415.glb",
    "data_out/20/416/30436272704370617416.glb",
    "data_out/20/417/30436272704370617417.glb",
    "data_out/20/421/30436272704370617421.glb",
    "data_out/20/425/30436272704370617425.glb",
    "data_out/20/430/30436272704370617430.glb",
    "data_out/20/431/30436272704370617431.glb",
    "data_out/20/432/30436272704370617432.glb",
    "data_out/20/433/30436272704370617433.glb",
    "data_out/20/434/30436272704370617434.glb",
    "data_out/20/435/30436272704370617435.glb",
    "data_out/20/436/30436272704370617436.glb",
    "data_out/20/437/30436272704370617437.glb",
    "data_out/20/450/30436272704370617450.glb",
    "data_out/20/451/30436272704370617451.glb",
    "data_out/20/471/30436272704370617471.glb",
    "data_out/20/473/30436272704370617473.glb",
    "data_out/20/500/30436272704370617500.glb",
    "data_out/20/501/30436272704370617501.glb",
    "data_out/20/502/30436272704370617502.glb",
    "data_out/20/503/30436272704370617503.glb",
    "data_out/20/504/30436272704370617504.glb",
    "data_out/20/505/30436272704370617505.glb",
    "data_out/20/506/30436272704370617506.glb",
    "data_out/20/507/30436272704370617507.glb",
    "data_out/20/512/30436272704370617512.glb",
    "data_out/20/516/30436272704370617516.glb",
    "data_out/20/520/30436272704370617520.glb",
    "data_out/20/521/30436272704370617521.glb",
    "data_out/20/522/30436272704370617522.glb",
    "data_out/20/523/30436272704370617523.glb",
    "data_out/20/524/30436272704370617524.glb",
    "data_out/20/525/30436272704370617525.glb",
    "data_out/20/526/30436272704370617526.glb",
    "data_out/20/527/30436272704370617527.glb",
    "data_out/20/530/30436272704370617530.glb",
    "data_out/20/534/30436272704370617534.glb",
    "data_out/20/560/30436272704370617560.glb",
    "data_out/20/562/30436272704370617562.glb",
    "data_out/20/570/30436272704370617570.glb"
  ],
  "camera_pos_blender": [
    1164.74,
    21124.54,
    3358.17548828125
  ],
  "target_pos_blender": [
    1149.9504962687618,
    21122.035887505783,
    3356.37548828125
  ],
  "ground_height_blender": 3356.37548828125,
  "matrix_world": [
    [
      -0.16692695021629333,
      -0.11747656762599945,
      0.9789456725120544,
      1164.739990234375
    ],
    [
      0.9859693050384521,
      -0.019889064133167267,
      0.1657378375530243,
      21124.5390625
    ],
    [
      1.862645371275562e-09,
      0.992876410484314,
      0.11914831399917603,
      3358.175537109375
    ],
    [
      0.0,
      0.0,
      0.0,
      1.0
    ]
  ],
  "camera_fov": 1.2870022058486938,
  "clip_start": 0.10000000149011612,
  "clip_end": 150.0,
  "resolution": [
    640,
    640
  ]
}