{
  "viewpoint_id": 12186,
  "glb_path": "data_out/20/433/30436272704370606433.glb",
  "glb_paths": [
    "data_out/20/433/30436272704370606433.glb",
    "data_out/20/437/30436272704370606437.glb",
    "data_out/20/503/30436272704370606503.glb",
    "data_out/20/507/30436272704370606507.glb",
    "data_out/20/512/30436272704370606512.glb",
    "data_out/20/516/30436272704370606516.glb",
    "data_out/20/520/30436272704370606520.glb",
    "data_out/20/521/30436272704370606521.glb",
    "data_out/20/522/30436272704370606522.glb",
    "data_out/20/523/30436272704370606523.glb",
    "data_out/20/524/30436272704370606524.glb",
    "data_out/20/525/30436272704370606525.glb",
    "data_out/20/526/30436272704370606526.glb",
    "data_out/20/527/30436272704370606527.glb",
    "data_out/20/530/30436272704370606530.glb",
    "data_out/20/531/30436272704370606531.glb",
    "data_out/20/532/30436272704370606532.glb",
    "data_out/20/533/30436272704370606533.glb",
    "data_out/20/534/30436272704370606534.glb",
    "data_out/20/535/30436272704370606535.glb",
    "data_out/20/536/30436272704370606536.glb",
    "data_out/20/537/30436272704370606537.glb",
    "data_out/20/573/30436272704370606573.glb",
    "data_out/20/700/30436272704370606700.glb",
    "data_out/20/701/30436272704370606701.glb",
    "data_out/20/704/30436272704370606704.glb",
    "data_out/20/705/30436272704370606705.glb",
    "data_out/20/710/30436272704370606710.glb",
    "data_out/20/711/30436272704370606711.glb",
    "data_out/20/712/30436272704370606712.glb",
    "data_out/20/714/30436272704370606714.glb",
    "data_out/20/715/30436272704370606715.glb",
    "data_out/20/716/30436272704370606716.glb",
    "data_out/20/751/30436272704370606751.glb",
    "data_out/20/420/30436272704370607420.glb",
    "data_out/20/422/30436272704370607422.glb",
    "data_out/20/424/30436272704370607424.glb",
    "data_out/20/426/30436272704370607426.glb",
    "data_out/20/462/30436272704370607462.glb",
    "data_out/20/600/30436272704370607600.glb",
    "data_out/20/604/30436272704370607604.glb",
    "data_out/20/640/30436272704370607640.glb"
  ],
  "camera_pos_blender": [
    572.69,
    21182.37,
    3358.218701171875
  ],
  "target_pos_blender": [
    557.8089366301922,
    21184.25519308925,
    3356.418701171875
  ],
  "ground_height_blender": 3356.418701171875,
  "matrix_world": [
    [
      0.12577982246875763,
      -0.11820082366466522,
      0.9849914312362671,
      572.6900024414062
    ],
    [
      0.9920582175254822,
      0.014986296184360981,
      -0.12488384544849396,
      21182.369140625
    ],
    [
      0.0,
      0.9928765892982483,
      0.11914707720279694,
      3358.21875
    ],
    [
      0.0,
      0.0,
      0.0,
      1.0
    ]
  ],
  "camera_fov": 1.2870022058486938,
  "clip_start": 0.10000000149011612,
  "clip_end": 150.0,
  "resolution": [
    640,
    640
  ]
}