{
  "viewpoint_id": 13817,
  "glb_path": "data_out/20/532/30436272704361634532.glb",
  "glb_paths": [
    "data_out/20/532/30436272704361634532.glb",
    "data_out/20/533/30436272704361634533.glb",
    "data_out/20/536/30436272704361634536.glb",
    "data_out/20/537/30436272704361634537.glb",
    "data_out/20/701/30436272704361634701.glb",
    "data_out/20/703/30436272704361634703.glb",
    "data_out/20/705/30436272704361634705.glb",
    "data_out/20/707/30436272704361634707.glb",
    "data_out/20/710/30436272704361634710.glb",
    "data_out/20/711/30436272704361634711.glb",
    "data_out/20/712/30436272704361634712.glb",
    "data_out/20/713/30436272704361634713.glb",
    "data_out/20/714/30436272704361634714.glb",
    "data_out/20/715/30436272704361634715.glb",
    "data_out/20/716/30436272704361634716.glb",
    "data_out/20/717/30436272704361634717.glb",
    "data_out/20/730/30436272704361634730.glb",
    "data_out/20/731/30436272704361634731.glb",
    "data_out/20/734/30436272704361634734.glb",
    "data_out/20/735/30436272704361634735.glb",
    "data_out/20/422/30436272704361635422.glb",
    "data_out/20/423/30436272704361635423.glb",
    "data_out/20/426/30436272704361635426.glb",
    "data_out/20/427/30436272704361635427.glb",
    "data_out/20/600/30436272704361635600.glb",
    "data_out/20/601/30436272704361635601.glb",
    "data_out/20/602/30436272704361635602.glb",
    "data_out/20/603/30436272704361635603.glb",
    "data_out/20/604/30436272704361635604.glb",
    "data_out/20/605/30436272704361635605.glb",
    "data_out/20/606/30436272704361635606.glb",
    "data_out/20/607/30436272704361635607.glb",
    "data_out/20/610/30436272704361635610.glb",
    "data_out/20/612/30436272704361635612.glb",
    "data_out/20/614/30436272704361635614.glb",
    "data_out/20/616/30436272704361635616.glb",
    "data_out/20/620/30436272704361635620.glb",
    "data_out/20/621/30436272704361635621.glb",
    "data_out/20/624/30436272704361635624.glb",
    "data_out/20/625/30436272704361635625.glb"
  ],
  "camera_pos_blender": [
    -689.15,
    21541.100000000002,
    3358.419384765625
  ],
  "target_pos_blender": [
    -678.7433148066742,
    21530.297180771347,
    3356.619384765625
  ],
  "ground_height_blender": 3356.619384765625,
  "matrix_world": [
    [
      -0.7201834321022034,
      0.08266335725784302,
      -0.6888414621353149,
      -689.1500244140625
    ],
    [
      -0.693783700466156,
      -0.08580884337425232,
      0.715053141117096,
      21541.099609375
    ],
    [
      3.725290298461914e-09,
      0.9928764700889587,
      0.11914858967065811,
      3358.41943359375
    ],
    [
      0.0,
      0.0,
      0.0,
      1.0
    ]
  ],
  "camera_fov": 1.2870022058486938,
  "clip_start": 0.10000000149011612,
  "clip_end": 150.0,
  "resolution": [
    640,
    640
  ]
}