{
  "viewpoint_id": 14338,
  "glb_path": "data_out/19/642/3043627270436141642.glb",
  "camera_pos_blender": [
    -902.68,
    19972.86,
    3363.25751953125
  ],
  "target_pos_blender": [
    -889.451798142031,
    19979.9321054577,
    3362.65751953125
  ],
  "ground_height_blender": 3361.45751953125,
  "matrix_world": [
    [
      0.4714818298816681,
      0.03525237739086151,
      -0.881170928478241,
      -902.6799926757812
    ],
    [
      -0.8818758726119995,
      0.018847158178687096,
      -0.4711049199104309,
      19972.859375
    ],
    [
      0.0,
      0.999200701713562,
      0.039974313229322433,
      3363.257568359375
    ],
    [
      0.0,
      0.0,
      0.0,
      1.0
    ]
  ],
  "camera_fov": 1.2870022058486938,
  "clip_start": 0.10000000149011612,
  "clip_end": 150.0,
  "resolution": [
    640,
    640
  ]
}