{
  "viewpoint_id": 14339,
  "glb_path": "data_out/19/660/3043627270436141660.glb",
  "camera_pos_blender": [
    -885.1,
    19982.41,
    3363.44453125
  ],
  "target_pos_blender": [
    -871.9290023568199,
    19989.588079205703,
    3362.84453125
  ],
  "ground_height_blender": 3361.64453125,
  "matrix_world": [
    [
      0.4785219430923462,
      0.03510112315416336,
      -0.8773737549781799,
      -885.0999755859375
    ],
    [
      -0.8780755996704102,
      0.019128942862153053,
      -0.4781394898891449,
      19982.41015625
    ],
    [
      -1.862645149230957e-09,
      0.9992006421089172,
      0.039975062012672424,
      3363.444580078125
    ],
    [
      0.0,
      0.0,
      0.0,
      1.0
    ]
  ],
  "camera_fov": 1.2870022058486938,
  "clip_start": 0.10000000149011612,
  "clip_end": 150.0,
  "resolution": [
    640,
    640
  ]
}