{
  "viewpoint_id": 14340,
  "glb_path": "data_out/19/660/3043627270436141660.glb",
  "camera_pos_blender": [
    -867.54,
    19991.98,
    3363.28583984375
  ],
  "target_pos_blender": [
    -854.3690023568198,
    19999.158079205703,
    3362.68583984375
  ],
  "ground_height_blender": 3361.48583984375,
  "matrix_world": [
    [
      0.4785219430923462,
      0.03510112315416336,
      -0.8773737549781799,
      -867.5399780273438
    ],
    [
      -0.8780755996704102,
      0.019128942862153053,
      -0.4781394898891449,
      19991.98046875
    ],
    [
      -1.862645149230957e-09,
      0.9992006421089172,
      0.039975062012672424,
      3363.285888671875
    ],
    [
      0.0,
      0.0,
      0.0,
      1.0
    ]
  ],
  "camera_fov": 1.2870022058486938,
  "clip_start": 0.10000000149011612,
  "clip_end": 150.0,
  "resolution": [
    640,
    640
  ]
}