{
  "viewpoint_id": 2,
  "glb_path": "data_out/19/461/3043627270436161461.glb",
  "camera_pos_blender": [
    -808.16,
    20897.12,
    3361.467236328125
  ],
  "target_pos_blender": [
    -822.6158551743501,
    20893.116470160192,
    3359.667236328125
  ],
  "ground_height_blender": 3359.667236328125,
  "matrix_world": [
    [
      -0.2668040692806244,
      -0.11483243852853775,
      0.9568851590156555,
      -808.1599731445312
    ],
    [
      0.9637507796287537,
      -0.031790126115083694,
      0.26490339636802673,
      20897.119140625
    ],
    [
      -1.8626449271863521e-09,
      0.9928761124610901,
      0.11915158480405807,
      3361.46728515625
    ],
    [
      0.0,
      0.0,
      0.0,
      1.0
    ]
  ],
  "camera_fov": 1.2870022058486938,
  "clip_start": 0.10000000149011612,
  "clip_end": 150.0,
  "resolution": [
    640,
    640
  ]
}