{
  "viewpoint_id": 3,
  "glb_path": "data_out/19/443/3043627270436161443.glb",
  "camera_pos_blender": [
    -827.46,
    20891.88,
    3368.1935546875
  ],
  "target_pos_blender": [
    -841.9900486689654,
    20888.154723409265,
    3366.3935546875
  ],
  "ground_height_blender": 3366.3935546875,
  "matrix_world": [
    [
      -0.24843251705169678,
      -0.11541073024272919,
      0.9617493152618408,
      -827.4600219726562
    ],
    [
      0.9686492085456848,
      -0.029599754139780998,
      0.24666288495063782,
      20891.880859375
    ],
    [
      0.0,
      0.9928767085075378,
      0.11914605647325516,
      3368.193603515625
    ],
    [
      0.0,
      0.0,
      0.0,
      1.0
    ]
  ],
  "camera_fov": 1.2870022058486938,
  "clip_start": 0.10000000149011612,
  "clip_end": 150.0,
  "resolution": [
    640,
    640
  ]
}