{
  "viewpoint_id": 3023,
  "glb_path": "data_out/20/511/30436272704370616511.glb",
  "glb_paths": [
    "data_out/20/511/30436272704370616511.glb",
    "data_out/20/512/30436272704370616512.glb",
    "data_out/20/513/30436272704370616513.glb",
    "data_out/20/515/30436272704370616515.glb",
    "data_out/20/516/30436272704370616516.glb",
    "data_out/20/517/30436272704370616517.glb",
    "data_out/20/530/30436272704370616530.glb",
    "data_out/20/531/30436272704370616531.glb",
    "data_out/20/533/30436272704370616533.glb",
    "data_out/20/534/30436272704370616534.glb",
    "data_out/20/535/30436272704370616535.glb",
    "data_out/20/537/30436272704370616537.glb",
    "data_out/20/400/30436272704370617400.glb",
    "data_out/20/401/30436272704370617401.glb",
    "data_out/20/402/30436272704370617402.glb",
    "data_out/20/403/30436272704370617403.glb",
    "data_out/20/404/30436272704370617404.glb",
    "data_out/20/405/30436272704370617405.glb",
    "data_out/20/406/30436272704370617406.glb",
    "data_out/20/407/30436272704370617407.glb",
    "data_out/20/410/30436272704370617410.glb",
    "data_out/20/412/30436272704370617412.glb",
    "data_out/20/414/30436272704370617414.glb",
    "data_out/20/416/30436272704370617416.glb",
    "data_out/20/417/30436272704370617417.glb",
    "data_out/20/420/30436272704370617420.glb",
    "data_out/20/421/30436272704370617421.glb",
    "data_out/20/422/30436272704370617422.glb",
    "data_out/20/423/30436272704370617423.glb",
    "data_out/20/424/30436272704370617424.glb",
    "data_out/20/425/30436272704370617425.glb",
    "data_out/20/427/30436272704370617427.glb",
    "data_out/20/430/30436272704370617430.glb",
    "data_out/20/431/30436272704370617431.glb",
    "data_out/20/432/30436272704370617432.glb",
    "data_out/20/434/30436272704370617434.glb",
    "data_out/20/435/30436272704370617435.glb",
    "data_out/20/436/30436272704370617436.glb",
    "data_out/20/441/30436272704370617441.glb",
    "data_out/20/450/30436272704370617450.glb",
    "data_out/20/471/30436272704370617471.glb"
  ],
  "camera_pos_blender": [
    1074.45,
    21122.91,
    3358.130078125
  ],
  "target_pos_blender": [
    1059.4974806256873,
    21124.102545328617,
    3356.330078125
  ],
  "ground_height_blender": 3356.330078125,
  "matrix_world": [
    [
      0.07955698668956757,
      -0.11877027153968811,
      0.9897294044494629,
      1074.449951171875
    ],
    [
      0.996830403804779,
      0.009479048661887646,
      -0.07899025082588196,
      21122.91015625
    ],
    [
      9.31322685637781e-10,
      0.9928765296936035,
      0.11914793401956558,
      3358.130126953125
    ],
    [
      0.0,
      0.0,
      0.0,
      1.0
    ]
  ],
  "camera_fov": 1.2870022058486938,
  "clip_start": 0.10000000149011612,
  "clip_end": 150.0,
  "resolution": [
    640,
    640
  ]
}