{
  "viewpoint_id": 3024,
  "glb_path": "data_out/20/503/30436272704370616503.glb",
  "glb_paths": [
    "data_out/20/503/30436272704370616503.glb",
    "data_out/20/507/30436272704370616507.glb",
    "data_out/20/510/30436272704370616510.glb",
    "data_out/20/511/30436272704370616511.glb",
    "data_out/20/512/30436272704370616512.glb",
    "data_out/20/513/30436272704370616513.glb",
    "data_out/20/514/30436272704370616514.glb",
    "data_out/20/515/30436272704370616515.glb",
    "data_out/20/516/30436272704370616516.glb",
    "data_out/20/517/30436272704370616517.glb",
    "data_out/20/521/30436272704370616521.glb",
    "data_out/20/525/30436272704370616525.glb",
    "data_out/20/530/30436272704370616530.glb",
    "data_out/20/531/30436272704370616531.glb",
    "data_out/20/532/30436272704370616532.glb",
    "data_out/20/533/30436272704370616533.glb",
    "data_out/20/534/30436272704370616534.glb",
    "data_out/20/535/30436272704370616535.glb",
    "data_out/20/536/30436272704370616536.glb",
    "data_out/20/537/30436272704370616537.glb",
    "data_out/20/400/30436272704370617400.glb",
    "data_out/20/401/30436272704370617401.glb",
    "data_out/20/402/30436272704370617402.glb",
    "data_out/20/403/30436272704370617403.glb",
    "data_out/20/404/30436272704370617404.glb",
    "data_out/20/405/30436272704370617405.glb",
    "data_out/20/406/30436272704370617406.glb",
    "data_out/20/407/30436272704370617407.glb",
    "data_out/20/412/30436272704370617412.glb",
    "data_out/20/416/30436272704370617416.glb",
    "data_out/20/420/30436272704370617420.glb",
    "data_out/20/421/30436272704370617421.glb",
    "data_out/20/422/30436272704370617422.glb",
    "data_out/20/423/30436272704370617423.glb",
    "data_out/20/424/30436272704370617424.glb",
    "data_out/20/425/30436272704370617425.glb",
    "data_out/20/427/30436272704370617427.glb",
    "data_out/20/430/30436272704370617430.glb",
    "data_out/20/434/30436272704370617434.glb",
    "data_out/20/441/30436272704370617441.glb"
  ],
  "camera_pos_blender": [
    1054.55,
    21124.82,
    3358.169873046875
  ],
  "target_pos_blender": [
    1039.6411611440033,
    21126.471218933373,
    3356.369873046875
  ],
  "ground_height_blender": 3356.369873046875,
  "matrix_world": [
    [
      0.11002600938081741,
      -0.11842498183250427,
      0.9868484735488892,
      1054.550048828125
    ],
    [
      0.9939287304878235,
      0.01310941856354475,
      -0.10924223810434341,
      21124.8203125
    ],
    [
      9.313225746154785e-10,
      0.992876410484314,
      0.1191483810544014,
      3358.169921875
    ],
    [
      0.0,
      0.0,
      0.0,
      1.0
    ]
  ],
  "camera_fov": 1.2870022058486938,
  "clip_start": 0.10000000149011612,
  "clip_end": 150.0,
  "resolution": [
    640,
    640
  ]
}