{
  "viewpoint_id": 3025,
  "glb_path": "data_out/19/744/3043627270437061744.glb",
  "glb_paths": [
    "data_out/19/744/3043627270437061744.glb",
    "data_out/20/501/30436272704370616501.glb",
    "data_out/20/502/30436272704370616502.glb",
    "data_out/20/503/30436272704370616503.glb",
    "data_out/20/505/30436272704370616505.glb",
    "data_out/20/506/30436272704370616506.glb",
    "data_out/20/507/30436272704370616507.glb",
    "data_out/20/510/30436272704370616510.glb",
    "data_out/20/511/30436272704370616511.glb",
    "data_out/20/512/30436272704370616512.glb",
    "data_out/20/513/30436272704370616513.glb",
    "data_out/20/514/30436272704370616514.glb",
    "data_out/20/515/30436272704370616515.glb",
    "data_out/20/516/30436272704370616516.glb",
    "data_out/20/517/30436272704370616517.glb",
    "data_out/20/520/30436272704370616520.glb",
    "data_out/20/521/30436272704370616521.glb",
    "data_out/20/523/30436272704370616523.glb",
    "data_out/20/524/30436272704370616524.glb",
    "data_out/20/525/30436272704370616525.glb",
    "data_out/20/527/30436272704370616527.glb",
    "data_out/20/530/30436272704370616530.glb",
    "data_out/20/531/30436272704370616531.glb",
    "data_out/20/532/30436272704370616532.glb",
    "data_out/20/533/30436272704370616533.glb",
    "data_out/20/534/30436272704370616534.glb",
    "data_out/20/535/30436272704370616535.glb",
    "data_out/20/536/30436272704370616536.glb",
    "data_out/20/537/30436272704370616537.glb",
    "data_out/20/542/30436272704370616542.glb",
    "data_out/20/400/30436272704370617400.glb",
    "data_out/20/402/30436272704370617402.glb",
    "data_out/20/403/30436272704370617403.glb",
    "data_out/20/404/30436272704370617404.glb",
    "data_out/20/406/30436272704370617406.glb",
    "data_out/20/407/30436272704370617407.glb",
    "data_out/20/420/30436272704370617420.glb",
    "data_out/20/421/30436272704370617421.glb",
    "data_out/20/422/30436272704370617422.glb",
    "data_out/20/424/30436272704370617424.glb",
    "data_out/20/425/30436272704370617425.glb"
  ],
  "camera_pos_blender": [
    1034.67,
    21127.02,
    3358.1896484375
  ],
  "target_pos_blender": [
    1019.7709187133092,
    21128.757059818367,
    3356.3896484375
  ],
  "ground_height_blender": 3356.3896484375,
  "matrix_world": [
    [
      0.11588411778211594,
      -0.11834435909986496,
      0.9861873984336853,
      1034.6700439453125
    ],
    [
      0.993262767791748,
      0.013807253912091255,
      -0.11505863070487976,
      21127.01953125
    ],
    [
      0.0,
      0.9928765892982483,
      0.11914709210395813,
      3358.189697265625
    ],
    [
      0.0,
      0.0,
      0.0,
      1.0
    ]
  ],
  "camera_fov": 1.2870022058486938,
  "clip_start": 0.10000000149011612,
  "clip_end": 150.0,
  "resolution": [
    640,
    640
  ]
}