{
  "viewpoint_id": 3027,
  "glb_path": "data_out/20/417/30436272704370616417.glb",
  "glb_paths": [
    "data_out/20/417/30436272704370616417.glb",
    "data_out/20/431/30436272704370616431.glb",
    "data_out/20/435/30436272704370616435.glb",
    "data_out/20/453/30436272704370616453.glb",
    "data_out/20/471/30436272704370616471.glb",
    "data_out/20/500/30436272704370616500.glb",
    "data_out/20/501/30436272704370616501.glb",
    "data_out/20/502/30436272704370616502.glb",
    "data_out/20/503/30436272704370616503.glb",
    "data_out/20/504/30436272704370616504.glb",
    "data_out/20/505/30436272704370616505.glb",
    "data_out/20/506/30436272704370616506.glb",
    "data_out/20/507/30436272704370616507.glb",
    "data_out/20/510/30436272704370616510.glb",
    "data_out/20/511/30436272704370616511.glb",
    "data_out/20/512/30436272704370616512.glb",
    "data_out/20/513/30436272704370616513.glb",
    "data_out/20/514/30436272704370616514.glb",
    "data_out/20/515/30436272704370616515.glb",
    "data_out/20/516/30436272704370616516.glb",
    "data_out/20/517/30436272704370616517.glb",
    "data_out/20/520/30436272704370616520.glb",
    "data_out/20/521/30436272704370616521.glb",
    "data_out/20/522/30436272704370616522.glb",
    "data_out/20/523/30436272704370616523.glb",
    "data_out/20/524/30436272704370616524.glb",
    "data_out/20/525/30436272704370616525.glb",
    "data_out/20/526/30436272704370616526.glb",
    "data_out/20/527/30436272704370616527.glb",
    "data_out/20/530/30436272704370616530.glb",
    "data_out/20/531/30436272704370616531.glb",
    "data_out/20/532/30436272704370616532.glb",
    "data_out/20/533/30436272704370616533.glb",
    "data_out/20/534/30436272704370616534.glb",
    "data_out/20/535/30436272704370616535.glb",
    "data_out/20/536/30436272704370616536.glb",
    "data_out/20/537/30436272704370616537.glb",
    "data_out/20/542/30436272704370616542.glb",
    "data_out/20/402/30436272704370617402.glb",
    "data_out/20/406/30436272704370617406.glb",
    "data_out/20/420/30436272704370617420.glb",
    "data_out/20/424/30436272704370617424.glb"
  ],
  "camera_pos_blender": [
    994.95,
    21131.79,
    3358.180126953125
  ],
  "target_pos_blender": [
    980.0573854300602,
    21133.58165601364,
    3356.380126953125
  ],
  "ground_height_blender": 3356.380126953125,
  "matrix_world": [
    [
      0.11952980607748032,
      -0.11829277127981186,
      0.9857583045959473,
      994.9500122070312
    ],
    [
      0.9928306341171265,
      0.014241615310311317,
      -0.11867834627628326,
      21131.7890625
    ],
    [
      -9.313225746154785e-10,
      0.9928766489028931,
      0.11914698034524918,
      3358.18017578125
    ],
    [
      0.0,
      0.0,
      0.0,
      1.0
    ]
  ],
  "camera_fov": 1.2870022058486938,
  "clip_start": 0.10000000149011612,
  "clip_end": 150.0,
  "resolution": [
    640,
    640
  ]
}