{
  "viewpoint_id": 3031,
  "glb_path": "data_out/20/402/30436272704370616402.glb",
  "glb_paths": [
    "data_out/20/402/30436272704370616402.glb",
    "data_out/20/403/30436272704370616403.glb",
    "data_out/20/406/30436272704370616406.glb",
    "data_out/20/407/30436272704370616407.glb",
    "data_out/20/410/30436272704370616410.glb",
    "data_out/20/411/30436272704370616411.glb",
    "data_out/20/412/30436272704370616412.glb",
    "data_out/20/414/30436272704370616414.glb",
    "data_out/20/415/30436272704370616415.glb",
    "data_out/20/416/30436272704370616416.glb",
    "data_out/20/417/30436272704370616417.glb",
    "data_out/20/420/30436272704370616420.glb",
    "data_out/20/421/30436272704370616421.glb",
    "data_out/20/422/30436272704370616422.glb",
    "data_out/20/423/30436272704370616423.glb",
    "data_out/20/424/30436272704370616424.glb",
    "data_out/20/425/30436272704370616425.glb",
    "data_out/20/426/30436272704370616426.glb",
    "data_out/20/427/30436272704370616427.glb",
    "data_out/20/430/30436272704370616430.glb",
    "data_out/20/431/30436272704370616431.glb",
    "data_out/20/432/30436272704370616432.glb",
    "data_out/20/433/30436272704370616433.glb",
    "data_out/20/434/30436272704370616434.glb",
    "data_out/20/435/30436272704370616435.glb",
    "data_out/20/436/30436272704370616436.glb",
    "data_out/20/437/30436272704370616437.glb",
    "data_out/20/451/30436272704370616451.glb",
    "data_out/20/453/30436272704370616453.glb",
    "data_out/20/470/30436272704370616470.glb",
    "data_out/20/471/30436272704370616471.glb",
    "data_out/20/472/30436272704370616472.glb",
    "data_out/20/473/30436272704370616473.glb",
    "data_out/20/502/30436272704370616502.glb",
    "data_out/20/503/30436272704370616503.glb",
    "data_out/20/506/30436272704370616506.glb",
    "data_out/20/507/30436272704370616507.glb",
    "data_out/20/520/30436272704370616520.glb",
    "data_out/20/521/30436272704370616521.glb",
    "data_out/20/522/30436272704370616522.glb",
    "data_out/20/524/30436272704370616524.glb",
    "data_out/20/525/30436272704370616525.glb",
    "data_out/20/526/30436272704370616526.glb",
    "data_out/20/542/30436272704370616542.glb"
  ],
  "camera_pos_blender": [
    915.5,
    21141.13,
    3358.16083984375
  ],
  "target_pos_blender": [
    900.5946521450527,
    21142.8124402881,
    3356.36083984375
  ],
  "ground_height_blender": 3356.36083984375,
  "matrix_world": [
    [
      0.11211016029119492,
      -0.11839806288480759,
      0.9866170287132263,
      915.5
    ],
    [
      0.993695855140686,
      0.01335783489048481,
      -0.11131151020526886,
      21141.130859375
    ],
    [
      0.0,
      0.9928763508796692,
      0.11914920806884766,
      3358.160888671875
    ],
    [
      0.0,
      0.0,
      0.0,
      1.0
    ]
  ],
  "camera_fov": 1.2870022058486938,
  "clip_start": 0.10000000149011612,
  "clip_end": 150.0,
  "resolution": [
    640,
    640
  ]
}