{
  "viewpoint_id": 3033,
  "glb_path": "data_out/19/757/3043627270437060757.glb",
  "glb_paths": [
    "data_out/19/757/3043627270437060757.glb",
    "data_out/20/513/30436272704370607513.glb",
    "data_out/20/517/30436272704370607517.glb",
    "data_out/20/531/30436272704370607531.glb",
    "data_out/20/533/30436272704370607533.glb",
    "data_out/20/535/30436272704370607535.glb",
    "data_out/20/537/30436272704370607537.glb",
    "data_out/20/401/30436272704370616401.glb",
    "data_out/20/402/30436272704370616402.glb",
    "data_out/20/403/30436272704370616403.glb",
    "data_out/20/405/30436272704370616405.glb",
    "data_out/20/406/30436272704370616406.glb",
    "data_out/20/407/30436272704370616407.glb",
    "data_out/20/412/30436272704370616412.glb",
    "data_out/20/416/30436272704370616416.glb",
    "data_out/20/417/30436272704370616417.glb",
    "data_out/20/420/30436272704370616420.glb",
    "data_out/20/421/30436272704370616421.glb",
    "data_out/20/422/30436272704370616422.glb",
    "data_out/20/423/30436272704370616423.glb",
    "data_out/20/424/30436272704370616424.glb",
    "data_out/20/425/30436272704370616425.glb",
    "data_out/20/426/30436272704370616426.glb",
    "data_out/20/427/30436272704370616427.glb",
    "data_out/20/430/30436272704370616430.glb",
    "data_out/20/431/30436272704370616431.glb",
    "data_out/20/432/30436272704370616432.glb",
    "data_out/20/433/30436272704370616433.glb",
    "data_out/20/434/30436272704370616434.glb",
    "data_out/20/435/30436272704370616435.glb",
    "data_out/20/436/30436272704370616436.glb",
    "data_out/20/437/30436272704370616437.glb",
    "data_out/20/453/30436272704370616453.glb",
    "data_out/20/470/30436272704370616470.glb",
    "data_out/20/471/30436272704370616471.glb",
    "data_out/20/472/30436272704370616472.glb",
    "data_out/20/473/30436272704370616473.glb"
  ],
  "camera_pos_blender": [
    875.75,
    21145.63,
    3358.262890625
  ],
  "target_pos_blender": [
    860.8452403355765,
    21147.317643133418,
    3356.462890625
  ],
  "ground_height_blender": 3356.462890625,
  "matrix_world": [
    [
      0.11249992996454239,
      -0.11839195340871811,
      0.9865734577178955,
      875.75
    ],
    [
      0.9936517477035522,
      0.013404179364442825,
      -0.11169853806495667,
      21145.630859375
    ],
    [
      0.0,
      0.992876410484314,
      0.11914833635091782,
      3358.262939453125
    ],
    [
      0.0,
      0.0,
      0.0,
      1.0
    ]
  ],
  "camera_fov": 1.2870022058486938,
  "clip_start": 0.10000000149011612,
  "clip_end": 150.0,
  "resolution": [
    640,
    640
  ]
}