{
  "viewpoint_id": 3034,
  "glb_path": "data_out/20/512/30436272704370607512.glb",
  "glb_paths": [
    "data_out/20/512/30436272704370607512.glb",
    "data_out/20/513/30436272704370607513.glb",
    "data_out/20/516/30436272704370607516.glb",
    "data_out/20/517/30436272704370607517.glb",
    "data_out/20/530/30436272704370607530.glb",
    "data_out/20/531/30436272704370607531.glb",
    "data_out/20/532/30436272704370607532.glb",
    "data_out/20/533/30436272704370607533.glb",
    "data_out/20/534/30436272704370607534.glb",
    "data_out/20/535/30436272704370607535.glb",
    "data_out/20/536/30436272704370607536.glb",
    "data_out/20/537/30436272704370607537.glb",
    "data_out/20/572/30436272704370607572.glb",
    "data_out/20/400/30436272704370616400.glb",
    "data_out/20/402/30436272704370616402.glb",
    "data_out/20/403/30436272704370616403.glb",
    "data_out/20/404/30436272704370616404.glb",
    "data_out/20/406/30436272704370616406.glb",
    "data_out/20/407/30436272704370616407.glb",
    "data_out/20/412/30436272704370616412.glb",
    "data_out/20/416/30436272704370616416.glb",
    "data_out/20/420/30436272704370616420.glb",
    "data_out/20/421/30436272704370616421.glb",
    "data_out/20/422/30436272704370616422.glb",
    "data_out/20/423/30436272704370616423.glb",
    "data_out/20/424/30436272704370616424.glb",
    "data_out/20/425/30436272704370616425.glb",
    "data_out/20/426/30436272704370616426.glb",
    "data_out/20/427/30436272704370616427.glb",
    "data_out/20/430/30436272704370616430.glb",
    "data_out/20/431/30436272704370616431.glb",
    "data_out/20/432/30436272704370616432.glb",
    "data_out/20/434/30436272704370616434.glb",
    "data_out/20/435/30436272704370616435.glb",
    "data_out/20/436/30436272704370616436.glb",
    "data_out/20/470/30436272704370616470.glb",
    "data_out/20/471/30436272704370616471.glb",
    "data_out/20/472/30436272704370616472.glb",
    "data_out/20/600/30436272704370616600.glb",
    "data_out/20/604/30436272704370616604.glb"
  ],
  "camera_pos_blender": [
    855.88,
    21147.88,
    3358.248974609375
  ],
  "target_pos_blender": [
    840.9752403355765,
    21149.567643133418,
    3356.448974609375
  ],
  "ground_height_blender": 3356.448974609375,
  "matrix_world": [
    [
      0.11249992996454239,
      -0.11839195340871811,
      0.9865734577178955,
      855.8800048828125
    ],
    [
      0.9936517477035522,
      0.013404179364442825,
      -0.11169853806495667,
      21147.880859375
    ],
    [
      0.0,
      0.992876410484314,
      0.11914833635091782,
      3358.2490234375
    ],
    [
      0.0,
      0.0,
      0.0,
      1.0
    ]
  ],
  "camera_fov": 1.2870022058486938,
  "clip_start": 0.10000000149011612,
  "clip_end": 150.0,
  "resolution": [
    640,
    640
  ]
}