{
  "viewpoint_id": 3036,
  "glb_path": "data_out/20/503/30436272704370607503.glb",
  "glb_paths": [
    "data_out/20/503/30436272704370607503.glb",
    "data_out/20/507/30436272704370607507.glb",
    "data_out/20/512/30436272704370607512.glb",
    "data_out/20/513/30436272704370607513.glb",
    "data_out/20/516/30436272704370607516.glb",
    "data_out/20/517/30436272704370607517.glb",
    "data_out/20/520/30436272704370607520.glb",
    "data_out/20/521/30436272704370607521.glb",
    "data_out/20/523/30436272704370607523.glb",
    "data_out/20/524/30436272704370607524.glb",
    "data_out/20/525/30436272704370607525.glb",
    "data_out/20/527/30436272704370607527.glb",
    "data_out/20/530/30436272704370607530.glb",
    "data_out/20/531/30436272704370607531.glb",
    "data_out/20/532/30436272704370607532.glb",
    "data_out/20/533/30436272704370607533.glb",
    "data_out/20/534/30436272704370607534.glb",
    "data_out/20/535/30436272704370607535.glb",
    "data_out/20/536/30436272704370607536.glb",
    "data_out/20/537/30436272704370607537.glb",
    "data_out/20/563/30436272704370607563.glb",
    "data_out/20/572/30436272704370607572.glb",
    "data_out/20/710/30436272704370607710.glb",
    "data_out/20/711/30436272704370607711.glb",
    "data_out/20/714/30436272704370607714.glb",
    "data_out/20/715/30436272704370607715.glb",
    "data_out/20/750/30436272704370607750.glb",
    "data_out/20/402/30436272704370616402.glb",
    "data_out/20/403/30436272704370616403.glb",
    "data_out/20/406/30436272704370616406.glb",
    "data_out/20/407/30436272704370616407.glb",
    "data_out/20/420/30436272704370616420.glb",
    "data_out/20/421/30436272704370616421.glb",
    "data_out/20/422/30436272704370616422.glb",
    "data_out/20/423/30436272704370616423.glb",
    "data_out/20/424/30436272704370616424.glb",
    "data_out/20/425/30436272704370616425.glb",
    "data_out/20/426/30436272704370616426.glb",
    "data_out/20/427/30436272704370616427.glb",
    "data_out/20/600/30436272704370616600.glb",
    "data_out/20/604/30436272704370616604.glb"
  ],
  "camera_pos_blender": [
    816.14,
    21152.38,
    3358.34345703125
  ],
  "target_pos_blender": [
    801.2352403355765,
    21154.067643133418,
    3356.54345703125
  ],
  "ground_height_blender": 3356.54345703125,
  "matrix_world": [
    [
      0.11249992996454239,
      -0.11839195340871811,
      0.9865734577178955,
      816.1400146484375
    ],
    [
      0.9936517477035522,
      0.013404179364442825,
      -0.11169853806495667,
      21152.380859375
    ],
    [
      0.0,
      0.992876410484314,
      0.11914833635091782,
      3358.343505859375
    ],
    [
      0.0,
      0.0,
      0.0,
      1.0
    ]
  ],
  "camera_fov": 1.2870022058486938,
  "clip_start": 0.10000000149011612,
  "clip_end": 150.0,
  "resolution": [
    640,
    640
  ]
}