{
  "viewpoint_id": 3037,
  "glb_path": "data_out/20/503/30436272704370607503.glb",
  "glb_paths": [
    "data_out/20/503/30436272704370607503.glb",
    "data_out/20/507/30436272704370607507.glb",
    "data_out/20/512/30436272704370607512.glb",
    "data_out/20/513/30436272704370607513.glb",
    "data_out/20/516/30436272704370607516.glb",
    "data_out/20/517/30436272704370607517.glb",
    "data_out/20/520/30436272704370607520.glb",
    "data_out/20/521/30436272704370607521.glb",
    "data_out/20/522/30436272704370607522.glb",
    "data_out/20/523/30436272704370607523.glb",
    "data_out/20/524/30436272704370607524.glb",
    "data_out/20/525/30436272704370607525.glb",
    "data_out/20/526/30436272704370607526.glb",
    "data_out/20/527/30436272704370607527.glb",
    "data_out/20/530/30436272704370607530.glb",
    "data_out/20/531/30436272704370607531.glb",
    "data_out/20/532/30436272704370607532.glb",
    "data_out/20/533/30436272704370607533.glb",
    "data_out/20/534/30436272704370607534.glb",
    "data_out/20/535/30436272704370607535.glb",
    "data_out/20/536/30436272704370607536.glb",
    "data_out/20/537/30436272704370607537.glb",
    "data_out/20/563/30436272704370607563.glb",
    "data_out/20/572/30436272704370607572.glb",
    "data_out/20/701/30436272704370607701.glb",
    "data_out/20/705/30436272704370607705.glb",
    "data_out/20/710/30436272704370607710.glb",
    "data_out/20/711/30436272704370607711.glb",
    "data_out/20/714/30436272704370607714.glb",
    "data_out/20/715/30436272704370607715.glb",
    "data_out/20/741/30436272704370607741.glb",
    "data_out/20/750/30436272704370607750.glb",
    "data_out/20/402/30436272704370616402.glb",
    "data_out/20/406/30436272704370616406.glb",
    "data_out/20/420/30436272704370616420.glb",
    "data_out/20/422/30436272704370616422.glb",
    "data_out/20/424/30436272704370616424.glb",
    "data_out/20/426/30436272704370616426.glb"
  ],
  "camera_pos_blender": [
    796.26,
    21154.62,
    3358.22138671875
  ],
  "target_pos_blender": [
    781.3552403355765,
    21156.307643133416,
    3356.42138671875
  ],
  "ground_height_blender": 3356.42138671875,
  "matrix_world": [
    [
      0.1126285046339035,
      -0.11838851124048233,
      0.9865590929985046,
      796.260009765625
    ],
    [
      0.9936372637748718,
      0.013419304974377155,
      -0.11182619631290436,
      21154.619140625
    ],
    [
      -9.31322685637781e-10,
      0.9928767085075378,
      0.11914660781621933,
      3358.221435546875
    ],
    [
      0.0,
      0.0,
      0.0,
      1.0
    ]
  ],
  "camera_fov": 1.2870022058486938,
  "clip_start": 0.10000000149011612,
  "clip_end": 150.0,
  "resolution": [
    640,
    640
  ]
}