{
  "viewpoint_id": 3471,
  "glb_path": "data_out/20/633/30436272704361634633.glb",
  "glb_paths": [
    "data_out/20/633/30436272704361634633.glb",
    "data_out/20/637/30436272704361634637.glb",
    "data_out/20/722/30436272704361634722.glb",
    "data_out/20/723/30436272704361634723.glb",
    "data_out/20/726/30436272704361634726.glb",
    "data_out/20/727/30436272704361634727.glb",
    "data_out/20/762/30436272704361634762.glb",
    "data_out/20/400/30436272704361636400.glb",
    "data_out/20/401/30436272704361636401.glb",
    "data_out/20/402/30436272704361636402.glb",
    "data_out/20/403/30436272704361636403.glb",
    "data_out/20/404/30436272704361636404.glb",
    "data_out/20/405/30436272704361636405.glb",
    "data_out/20/406/30436272704361636406.glb",
    "data_out/20/407/30436272704361636407.glb",
    "data_out/20/410/30436272704361636410.glb",
    "data_out/20/411/30436272704361636411.glb",
    "data_out/20/412/30436272704361636412.glb",
    "data_out/20/413/30436272704361636413.glb",
    "data_out/20/414/30436272704361636414.glb",
    "data_out/20/415/30436272704361636415.glb",
    "data_out/20/416/30436272704361636416.glb",
    "data_out/20/417/30436272704361636417.glb",
    "data_out/20/430/30436272704361636430.glb",
    "data_out/20/434/30436272704361636434.glb",
    "data_out/20/500/30436272704361636500.glb",
    "data_out/20/501/30436272704361636501.glb",
    "data_out/20/503/30436272704361636503.glb",
    "data_out/20/504/30436272704361636504.glb",
    "data_out/20/505/30436272704361636505.glb",
    "data_out/20/507/30436272704361636507.glb"
  ],
  "camera_pos_blender": [
    -825.8,
    21687.12,
    3358.37763671875
  ],
  "target_pos_blender": [
    -837.6378692871288,
    21696.33221204385,
    3356.57763671875
  ],
  "ground_height_blender": 3356.57763671875,
  "matrix_world": [
    [
      0.614175021648407,
      -0.09402566403150558,
      0.7835485339164734,
      -825.7999877929688
    ],
    [
      0.78916996717453,
      0.07317588478326797,
      -0.6098001003265381,
      21687.119140625
    ],
    [
      3.725290742551124e-09,
      0.9928768277168274,
      0.11914501339197159,
      3358.377685546875
    ],
    [
      0.0,
      0.0,
      0.0,
      1.0
    ]
  ],
  "camera_fov": 1.2870022058486938,
  "clip_start": 0.10000000149011612,
  "clip_end": 150.0,
  "resolution": [
    640,
    640
  ]
}