{
  "viewpoint_id": 3472,
  "glb_path": "data_out/20/633/30436272704361634633.glb",
  "glb_paths": [
    "data_out/20/633/30436272704361634633.glb",
    "data_out/20/637/30436272704361634637.glb",
    "data_out/20/722/30436272704361634722.glb",
    "data_out/20/726/30436272704361634726.glb",
    "data_out/20/762/30436272704361634762.glb",
    "data_out/20/400/30436272704361636400.glb",
    "data_out/20/401/30436272704361636401.glb",
    "data_out/20/402/30436272704361636402.glb",
    "data_out/20/403/30436272704361636403.glb",
    "data_out/20/404/30436272704361636404.glb",
    "data_out/20/405/30436272704361636405.glb",
    "data_out/20/406/30436272704361636406.glb",
    "data_out/20/407/30436272704361636407.glb",
    "data_out/20/410/30436272704361636410.glb",
    "data_out/20/411/30436272704361636411.glb",
    "data_out/20/412/30436272704361636412.glb",
    "data_out/20/413/30436272704361636413.glb",
    "data_out/20/414/30436272704361636414.glb",
    "data_out/20/415/30436272704361636415.glb",
    "data_out/20/416/30436272704361636416.glb",
    "data_out/20/417/30436272704361636417.glb",
    "data_out/20/420/30436272704361636420.glb",
    "data_out/20/421/30436272704361636421.glb",
    "data_out/20/424/30436272704361636424.glb",
    "data_out/20/425/30436272704361636425.glb",
    "data_out/20/430/30436272704361636430.glb",
    "data_out/20/434/30436272704361636434.glb",
    "data_out/20/500/30436272704361636500.glb",
    "data_out/20/504/30436272704361636504.glb"
  ],
  "camera_pos_blender": [
    -841.58,
    21699.4,
    3358.368359375
  ],
  "target_pos_blender": [
    -853.4178692871288,
    21708.612212043852,
    3356.568359375
  ],
  "ground_height_blender": 3356.568359375,
  "matrix_world": [
    [
      0.6140958666801453,
      -0.09404070675373077,
      0.7836086750030518,
      -841.5800170898438
    ],
    [
      0.7892314791679382,
      0.07317245006561279,
      -0.609720766544342,
      21699.400390625
    ],
    [
      7.450581485102248e-09,
      0.9928756952285767,
      0.11915477365255356,
      3358.368408203125
    ],
    [
      0.0,
      0.0,
      0.0,
      1.0
    ]
  ],
  "camera_fov": 1.2870022058486938,
  "clip_start": 0.10000000149011612,
  "clip_end": 150.0,
  "resolution": [
    640,
    640
  ]
}