{
  "viewpoint_id": 4,
  "glb_path": "data_out/19/443/3043627270436161443.glb",
  "camera_pos_blender": [
    -846.83,
    20886.91,
    3360.47431640625
  ],
  "target_pos_blender": [
    -861.3600486689654,
    20883.184723409264,
    3358.67431640625
  ],
  "ground_height_blender": 3358.67431640625,
  "matrix_world": [
    [
      -0.24831034243106842,
      -0.11541815102100372,
      0.9617799520492554,
      -846.8300170898438
    ],
    [
      0.9686805605888367,
      -0.029586143791675568,
      0.24654145538806915,
      20886.91015625
    ],
    [
      0.0,
      0.9928762912750244,
      0.11914985626935959,
      3360.474365234375
    ],
    [
      0.0,
      0.0,
      0.0,
      1.0
    ]
  ],
  "camera_fov": 1.2870022058486938,
  "clip_start": 0.10000000149011612,
  "clip_end": 150.0,
  "resolution": [
    640,
    640
  ]
}