{
  "viewpoint_id": 4484,
  "glb_path": "data_out/20/613/30436272704361706613.glb",
  "glb_paths": [
    "data_out/20/613/30436272704361706613.glb",
    "data_out/20/617/30436272704361706617.glb",
    "data_out/20/700/30436272704361706700.glb",
    "data_out/20/701/30436272704361706701.glb",
    "data_out/20/702/30436272704361706702.glb",
    "data_out/20/703/30436272704361706703.glb",
    "data_out/20/704/30436272704361706704.glb",
    "data_out/20/705/30436272704361706705.glb",
    "data_out/20/706/30436272704361706706.glb",
    "data_out/20/707/30436272704361706707.glb",
    "data_out/20/710/30436272704361706710.glb",
    "data_out/20/711/30436272704361706711.glb",
    "data_out/20/712/30436272704361706712.glb",
    "data_out/20/713/30436272704361706713.glb",
    "data_out/20/714/30436272704361706714.glb",
    "data_out/20/715/30436272704361706715.glb",
    "data_out/20/716/30436272704361706716.glb",
    "data_out/20/717/30436272704361706717.glb",
    "data_out/20/720/30436272704361706720.glb",
    "data_out/20/721/30436272704361706721.glb",
    "data_out/20/724/30436272704361706724.glb",
    "data_out/20/725/30436272704361706725.glb",
    "data_out/20/730/30436272704361706730.glb",
    "data_out/20/731/30436272704361706731.glb",
    "data_out/20/734/30436272704361706734.glb",
    "data_out/20/735/30436272704361706735.glb",
    "data_out/20/600/30436272704361707600.glb",
    "data_out/20/602/30436272704361707602.glb",
    "data_out/20/604/30436272704361707604.glb",
    "data_out/20/620/30436272704361707620.glb",
    "data_out/20/624/30436272704361707624.glb"
  ],
  "camera_pos_blender": [
    -305.27,
    21256.33,
    3369.490673828125
  ],
  "target_pos_blender": [
    -303.6682296368589,
    21271.244232521447,
    3367.690673828125
  ],
  "ground_height_blender": 3367.690673828125,
  "matrix_world": [
    [
      0.9942822456359863,
      0.012723319232463837,
      -0.10602357238531113,
      -305.2699890136719
    ],
    [
      -0.10678426176309586,
      0.11846847832202911,
      -0.9871993064880371,
      21256.330078125
    ],
    [
      -9.313224635931761e-10,
      0.9928763508796692,
      0.11914975941181183,
      3369.49072265625
    ],
    [
      0.0,
      0.0,
      0.0,
      1.0
    ]
  ],
  "camera_fov": 1.2870022058486938,
  "clip_start": 0.10000000149011612,
  "clip_end": 150.0,
  "resolution": [
    640,
    640
  ]
}