{
  "viewpoint_id": 4485,
  "glb_path": "data_out/20/613/30436272704361706613.glb",
  "glb_paths": [
    "data_out/20/613/30436272704361706613.glb",
    "data_out/20/617/30436272704361706617.glb",
    "data_out/20/631/30436272704361706631.glb",
    "data_out/20/635/30436272704361706635.glb",
    "data_out/20/700/30436272704361706700.glb",
    "data_out/20/701/30436272704361706701.glb",
    "data_out/20/702/30436272704361706702.glb",
    "data_out/20/703/30436272704361706703.glb",
    "data_out/20/704/30436272704361706704.glb",
    "data_out/20/705/30436272704361706705.glb",
    "data_out/20/706/30436272704361706706.glb",
    "data_out/20/707/30436272704361706707.glb",
    "data_out/20/710/30436272704361706710.glb",
    "data_out/20/711/30436272704361706711.glb",
    "data_out/20/712/30436272704361706712.glb",
    "data_out/20/713/30436272704361706713.glb",
    "data_out/20/714/30436272704361706714.glb",
    "data_out/20/715/30436272704361706715.glb",
    "data_out/20/716/30436272704361706716.glb",
    "data_out/20/717/30436272704361706717.glb",
    "data_out/20/720/30436272704361706720.glb",
    "data_out/20/721/30436272704361706721.glb",
    "data_out/20/722/30436272704361706722.glb",
    "data_out/20/723/30436272704361706723.glb",
    "data_out/20/724/30436272704361706724.glb",
    "data_out/20/725/30436272704361706725.glb",
    "data_out/20/726/30436272704361706726.glb",
    "data_out/20/727/30436272704361706727.glb",
    "data_out/20/730/30436272704361706730.glb",
    "data_out/20/731/30436272704361706731.glb",
    "data_out/20/732/30436272704361706732.glb",
    "data_out/20/733/30436272704361706733.glb",
    "data_out/20/734/30436272704361706734.glb",
    "data_out/20/735/30436272704361706735.glb",
    "data_out/20/736/30436272704361706736.glb",
    "data_out/20/737/30436272704361706737.glb",
    "data_out/20/602/30436272704361707602.glb",
    "data_out/20/620/30436272704361707620.glb",
    "data_out/20/624/30436272704361707624.glb"
  ],
  "camera_pos_blender": [
    -303.14,
    21276.21,
    3358.94013671875
  ],
  "target_pos_blender": [
    -301.5382296368589,
    21291.124232521444,
    3357.14013671875
  ],
  "ground_height_blender": 3357.14013671875,
  "matrix_world": [
    [
      0.994282066822052,
      0.012723555788397789,
      -0.1060255691409111,
      -303.1400146484375
    ],
    [
      -0.10678628832101822,
      0.11846841871738434,
      -0.987199068069458,
      21276.2109375
    ],
    [
      -9.313225746154785e-10,
      0.9928763508796692,
      0.11914972960948944,
      3358.940185546875
    ],
    [
      0.0,
      0.0,
      0.0,
      1.0
    ]
  ],
  "camera_fov": 1.2870022058486938,
  "clip_start": 0.10000000149011612,
  "clip_end": 150.0,
  "resolution": [
    640,
    640
  ]
}