{
  "viewpoint_id": 4486,
  "glb_path": "data_out/20/631/30436272704361706631.glb",
  "glb_paths": [
    "data_out/20/631/30436272704361706631.glb",
    "data_out/20/635/30436272704361706635.glb",
    "data_out/20/701/30436272704361706701.glb",
    "data_out/20/702/30436272704361706702.glb",
    "data_out/20/703/30436272704361706703.glb",
    "data_out/20/705/30436272704361706705.glb",
    "data_out/20/706/30436272704361706706.glb",
    "data_out/20/707/30436272704361706707.glb",
    "data_out/20/710/30436272704361706710.glb",
    "data_out/20/712/30436272704361706712.glb",
    "data_out/20/713/30436272704361706713.glb",
    "data_out/20/714/30436272704361706714.glb",
    "data_out/20/716/30436272704361706716.glb",
    "data_out/20/717/30436272704361706717.glb",
    "data_out/20/720/30436272704361706720.glb",
    "data_out/20/721/30436272704361706721.glb",
    "data_out/20/722/30436272704361706722.glb",
    "data_out/20/723/30436272704361706723.glb",
    "data_out/20/724/30436272704361706724.glb",
    "data_out/20/725/30436272704361706725.glb",
    "data_out/20/726/30436272704361706726.glb",
    "data_out/20/727/30436272704361706727.glb",
    "data_out/20/730/30436272704361706730.glb",
    "data_out/20/731/30436272704361706731.glb",
    "data_out/20/732/30436272704361706732.glb",
    "data_out/20/733/30436272704361706733.glb",
    "data_out/20/734/30436272704361706734.glb",
    "data_out/20/735/30436272704361706735.glb",
    "data_out/20/736/30436272704361706736.glb",
    "data_out/20/737/30436272704361706737.glb",
    "data_out/20/602/30436272704361707602.glb",
    "data_out/20/620/30436272704361707620.glb",
    "data_out/20/622/30436272704361707622.glb",
    "data_out/20/624/30436272704361707624.glb",
    "data_out/20/626/30436272704361707626.glb",
    "data_out/20/510/30436272704361724510.glb",
    "data_out/20/514/30436272704361724514.glb"
  ],
  "camera_pos_blender": [
    -301.0,
    21296.100000000002,
    3358.47626953125
  ],
  "target_pos_blender": [
    -299.3982296368589,
    21311.014232521447,
    3356.67626953125
  ],
  "ground_height_blender": 3356.67626953125,
  "matrix_world": [
    [
      0.994282066822052,
      0.012723555788397789,
      -0.1060255691409111,
      -301.0
    ],
    [
      -0.10678628832101822,
      0.11846841871738434,
      -0.987199068069458,
      21296.099609375
    ],
    [
      -9.313225746154785e-10,
      0.9928763508796692,
      0.11914972960948944,
      3358.476318359375
    ],
    [
      0.0,
      0.0,
      0.0,
      1.0
    ]
  ],
  "camera_fov": 1.2870022058486938,
  "clip_start": 0.10000000149011612,
  "clip_end": 150.0,
  "resolution": [
    640,
    640
  ]
}