{
  "viewpoint_id": 461,
  "glb_path": "data_out/19/743/3043627270436140743.glb",
  "camera_pos_blender": [
    -1064.56,
    19945.97,
    3364.4328125
  ],
  "target_pos_blender": [
    -1072.7602999881642,
    19958.530058921206,
    3363.8328125
  ],
  "ground_height_blender": 3362.6328125,
  "matrix_world": [
    [
      0.8373112678527832,
      -0.02185700461268425,
      0.5462893843650818,
      -1064.56005859375
    ],
    [
      0.5467265248298645,
      0.03347398713231087,
      -0.836641788482666,
      19945.970703125
    ],
    [
      0.0,
      0.9992005228996277,
      0.039977945387363434,
      3364.432861328125
    ],
    [
      0.0,
      0.0,
      0.0,
      1.0
    ]
  ],
  "camera_fov": 1.2870022058486938,
  "clip_start": 0.10000000149011612,
  "clip_end": 150.0,
  "resolution": [
    640,
    640
  ]
}