{
  "viewpoint_id": 462,
  "glb_path": "data_out/19/742/3043627270436140742.glb",
  "camera_pos_blender": [
    -1075.49,
    19962.72,
    3364.411572265625
  ],
  "target_pos_blender": [
    -1083.6902999881643,
    19975.280058921206,
    3363.811572265625
  ],
  "ground_height_blender": 3362.611572265625,
  "matrix_world": [
    [
      0.8373075723648071,
      -0.021857133135199547,
      0.5462951064109802,
      -1075.489990234375
    ],
    [
      0.5467322468757629,
      0.03347368910908699,
      -0.8366381525993347,
      19962.720703125
    ],
    [
      -1.862645371275562e-09,
      0.9992005228996277,
      0.039977774024009705,
      3364.41162109375
    ],
    [
      0.0,
      0.0,
      0.0,
      1.0
    ]
  ],
  "camera_fov": 1.2870022058486938,
  "clip_start": 0.10000000149011612,
  "clip_end": 150.0,
  "resolution": [
    640,
    640
  ]
}