{
  "viewpoint_id": 463,
  "glb_path": "data_out/19/760/3043627270436140760.glb",
  "camera_pos_blender": [
    -1086.42,
    19979.46,
    3361.8
  ],
  "target_pos_blender": [
    -1094.6202999881643,
    19992.020058921204,
    3361.2
  ],
  "ground_height_blender": 3360.0,
  "matrix_world": [
    [
      0.8373112678527832,
      -0.02185700461268425,
      0.5462893843650818,
      -1086.4200439453125
    ],
    [
      0.5467265248298645,
      0.03347398713231087,
      -0.836641788482666,
      19979.4609375
    ],
    [
      0.0,
      0.9992005228996277,
      0.039977945387363434,
      3361.800048828125
    ],
    [
      0.0,
      0.0,
      0.0,
      1.0
    ]
  ],
  "camera_fov": 1.2870022058486938,
  "clip_start": 0.10000000149011612,
  "clip_end": 150.0,
  "resolution": [
    640,
    640
  ]
}