{
  "viewpoint_id": 464,
  "glb_path": "data_out/19/760/3043627270436140760.glb",
  "camera_pos_blender": [
    -1098.28,
    19995.55,
    3364.297314453125
  ],
  "target_pos_blender": [
    -1108.5386605032793,
    20006.493485947285,
    3363.697314453125
  ],
  "ground_height_blender": 3362.497314453125,
  "matrix_world": [
    [
      0.7295615673065186,
      -0.027339348569512367,
      0.6833685040473938,
      -1098.280029296875
    ],
    [
      0.6839151382446289,
      0.02916405349969864,
      -0.7289784550666809,
      19995.55078125
    ],
    [
      0.0,
      0.9992006421089172,
      0.039974767714738846,
      3364.29736328125
    ],
    [
      0.0,
      0.0,
      0.0,
      1.0
    ]
  ],
  "camera_fov": 1.2870022058486938,
  "clip_start": 0.10000000149011612,
  "clip_end": 150.0,
  "resolution": [
    640,
    640
  ]
}