{
  "viewpoint_id": 465,
  "glb_path": "data_out/19/760/3043627270436140760.glb",
  "camera_pos_blender": [
    -1112.48,
    20009.620000000003,
    3364.758251953125
  ],
  "target_pos_blender": [
    -1123.1787567373128,
    20020.1336389645,
    3364.158251953125
  ],
  "ground_height_blender": 3362.958251953125,
  "matrix_world": [
    [
      0.7009112238883972,
      -0.028511768206954002,
      0.7126783728599548,
      -1112.47998046875
    ],
    [
      0.7132484912872314,
      0.028018593788146973,
      -0.7003509998321533,
      20009.619140625
    ],
    [
      0.0,
      0.999200701713562,
      0.03997452184557915,
      3364.75830078125
    ],
    [
      0.0,
      0.0,
      0.0,
      1.0
    ]
  ],
  "camera_fov": 1.2870022058486938,
  "clip_start": 0.10000000149011612,
  "clip_end": 150.0,
  "resolution": [
    640,
    640
  ]
}