{
  "viewpoint_id": 467,
  "glb_path": "data_out/19/671/3043627270436140671.glb",
  "camera_pos_blender": [
    -1141.01,
    20037.66,
    3364.22333984375
  ],
  "target_pos_blender": [
    -1151.710591550515,
    20048.171771519064,
    3363.62333984375
  ],
  "ground_height_blender": 3362.42333984375,
  "matrix_world": [
    [
      0.7007839679718018,
      -0.02851688303053379,
      0.712803304195404,
      -1141.010009765625
    ],
    [
      0.7133735418319702,
      0.028013620525598526,
      -0.7002238035202026,
      20037.66015625
    ],
    [
      0.0,
      0.9992006421089172,
      0.03997468575835228,
      3364.223388671875
    ],
    [
      0.0,
      0.0,
      0.0,
      1.0
    ]
  ],
  "camera_fov": 1.2870022058486938,
  "clip_start": 0.10000000149011612,
  "clip_end": 150.0,
  "resolution": [
    640,
    640
  ]
}