{
  "viewpoint_id": 468,
  "glb_path": "data_out/19/671/3043627270436140671.glb",
  "camera_pos_blender": [
    -1155.28,
    20051.68,
    3364.110791015625
  ],
  "target_pos_blender": [
    -1165.9805915505149,
    20062.191771519065,
    3363.510791015625
  ],
  "ground_height_blender": 3362.310791015625,
  "matrix_world": [
    [
      0.7007839679718018,
      -0.02851688303053379,
      0.712803304195404,
      -1155.280029296875
    ],
    [
      0.7133735418319702,
      0.028013620525598526,
      -0.7002238035202026,
      20051.6796875
    ],
    [
      0.0,
      0.9992006421089172,
      0.03997468575835228,
      3364.11083984375
    ],
    [
      0.0,
      0.0,
      0.0,
      1.0
    ]
  ],
  "camera_fov": 1.2870022058486938,
  "clip_start": 0.10000000149011612,
  "clip_end": 150.0,
  "resolution": [
    640,
    640
  ]
}