{
  "viewpoint_id": 469,
  "glb_path": "data_out/19/673/3043627270436140673.glb",
  "camera_pos_blender": [
    -1169.55,
    20065.690000000002,
    3364.3732421875
  ],
  "target_pos_blender": [
    -1180.2505915505149,
    20076.201771519067,
    3363.7732421875
  ],
  "ground_height_blender": 3362.5732421875,
  "matrix_world": [
    [
      0.7007839679718018,
      -0.02851688303053379,
      0.712803304195404,
      -1169.550048828125
    ],
    [
      0.7133735418319702,
      0.028013620525598526,
      -0.7002238035202026,
      20065.689453125
    ],
    [
      0.0,
      0.9992006421089172,
      0.03997468575835228,
      3364.373291015625
    ],
    [
      0.0,
      0.0,
      0.0,
      1.0
    ]
  ],
  "camera_fov": 1.2870022058486938,
  "clip_start": 0.10000000149011612,
  "clip_end": 150.0,
  "resolution": [
    640,
    640
  ]
}