{
  "viewpoint_id": 470,
  "glb_path": "data_out/19/672/3043627270436140672.glb",
  "camera_pos_blender": [
    -1183.62,
    20079.9,
    3364.32587890625
  ],
  "target_pos_blender": [
    -1194.069966524677,
    20090.660957189448,
    3363.72587890625
  ],
  "ground_height_blender": 3362.52587890625,
  "matrix_world": [
    [
      0.7173591256141663,
      -0.027852008119225502,
      0.6961467266082764,
      -1183.6199951171875
    ],
    [
      0.6967036724090576,
      0.028677746653556824,
      -0.7167856693267822,
      20079.900390625
    ],
    [
      0.0,
      0.9992006421089172,
      0.03997683897614479,
      3364.325927734375
    ],
    [
      0.0,
      0.0,
      0.0,
      1.0
    ]
  ],
  "camera_fov": 1.2870022058486938,
  "clip_start": 0.10000000149011612,
  "clip_end": 150.0,
  "resolution": [
    640,
    640
  ]
}