{
  "viewpoint_id": 471,
  "glb_path": "data_out/19/672/3043627270436140672.glb",
  "camera_pos_blender": [
    -1197.94,
    20093.86,
    3365.094189453125
  ],
  "target_pos_blender": [
    -1208.751896660137,
    20104.25725399375,
    3364.494189453125
  ],
  "ground_height_blender": 3363.294189453125,
  "matrix_world": [
    [
      0.693187415599823,
      -0.028810206800699234,
      0.7201813459396362,
      -1197.93994140625
    ],
    [
      0.7207573652267456,
      0.027708178386092186,
      -0.6926334500312805,
      20093.859375
    ],
    [
      0.0,
      0.9992007613182068,
      0.039972130209207535,
      3365.09423828125
    ],
    [
      0.0,
      0.0,
      0.0,
      1.0
    ]
  ],
  "camera_fov": 1.2870022058486938,
  "clip_start": 0.10000000149011612,
  "clip_end": 150.0,
  "resolution": [
    640,
    640
  ]
}