{
  "viewpoint_id": 472,
  "glb_path": "data_out/19/672/3043627270436140672.glb",
  "camera_pos_blender": [
    -1212.27,
    20107.81,
    3364.541455078125
  ],
  "target_pos_blender": [
    -1222.9907529701793,
    20118.301208498186,
    3363.941455078125
  ],
  "ground_height_blender": 3362.741455078125,
  "matrix_world": [
    [
      0.6993823647499084,
      -0.02857307158410549,
      0.71417635679245,
      -1212.27001953125
    ],
    [
      0.7147477269172668,
      0.027958819642663002,
      -0.6988232731819153,
      20107.810546875
    ],
    [
      0.0,
      0.9992006421089172,
      0.039976440370082855,
      3364.54150390625
    ],
    [
      0.0,
      0.0,
      0.0,
      1.0
    ]
  ],
  "camera_fov": 1.2870022058486938,
  "clip_start": 0.10000000149011612,
  "clip_end": 150.0,
  "resolution": [
    640,
    640
  ]
}