{
  "viewpoint_id": 4932,
  "glb_path": "data_out/19/462/3043627270436071462.glb",
  "glb_paths": [
    "data_out/19/462/3043627270436071462.glb",
    "data_out/19/463/3043627270436071463.glb",
    "data_out/19/472/3043627270436071472.glb",
    "data_out/20/400/30436272704360716400.glb",
    "data_out/20/401/30436272704360716401.glb",
    "data_out/20/403/30436272704360716403.glb",
    "data_out/20/404/30436272704360716404.glb",
    "data_out/20/405/30436272704360716405.glb",
    "data_out/20/407/30436272704360716407.glb",
    "data_out/20/410/30436272704360716410.glb",
    "data_out/20/411/30436272704360716411.glb",
    "data_out/20/412/30436272704360716412.glb",
    "data_out/20/413/30436272704360716413.glb"
  ],
  "camera_pos_blender": [
    -1718.22,
    21038.72,
    3362.0373046875
  ],
  "target_pos_blender": [
    -1703.6498689528012,
    21042.285288384894,
    3360.2373046875
  ],
  "ground_height_blender": 3360.2373046875,
  "matrix_world": [
    [
      0.2376343160867691,
      0.11573734134435654,
      -0.9644349813461304,
      -1718.219970703125
    ],
    [
      -0.9713546633720398,
      0.02831423468887806,
      -0.23594146966934204,
      21038.720703125
    ],
    [
      0.0,
      0.9928761720657349,
      0.11915044486522675,
      3362.037353515625
    ],
    [
      0.0,
      0.0,
      0.0,
      1.0
    ]
  ],
  "camera_fov": 1.2870022058486938,
  "clip_start": 0.10000000149011612,
  "clip_end": 150.0,
  "resolution": [
    640,
    640
  ]
}