{
  "viewpoint_id": 4933,
  "glb_path": "data_out/19/462/3043627270436071462.glb",
  "glb_paths": [
    "data_out/19/462/3043627270436071462.glb",
    "data_out/19/463/3043627270436071463.glb",
    "data_out/19/472/3043627270436071472.glb",
    "data_out/19/650/3043627270436071650.glb",
    "data_out/20/400/30436272704360716400.glb",
    "data_out/20/401/30436272704360716401.glb",
    "data_out/20/403/30436272704360716403.glb",
    "data_out/20/404/30436272704360716404.glb",
    "data_out/20/405/30436272704360716405.glb",
    "data_out/20/407/30436272704360716407.glb",
    "data_out/20/410/30436272704360716410.glb",
    "data_out/20/411/30436272704360716411.glb",
    "data_out/20/412/30436272704360716412.glb",
    "data_out/20/413/30436272704360716413.glb"
  ],
  "camera_pos_blender": [
    -1698.79,
    21043.47,
    3362.026806640625
  ],
  "target_pos_blender": [
    -1684.219868952801,
    21047.035288384894,
    3360.226806640625
  ],
  "ground_height_blender": 3360.226806640625,
  "matrix_world": [
    [
      0.23763243854045868,
      0.11573649197816849,
      -0.9644355177879333,
      -1698.7900390625
    ],
    [
      -0.971355140209198,
      0.028313787654042244,
      -0.2359396070241928,
      21043.470703125
    ],
    [
      0.0,
      0.9928763508796692,
      0.11914950609207153,
      3362.02685546875
    ],
    [
      0.0,
      0.0,
      0.0,
      1.0
    ]
  ],
  "camera_fov": 1.2870022058486938,
  "clip_start": 0.10000000149011612,
  "clip_end": 150.0,
  "resolution": [
    640,
    640
  ]
}