{
  "viewpoint_id": 4935,
  "glb_path": "data_out/19/570/3043627270436142570.glb",
  "camera_pos_blender": [
    -1014.77,
    20300.58,
    3372.43818359375
  ],
  "target_pos_blender": [
    -1014.754292039603,
    20315.579991775332,
    3371.83818359375
  ],
  "ground_height_blender": 3370.63818359375,
  "matrix_world": [
    [
      0.9999995231628418,
      4.1965402488131076e-05,
      -0.0010489649139344692,
      -1014.77001953125
    ],
    [
      -0.0010498041519895196,
      0.03997448459267616,
      -0.9992001056671143,
      20300.580078125
    ],
    [
      -3.637979240772582e-12,
      0.999200701713562,
      0.039974506944417953,
      3372.438232421875
    ],
    [
      0.0,
      0.0,
      0.0,
      1.0
    ]
  ],
  "camera_fov": 1.2870022058486938,
  "clip_start": 0.10000000149011612,
  "clip_end": 150.0,
  "resolution": [
    640,
    640
  ]
}