{
  "viewpoint_id": 4936,
  "glb_path": "data_out/19/570/3043627270436142570.glb",
  "camera_pos_blender": [
    -1014.75,
    20320.58,
    3363.32294921875
  ],
  "target_pos_blender": [
    -1014.734292039603,
    20335.579991775332,
    3362.72294921875
  ],
  "ground_height_blender": 3361.52294921875,
  "matrix_world": [
    [
      0.9999995231628418,
      4.18027448176872e-05,
      -0.0010448992252349854,
      -1014.75
    ],
    [
      -0.0010457352036610246,
      0.03997448459267616,
      -0.9992001056671143,
      20320.580078125
    ],
    [
      0.0,
      0.999200701713562,
      0.039974506944417953,
      3363.322998046875
    ],
    [
      0.0,
      0.0,
      0.0,
      1.0
    ]
  ],
  "camera_fov": 1.2870022058486938,
  "clip_start": 0.10000000149011612,
  "clip_end": 150.0,
  "resolution": [
    640,
    640
  ]
}