{
  "viewpoint_id": 4937,
  "glb_path": "data_out/19/570/3043627270436142570.glb",
  "camera_pos_blender": [
    -1018.52,
    20340.0,
    3361.8
  ],
  "target_pos_blender": [
    -1024.4195020418624,
    20353.79115207871,
    3361.2
  ],
  "ground_height_blender": 3360.0,
  "matrix_world": [
    [
      0.9194079637527466,
      -0.01572231389582157,
      0.39299097657203674,
      -1018.52001953125
    ],
    [
      0.39330539107322693,
      0.03675317391753197,
      -0.9186729788780212,
      20340.0
    ],
    [
      -9.31322685637781e-10,
      0.9992006421089172,
      0.03997483104467392,
      3361.800048828125
    ],
    [
      0.0,
      0.0,
      0.0,
      1.0
    ]
  ],
  "camera_fov": 1.2870022058486938,
  "clip_start": 0.10000000149011612,
  "clip_end": 150.0,
  "resolution": [
    640,
    640
  ]
}