{
  "viewpoint_id": 5290,
  "glb_path": "data_out/20/722/30436272704361617722.glb",
  "glb_paths": [
    "data_out/20/722/30436272704361617722.glb",
    "data_out/20/723/30436272704361617723.glb",
    "data_out/20/726/30436272704361617726.glb",
    "data_out/20/727/30436272704361617727.glb",
    "data_out/20/732/30436272704361617732.glb",
    "data_out/20/736/30436272704361617736.glb",
    "data_out/20/410/30436272704361635410.glb",
    "data_out/20/411/30436272704361635411.glb",
    "data_out/20/412/30436272704361635412.glb",
    "data_out/20/413/30436272704361635413.glb",
    "data_out/20/414/30436272704361635414.glb",
    "data_out/20/416/30436272704361635416.glb",
    "data_out/20/417/30436272704361635417.glb",
    "data_out/20/431/30436272704361635431.glb",
    "data_out/20/435/30436272704361635435.glb",
    "data_out/20/501/30436272704361635501.glb",
    "data_out/20/502/30436272704361635502.glb",
    "data_out/20/503/30436272704361635503.glb",
    "data_out/20/505/30436272704361635505.glb",
    "data_out/20/506/30436272704361635506.glb",
    "data_out/20/507/30436272704361635507.glb",
    "data_out/20/510/30436272704361635510.glb",
    "data_out/20/511/30436272704361635511.glb",
    "data_out/20/512/30436272704361635512.glb",
    "data_out/20/513/30436272704361635513.glb",
    "data_out/20/514/30436272704361635514.glb",
    "data_out/20/515/30436272704361635515.glb",
    "data_out/20/516/30436272704361635516.glb",
    "data_out/20/517/30436272704361635517.glb",
    "data_out/20/520/30436272704361635520.glb",
    "data_out/20/521/30436272704361635521.glb",
    "data_out/20/524/30436272704361635524.glb",
    "data_out/20/525/30436272704361635525.glb",
    "data_out/20/530/30436272704361635530.glb",
    "data_out/20/531/30436272704361635531.glb",
    "data_out/20/534/30436272704361635534.glb",
    "data_out/20/535/30436272704361635535.glb"
  ],
  "camera_pos_blender": [
    -549.98,
    21404.170000000002,
    3358.56123046875
  ],
  "target_pos_blender": [
    -541.6660478189497,
    21391.684880892393,
    3356.76123046875
  ],
  "ground_height_blender": 3356.76123046875,
  "matrix_world": [
    [
      -0.8323276042938232,
      0.066044881939888,
      -0.5503352880477905,
      -549.97998046875
    ],
    [
      -0.5542841553688049,
      -0.09917471557855606,
      0.8263978362083435,
      21404.169921875
    ],
    [
      0.0,
      0.9928758144378662,
      0.1191534623503685,
      3358.561279296875
    ],
    [
      0.0,
      0.0,
      0.0,
      1.0
    ]
  ],
  "camera_fov": 1.2870022058486938,
  "clip_start": 0.10000000149011612,
  "clip_end": 150.0,
  "resolution": [
    640,
    640
  ]
}