{
  "viewpoint_id": 5291,
  "glb_path": "data_out/20/633/30436272704361617633.glb",
  "glb_paths": [
    "data_out/20/633/30436272704361617633.glb",
    "data_out/20/637/30436272704361617637.glb",
    "data_out/20/722/30436272704361617722.glb",
    "data_out/20/723/30436272704361617723.glb",
    "data_out/20/726/30436272704361617726.glb",
    "data_out/20/727/30436272704361617727.glb",
    "data_out/20/732/30436272704361617732.glb",
    "data_out/20/733/30436272704361617733.glb",
    "data_out/20/736/30436272704361617736.glb",
    "data_out/20/737/30436272704361617737.glb",
    "data_out/20/411/30436272704361635411.glb",
    "data_out/20/413/30436272704361635413.glb",
    "data_out/20/417/30436272704361635417.glb",
    "data_out/20/501/30436272704361635501.glb",
    "data_out/20/502/30436272704361635502.glb",
    "data_out/20/503/30436272704361635503.glb",
    "data_out/20/505/30436272704361635505.glb",
    "data_out/20/506/30436272704361635506.glb",
    "data_out/20/507/30436272704361635507.glb",
    "data_out/20/510/30436272704361635510.glb",
    "data_out/20/511/30436272704361635511.glb",
    "data_out/20/512/30436272704361635512.glb",
    "data_out/20/513/30436272704361635513.glb",
    "data_out/20/514/30436272704361635514.glb",
    "data_out/20/515/30436272704361635515.glb",
    "data_out/20/516/30436272704361635516.glb",
    "data_out/20/517/30436272704361635517.glb",
    "data_out/20/520/30436272704361635520.glb",
    "data_out/20/521/30436272704361635521.glb",
    "data_out/20/524/30436272704361635524.glb",
    "data_out/20/525/30436272704361635525.glb",
    "data_out/20/530/30436272704361635530.glb",
    "data_out/20/534/30436272704361635534.glb",
    "data_out/20/400/30436272704361724400.glb",
    "data_out/20/404/30436272704361724404.glb"
  ],
  "camera_pos_blender": [
    -538.9,
    21387.52,
    3359.75068359375
  ],
  "target_pos_blender": [
    -530.5904064540946,
    21375.0319795363,
    3357.95068359375
  ],
  "ground_height_blender": 3357.95068359375,
  "matrix_world": [
    [
      -0.832538902759552,
      0.0660032108426094,
      -0.5500205159187317,
      -538.9000244140625
    ],
    [
      -0.5539666414260864,
      -0.09919413179159164,
      0.826608419418335,
      21387.51953125
    ],
    [
      3.725290298461914e-09,
      0.9928767085075378,
      0.11914654076099396,
      3359.750732421875
    ],
    [
      0.0,
      0.0,
      0.0,
      1.0
    ]
  ],
  "camera_fov": 1.2870022058486938,
  "clip_start": 0.10000000149011612,
  "clip_end": 150.0,
  "resolution": [
    640,
    640
  ]
}