{
  "viewpoint_id": 5292,
  "glb_path": "data_out/20/633/30436272704361617633.glb",
  "glb_paths": [
    "data_out/20/633/30436272704361617633.glb",
    "data_out/20/637/30436272704361617637.glb",
    "data_out/20/721/30436272704361617721.glb",
    "data_out/20/722/30436272704361617722.glb",
    "data_out/20/723/30436272704361617723.glb",
    "data_out/20/725/30436272704361617725.glb",
    "data_out/20/726/30436272704361617726.glb",
    "data_out/20/727/30436272704361617727.glb",
    "data_out/20/730/30436272704361617730.glb",
    "data_out/20/732/30436272704361617732.glb",
    "data_out/20/733/30436272704361617733.glb",
    "data_out/20/734/30436272704361617734.glb",
    "data_out/20/736/30436272704361617736.glb",
    "data_out/20/737/30436272704361617737.glb",
    "data_out/20/411/30436272704361635411.glb",
    "data_out/20/501/30436272704361635501.glb",
    "data_out/20/502/30436272704361635502.glb",
    "data_out/20/503/30436272704361635503.glb",
    "data_out/20/505/30436272704361635505.glb",
    "data_out/20/506/30436272704361635506.glb",
    "data_out/20/507/30436272704361635507.glb",
    "data_out/20/510/30436272704361635510.glb",
    "data_out/20/511/30436272704361635511.glb",
    "data_out/20/512/30436272704361635512.glb",
    "data_out/20/513/30436272704361635513.glb",
    "data_out/20/514/30436272704361635514.glb",
    "data_out/20/515/30436272704361635515.glb",
    "data_out/20/516/30436272704361635516.glb",
    "data_out/20/517/30436272704361635517.glb",
    "data_out/20/622/30436272704361706622.glb",
    "data_out/20/626/30436272704361706626.glb",
    "data_out/20/400/30436272704361724400.glb",
    "data_out/20/402/30436272704361724402.glb",
    "data_out/20/404/30436272704361724404.glb",
    "data_out/20/406/30436272704361724406.glb"
  ],
  "camera_pos_blender": [
    -527.56,
    21371.05,
    3358.5197265625
  ],
  "target_pos_blender": [
    -518.3457219985158,
    21359.213738727478,
    3356.7197265625
  ],
  "ground_height_blender": 3356.7197265625,
  "matrix_world": [
    [
      -0.789124608039856,
      0.07317868620157242,
      -0.6098583936691284,
      -527.5599975585938
    ],
    [
      -0.6142331957817078,
      -0.09401493519544601,
      0.783504068851471,
      21371.05078125
    ],
    [
      0.0,
      0.9928776621818542,
      0.11913825571537018,
      3358.519775390625
    ],
    [
      0.0,
      0.0,
      0.0,
      1.0
    ]
  ],
  "camera_fov": 1.2870022058486938,
  "clip_start": 0.10000000149011612,
  "clip_end": 150.0,
  "resolution": [
    640,
    640
  ]
}