{
  "viewpoint_id": 5329,
  "glb_path": "data_out/20/403/30436272704361635403.glb",
  "glb_paths": [
    "data_out/20/403/30436272704361635403.glb",
    "data_out/20/407/30436272704361635407.glb",
    "data_out/20/412/30436272704361635412.glb",
    "data_out/20/413/30436272704361635413.glb",
    "data_out/20/416/30436272704361635416.glb",
    "data_out/20/417/30436272704361635417.glb",
    "data_out/20/420/30436272704361635420.glb",
    "data_out/20/421/30436272704361635421.glb",
    "data_out/20/422/30436272704361635422.glb",
    "data_out/20/423/30436272704361635423.glb",
    "data_out/20/424/30436272704361635424.glb",
    "data_out/20/425/30436272704361635425.glb",
    "data_out/20/426/30436272704361635426.glb",
    "data_out/20/427/30436272704361635427.glb",
    "data_out/20/430/30436272704361635430.glb",
    "data_out/20/431/30436272704361635431.glb",
    "data_out/20/432/30436272704361635432.glb",
    "data_out/20/433/30436272704361635433.glb",
    "data_out/20/434/30436272704361635434.glb",
    "data_out/20/435/30436272704361635435.glb",
    "data_out/20/436/30436272704361635436.glb",
    "data_out/20/437/30436272704361635437.glb",
    "data_out/20/502/30436272704361635502.glb",
    "data_out/20/506/30436272704361635506.glb",
    "data_out/20/520/30436272704361635520.glb",
    "data_out/20/521/30436272704361635521.glb",
    "data_out/20/522/30436272704361635522.glb",
    "data_out/20/523/30436272704361635523.glb",
    "data_out/20/524/30436272704361635524.glb",
    "data_out/20/525/30436272704361635525.glb",
    "data_out/20/526/30436272704361635526.glb",
    "data_out/20/527/30436272704361635527.glb",
    "data_out/20/601/30436272704361635601.glb",
    "data_out/20/605/30436272704361635605.glb",
    "data_out/20/610/30436272704361635610.glb",
    "data_out/20/611/30436272704361635611.glb",
    "data_out/20/614/30436272704361635614.glb",
    "data_out/20/615/30436272704361635615.glb",
    "data_out/20/700/30436272704361635700.glb",
    "data_out/20/704/30436272704361635704.glb"
  ],
  "camera_pos_blender": [
    -614.24,
    21470.98,
    3358.585888671875
  ],
  "target_pos_blender": [
    -619.9003392551368,
    21484.871024422868,
    3356.785888671875
  ],
  "ground_height_blender": 3356.785888671875,
  "matrix_world": [
    [
      0.9260645508766174,
      -0.04496356099843979,
      0.3746769428253174,
      -614.239990234375
    ],
    [
      0.3773652911186218,
      0.11034178733825684,
      -0.9194673299789429,
      21470.98046875
    ],
    [
      3.725290742551124e-09,
      0.9928760528564453,
      0.11915130168199539,
      3358.5859375
    ],
    [
      0.0,
      0.0,
      0.0,
      1.0
    ]
  ],
  "camera_fov": 1.2870022058486938,
  "clip_start": 0.10000000149011612,
  "clip_end": 150.0,
  "resolution": [
    640,
    640
  ]
}