{
  "viewpoint_id": 5330,
  "glb_path": "data_out/20/412/30436272704361635412.glb",
  "glb_paths": [
    "data_out/20/412/30436272704361635412.glb",
    "data_out/20/416/30436272704361635416.glb",
    "data_out/20/420/30436272704361635420.glb",
    "data_out/20/421/30436272704361635421.glb",
    "data_out/20/422/30436272704361635422.glb",
    "data_out/20/423/30436272704361635423.glb",
    "data_out/20/424/30436272704361635424.glb",
    "data_out/20/425/30436272704361635425.glb",
    "data_out/20/426/30436272704361635426.glb",
    "data_out/20/427/30436272704361635427.glb",
    "data_out/20/430/30436272704361635430.glb",
    "data_out/20/431/30436272704361635431.glb",
    "data_out/20/432/30436272704361635432.glb",
    "data_out/20/433/30436272704361635433.glb",
    "data_out/20/434/30436272704361635434.glb",
    "data_out/20/435/30436272704361635435.glb",
    "data_out/20/436/30436272704361635436.glb",
    "data_out/20/437/30436272704361635437.glb",
    "data_out/20/520/30436272704361635520.glb",
    "data_out/20/522/30436272704361635522.glb",
    "data_out/20/524/30436272704361635524.glb",
    "data_out/20/526/30436272704361635526.glb",
    "data_out/20/600/30436272704361635600.glb",
    "data_out/20/601/30436272704361635601.glb",
    "data_out/20/604/30436272704361635604.glb",
    "data_out/20/605/30436272704361635605.glb",
    "data_out/20/610/30436272704361635610.glb",
    "data_out/20/611/30436272704361635611.glb",
    "data_out/20/612/30436272704361635612.glb",
    "data_out/20/614/30436272704361635614.glb",
    "data_out/20/615/30436272704361635615.glb",
    "data_out/20/616/30436272704361635616.glb",
    "data_out/20/700/30436272704361635700.glb",
    "data_out/20/704/30436272704361635704.glb"
  ],
  "camera_pos_blender": [
    -624.07,
    21488.260000000002,
    3358.4259765625
  ],
  "target_pos_blender": [
    -634.4559261031799,
    21499.082778708784,
    3356.6259765625
  ],
  "ground_height_blender": 3356.6259765625,
  "matrix_world": [
    [
      0.7215022444725037,
      -0.08250180631875992,
      0.6874794960021973,
      -624.0700073242188
    ],
    [
      0.6924121379852295,
      0.08596792817115784,
      -0.7163623571395874,
      21488.259765625
    ],
    [
      0.0,
      0.9928760528564453,
      0.11915131658315659,
      3358.426025390625
    ],
    [
      0.0,
      0.0,
      0.0,
      1.0
    ]
  ],
  "camera_fov": 1.2870022058486938,
  "clip_start": 0.10000000149011612,
  "clip_end": 150.0,
  "resolution": [
    640,
    640
  ]
}