{
  "viewpoint_id": 5331,
  "glb_path": "data_out/20/533/30436272704361634533.glb",
  "glb_paths": [
    "data_out/20/533/30436272704361634533.glb",
    "data_out/20/537/30436272704361634537.glb",
    "data_out/20/711/30436272704361634711.glb",
    "data_out/20/715/30436272704361634715.glb",
    "data_out/20/420/30436272704361635420.glb",
    "data_out/20/421/30436272704361635421.glb",
    "data_out/20/422/30436272704361635422.glb",
    "data_out/20/423/30436272704361635423.glb",
    "data_out/20/424/30436272704361635424.glb",
    "data_out/20/425/30436272704361635425.glb",
    "data_out/20/426/30436272704361635426.glb",
    "data_out/20/427/30436272704361635427.glb",
    "data_out/20/430/30436272704361635430.glb",
    "data_out/20/431/30436272704361635431.glb",
    "data_out/20/432/30436272704361635432.glb",
    "data_out/20/433/30436272704361635433.glb",
    "data_out/20/434/30436272704361635434.glb",
    "data_out/20/435/30436272704361635435.glb",
    "data_out/20/436/30436272704361635436.glb",
    "data_out/20/437/30436272704361635437.glb",
    "data_out/20/522/30436272704361635522.glb",
    "data_out/20/526/30436272704361635526.glb",
    "data_out/20/600/30436272704361635600.glb",
    "data_out/20/601/30436272704361635601.glb",
    "data_out/20/602/30436272704361635602.glb",
    "data_out/20/603/30436272704361635603.glb",
    "data_out/20/604/30436272704361635604.glb",
    "data_out/20/605/30436272704361635605.glb",
    "data_out/20/606/30436272704361635606.glb",
    "data_out/20/607/30436272704361635607.glb",
    "data_out/20/610/30436272704361635610.glb",
    "data_out/20/611/30436272704361635611.glb",
    "data_out/20/612/30436272704361635612.glb",
    "data_out/20/613/30436272704361635613.glb",
    "data_out/20/614/30436272704361635614.glb",
    "data_out/20/615/30436272704361635615.glb",
    "data_out/20/616/30436272704361635616.glb",
    "data_out/20/617/30436272704361635617.glb",
    "data_out/20/700/30436272704361635700.glb",
    "data_out/20/704/30436272704361635704.glb"
  ],
  "camera_pos_blender": [
    -637.76,
    21502.83,
    3358.529736328125
  ],
  "target_pos_blender": [
    -647.936242432027,
    21513.85016741999,
    3356.729736328125
  ],
  "ground_height_blender": 3356.729736328125,
  "matrix_world": [
    [
      0.7346594333648682,
      -0.0808371901512146,
      0.6736028790473938,
      -637.760009765625
    ],
    [
      0.6784361004829407,
      0.08753632009029388,
      -0.7294256687164307,
      21502.830078125
    ],
    [
      3.725290742551124e-09,
      0.9928759932518005,
      0.1191522404551506,
      3358.52978515625
    ],
    [
      0.0,
      0.0,
      0.0,
      1.0
    ]
  ],
  "camera_fov": 1.2870022058486938,
  "clip_start": 0.10000000149011612,
  "clip_end": 150.0,
  "resolution": [
    640,
    640
  ]
}