{
  "viewpoint_id": 5333,
  "glb_path": "data_out/20/533/30436272704361634533.glb",
  "glb_paths": [
    "data_out/20/533/30436272704361634533.glb",
    "data_out/20/537/30436272704361634537.glb",
    "data_out/20/710/30436272704361634710.glb",
    "data_out/20/711/30436272704361634711.glb",
    "data_out/20/712/30436272704361634712.glb",
    "data_out/20/713/30436272704361634713.glb",
    "data_out/20/714/30436272704361634714.glb",
    "data_out/20/715/30436272704361634715.glb",
    "data_out/20/716/30436272704361634716.glb",
    "data_out/20/717/30436272704361634717.glb",
    "data_out/20/422/30436272704361635422.glb",
    "data_out/20/423/30436272704361635423.glb",
    "data_out/20/426/30436272704361635426.glb",
    "data_out/20/427/30436272704361635427.glb",
    "data_out/20/432/30436272704361635432.glb",
    "data_out/20/436/30436272704361635436.glb",
    "data_out/20/600/30436272704361635600.glb",
    "data_out/20/601/30436272704361635601.glb",
    "data_out/20/602/30436272704361635602.glb",
    "data_out/20/603/30436272704361635603.glb",
    "data_out/20/604/30436272704361635604.glb",
    "data_out/20/605/30436272704361635605.glb",
    "data_out/20/606/30436272704361635606.glb",
    "data_out/20/607/30436272704361635607.glb",
    "data_out/20/610/30436272704361635610.glb",
    "data_out/20/611/30436272704361635611.glb",
    "data_out/20/612/30436272704361635612.glb",
    "data_out/20/613/30436272704361635613.glb",
    "data_out/20/614/30436272704361635614.glb",
    "data_out/20/615/30436272704361635615.glb",
    "data_out/20/616/30436272704361635616.glb",
    "data_out/20/617/30436272704361635617.glb",
    "data_out/20/620/30436272704361635620.glb",
    "data_out/20/621/30436272704361635621.glb",
    "data_out/20/624/30436272704361635624.glb",
    "data_out/20/625/30436272704361635625.glb"
  ],
  "camera_pos_blender": [
    -665.31,
    21531.84,
    3358.58369140625
  ],
  "target_pos_blender": [
    -675.6391160575998,
    21542.717010686243,
    3356.78369140625
  ],
  "ground_height_blender": 3356.78369140625,
  "matrix_world": [
    [
      0.7251327037811279,
      -0.08204696327447891,
      0.6837038397789001,
      -665.3099975585938
    ],
    [
      0.6886091828346252,
      0.08639869838953018,
      -0.7199671864509583,
      21531.83984375
    ],
    [
      -3.7252898543727042e-09,
      0.992876410484314,
      0.11914882063865662,
      3358.583740234375
    ],
    [
      0.0,
      0.0,
      0.0,
      1.0
    ]
  ],
  "camera_fov": 1.2870022058486938,
  "clip_start": 0.10000000149011612,
  "clip_end": 150.0,
  "resolution": [
    640,
    640
  ]
}