{
  "viewpoint_id": 5335,
  "glb_path": "data_out/20/533/30436272704361634533.glb",
  "glb_paths": [
    "data_out/20/533/30436272704361634533.glb",
    "data_out/20/537/30436272704361634537.glb",
    "data_out/20/701/30436272704361634701.glb",
    "data_out/20/703/30436272704361634703.glb",
    "data_out/20/705/30436272704361634705.glb",
    "data_out/20/707/30436272704361634707.glb",
    "data_out/20/710/30436272704361634710.glb",
    "data_out/20/711/30436272704361634711.glb",
    "data_out/20/712/30436272704361634712.glb",
    "data_out/20/713/30436272704361634713.glb",
    "data_out/20/714/30436272704361634714.glb",
    "data_out/20/715/30436272704361634715.glb",
    "data_out/20/716/30436272704361634716.glb",
    "data_out/20/717/30436272704361634717.glb",
    "data_out/20/721/30436272704361634721.glb",
    "data_out/20/725/30436272704361634725.glb",
    "data_out/20/730/30436272704361634730.glb",
    "data_out/20/731/30436272704361634731.glb",
    "data_out/20/734/30436272704361634734.glb",
    "data_out/20/735/30436272704361634735.glb",
    "data_out/20/761/30436272704361634761.glb",
    "data_out/20/422/30436272704361635422.glb",
    "data_out/20/426/30436272704361635426.glb",
    "data_out/20/600/30436272704361635600.glb",
    "data_out/20/601/30436272704361635601.glb",
    "data_out/20/602/30436272704361635602.glb",
    "data_out/20/603/30436272704361635603.glb",
    "data_out/20/604/30436272704361635604.glb",
    "data_out/20/605/30436272704361635605.glb",
    "data_out/20/606/30436272704361635606.glb",
    "data_out/20/607/30436272704361635607.glb",
    "data_out/20/610/30436272704361635610.glb",
    "data_out/20/612/30436272704361635612.glb",
    "data_out/20/614/30436272704361635614.glb",
    "data_out/20/616/30436272704361635616.glb",
    "data_out/20/620/30436272704361635620.glb",
    "data_out/20/621/30436272704361635621.glb",
    "data_out/20/624/30436272704361635624.glb",
    "data_out/20/625/30436272704361635625.glb"
  ],
  "camera_pos_blender": [
    -692.85,
    21560.850000000002,
    3358.4826171875
  ],
  "target_pos_blender": [
    -703.1791160575999,
    21571.727010686245,
    3356.6826171875
  ],
  "ground_height_blender": 3356.6826171875,
  "matrix_world": [
    [
      0.7251306772232056,
      -0.0820469930768013,
      0.6837059259414673,
      -692.8499755859375
    ],
    [
      0.6886113286018372,
      0.08639822155237198,
      -0.7199651598930359,
      21560.849609375
    ],
    [
      3.725290742551124e-09,
      0.992876410484314,
      0.11914848536252975,
      3358.482666015625
    ],
    [
      0.0,
      0.0,
      0.0,
      1.0
    ]
  ],
  "camera_fov": 1.2870022058486938,
  "clip_start": 0.10000000149011612,
  "clip_end": 150.0,
  "resolution": [
    640,
    640
  ]
}