{
  "viewpoint_id": 5336,
  "glb_path": "data_out/20/701/30436272704361634701.glb",
  "glb_paths": [
    "data_out/20/701/30436272704361634701.glb",
    "data_out/20/703/30436272704361634703.glb",
    "data_out/20/705/30436272704361634705.glb",
    "data_out/20/707/30436272704361634707.glb",
    "data_out/20/710/30436272704361634710.glb",
    "data_out/20/711/30436272704361634711.glb",
    "data_out/20/712/30436272704361634712.glb",
    "data_out/20/713/30436272704361634713.glb",
    "data_out/20/714/30436272704361634714.glb",
    "data_out/20/715/30436272704361634715.glb",
    "data_out/20/716/30436272704361634716.glb",
    "data_out/20/717/30436272704361634717.glb",
    "data_out/20/721/30436272704361634721.glb",
    "data_out/20/725/30436272704361634725.glb",
    "data_out/20/730/30436272704361634730.glb",
    "data_out/20/731/30436272704361634731.glb",
    "data_out/20/732/30436272704361634732.glb",
    "data_out/20/733/30436272704361634733.glb",
    "data_out/20/734/30436272704361634734.glb",
    "data_out/20/735/30436272704361634735.glb",
    "data_out/20/736/30436272704361634736.glb",
    "data_out/20/737/30436272704361634737.glb",
    "data_out/20/761/30436272704361634761.glb",
    "data_out/20/600/30436272704361635600.glb",
    "data_out/20/601/30436272704361635601.glb",
    "data_out/20/602/30436272704361635602.glb",
    "data_out/20/603/30436272704361635603.glb",
    "data_out/20/604/30436272704361635604.glb",
    "data_out/20/605/30436272704361635605.glb",
    "data_out/20/606/30436272704361635606.glb",
    "data_out/20/607/30436272704361635607.glb",
    "data_out/20/620/30436272704361635620.glb",
    "data_out/20/621/30436272704361635621.glb",
    "data_out/20/624/30436272704361635624.glb",
    "data_out/20/625/30436272704361635625.glb"
  ],
  "camera_pos_blender": [
    -706.62,
    21575.350000000002,
    3358.4318359375
  ],
  "target_pos_blender": [
    -716.9491160575999,
    21586.227010686245,
    3356.6318359375
  ],
  "ground_height_blender": 3356.6318359375,
  "matrix_world": [
    [
      0.7251327037811279,
      -0.08204696327447891,
      0.6837038397789001,
      -706.6199951171875
    ],
    [
      0.6886091828346252,
      0.08639869838953018,
      -0.7199671864509583,
      21575.349609375
    ],
    [
      -3.7252898543727042e-09,
      0.992876410484314,
      0.11914882063865662,
      3358.431884765625
    ],
    [
      0.0,
      0.0,
      0.0,
      1.0
    ]
  ],
  "camera_fov": 1.2870022058486938,
  "clip_start": 0.10000000149011612,
  "clip_end": 150.0,
  "resolution": [
    640,
    640
  ]
}