{
  "viewpoint_id": 5338,
  "glb_path": "data_out/20/702/30436272704361634702.glb",
  "glb_paths": [
    "data_out/20/702/30436272704361634702.glb",
    "data_out/20/703/30436272704361634703.glb",
    "data_out/20/706/30436272704361634706.glb",
    "data_out/20/707/30436272704361634707.glb",
    "data_out/20/710/30436272704361634710.glb",
    "data_out/20/712/30436272704361634712.glb",
    "data_out/20/713/30436272704361634713.glb",
    "data_out/20/714/30436272704361634714.glb",
    "data_out/20/716/30436272704361634716.glb",
    "data_out/20/717/30436272704361634717.glb",
    "data_out/20/721/30436272704361634721.glb",
    "data_out/20/722/30436272704361634722.glb",
    "data_out/20/723/30436272704361634723.glb",
    "data_out/20/725/30436272704361634725.glb",
    "data_out/20/726/30436272704361634726.glb",
    "data_out/20/727/30436272704361634727.glb",
    "data_out/20/730/30436272704361634730.glb",
    "data_out/20/731/30436272704361634731.glb",
    "data_out/20/732/30436272704361634732.glb",
    "data_out/20/733/30436272704361634733.glb",
    "data_out/20/734/30436272704361634734.glb",
    "data_out/20/735/30436272704361634735.glb",
    "data_out/20/736/30436272704361634736.glb",
    "data_out/20/737/30436272704361634737.glb",
    "data_out/20/761/30436272704361634761.glb",
    "data_out/20/762/30436272704361634762.glb",
    "data_out/20/602/30436272704361635602.glb",
    "data_out/20/606/30436272704361635606.glb",
    "data_out/20/620/30436272704361635620.glb",
    "data_out/20/624/30436272704361635624.glb",
    "data_out/20/510/30436272704361636510.glb",
    "data_out/20/514/30436272704361636514.glb"
  ],
  "camera_pos_blender": [
    -734.29,
    21604.23,
    3358.485302734375
  ],
  "target_pos_blender": [
    -744.9427806343492,
    21614.79022086684,
    3356.685302734375
  ],
  "ground_height_blender": 3356.685302734375,
  "matrix_world": [
    [
      0.7040239572525024,
      -0.08461488783359528,
      0.705117404460907,
      -734.2899780273438
    ],
    [
      0.7101761698722839,
      0.08388186991214752,
      -0.6990090012550354,
      21604.23046875
    ],
    [
      0.0,
      0.9928766489028931,
      0.11914632469415665,
      3358.4853515625
    ],
    [
      0.0,
      0.0,
      0.0,
      1.0
    ]
  ],
  "camera_fov": 1.2870022058486938,
  "clip_start": 0.10000000149011612,
  "clip_end": 150.0,
  "resolution": [
    640,
    640
  ]
}