{
  "viewpoint_id": 5339,
  "glb_path": "data_out/20/633/30436272704361634633.glb",
  "glb_paths": [
    "data_out/20/633/30436272704361634633.glb",
    "data_out/20/637/30436272704361634637.glb",
    "data_out/20/702/30436272704361634702.glb",
    "data_out/20/703/30436272704361634703.glb",
    "data_out/20/706/30436272704361634706.glb",
    "data_out/20/707/30436272704361634707.glb",
    "data_out/20/712/30436272704361634712.glb",
    "data_out/20/713/30436272704361634713.glb",
    "data_out/20/716/30436272704361634716.glb",
    "data_out/20/717/30436272704361634717.glb",
    "data_out/20/721/30436272704361634721.glb",
    "data_out/20/722/30436272704361634722.glb",
    "data_out/20/723/30436272704361634723.glb",
    "data_out/20/725/30436272704361634725.glb",
    "data_out/20/726/30436272704361634726.glb",
    "data_out/20/727/30436272704361634727.glb",
    "data_out/20/730/30436272704361634730.glb",
    "data_out/20/731/30436272704361634731.glb",
    "data_out/20/732/30436272704361634732.glb",
    "data_out/20/733/30436272704361634733.glb",
    "data_out/20/734/30436272704361634734.glb",
    "data_out/20/735/30436272704361634735.glb",
    "data_out/20/736/30436272704361634736.glb",
    "data_out/20/737/30436272704361634737.glb",
    "data_out/20/761/30436272704361634761.glb",
    "data_out/20/762/30436272704361634762.glb",
    "data_out/20/620/30436272704361635620.glb",
    "data_out/20/624/30436272704361635624.glb",
    "data_out/20/500/30436272704361636500.glb",
    "data_out/20/501/30436272704361636501.glb",
    "data_out/20/504/30436272704361636504.glb",
    "data_out/20/505/30436272704361636505.glb",
    "data_out/20/510/30436272704361636510.glb",
    "data_out/20/514/30436272704361636514.glb"
  ],
  "camera_pos_blender": [
    -748.29,
    21618.510000000002,
    3358.435498046875
  ],
  "target_pos_blender": [
    -758.758732012299,
    21629.25270217658,
    3356.635498046875
  ],
  "ground_height_blender": 3356.635498046875,
  "matrix_world": [
    [
      0.7161628603935242,
      -0.08315957337617874,
      0.6929612159729004,
      -748.2899780273438
    ],
    [
      0.6979331970214844,
      0.08533166348934174,
      -0.7110610008239746,
      21618.509765625
    ],
    [
      -3.725290298461914e-09,
      0.9928761124610901,
      0.11915119737386703,
      3358.435546875
    ],
    [
      0.0,
      0.0,
      0.0,
      1.0
    ]
  ],
  "camera_fov": 1.2870022058486938,
  "clip_start": 0.10000000149011612,
  "clip_end": 150.0,
  "resolution": [
    640,
    640
  ]
}