{
  "viewpoint_id": 5341,
  "glb_path": "data_out/20/630/30436272704361634630.glb",
  "glb_paths": [
    "data_out/20/630/30436272704361634630.glb",
    "data_out/20/633/30436272704361634633.glb",
    "data_out/20/634/30436272704361634634.glb",
    "data_out/20/637/30436272704361634637.glb",
    "data_out/20/721/30436272704361634721.glb",
    "data_out/20/722/30436272704361634722.glb",
    "data_out/20/723/30436272704361634723.glb",
    "data_out/20/725/30436272704361634725.glb",
    "data_out/20/726/30436272704361634726.glb",
    "data_out/20/727/30436272704361634727.glb",
    "data_out/20/730/30436272704361634730.glb",
    "data_out/20/732/30436272704361634732.glb",
    "data_out/20/733/30436272704361634733.glb",
    "data_out/20/734/30436272704361634734.glb",
    "data_out/20/736/30436272704361634736.glb",
    "data_out/20/737/30436272704361634737.glb",
    "data_out/20/761/30436272704361634761.glb",
    "data_out/20/762/30436272704361634762.glb",
    "data_out/20/410/30436272704361636410.glb",
    "data_out/20/411/30436272704361636411.glb",
    "data_out/20/414/30436272704361636414.glb",
    "data_out/20/415/30436272704361636415.glb",
    "data_out/20/500/30436272704361636500.glb",
    "data_out/20/501/30436272704361636501.glb",
    "data_out/20/503/30436272704361636503.glb",
    "data_out/20/504/30436272704361636504.glb",
    "data_out/20/505/30436272704361636505.glb",
    "data_out/20/507/30436272704361636507.glb",
    "data_out/20/510/30436272704361636510.glb",
    "data_out/20/514/30436272704361636514.glb"
  ],
  "camera_pos_blender": [
    -776.21,
    21647.16,
    3358.489453125
  ],
  "target_pos_blender": [
    -786.650571840136,
    21657.93007240695,
    3356.689453125
  ],
  "ground_height_blender": 3356.689453125,
  "matrix_world": [
    [
      0.7179880142211914,
      -0.08293609321117401,
      0.6910967826843262,
      -776.2100219726562
    ],
    [
      0.6960554718971252,
      0.08554939180612564,
      -0.712873101234436,
      21647.16015625
    ],
    [
      0.0,
      0.9928761124610901,
      0.11915155500173569,
      3358.489501953125
    ],
    [
      0.0,
      0.0,
      0.0,
      1.0
    ]
  ],
  "camera_fov": 1.2870022058486938,
  "clip_start": 0.10000000149011612,
  "clip_end": 150.0,
  "resolution": [
    640,
    640
  ]
}