{
  "viewpoint_id": 5342,
  "glb_path": "data_out/20/630/30436272704361634630.glb",
  "glb_paths": [
    "data_out/20/630/30436272704361634630.glb",
    "data_out/20/633/30436272704361634633.glb",
    "data_out/20/634/30436272704361634634.glb",
    "data_out/20/637/30436272704361634637.glb",
    "data_out/20/721/30436272704361634721.glb",
    "data_out/20/722/30436272704361634722.glb",
    "data_out/20/723/30436272704361634723.glb",
    "data_out/20/725/30436272704361634725.glb",
    "data_out/20/726/30436272704361634726.glb",
    "data_out/20/727/30436272704361634727.glb",
    "data_out/20/732/30436272704361634732.glb",
    "data_out/20/736/30436272704361634736.glb",
    "data_out/20/761/30436272704361634761.glb",
    "data_out/20/762/30436272704361634762.glb",
    "data_out/20/410/30436272704361636410.glb",
    "data_out/20/411/30436272704361636411.glb",
    "data_out/20/412/30436272704361636412.glb",
    "data_out/20/413/30436272704361636413.glb",
    "data_out/20/414/30436272704361636414.glb",
    "data_out/20/415/30436272704361636415.glb",
    "data_out/20/416/30436272704361636416.glb",
    "data_out/20/417/30436272704361636417.glb",
    "data_out/20/500/30436272704361636500.glb",
    "data_out/20/501/30436272704361636501.glb",
    "data_out/20/503/30436272704361636503.glb",
    "data_out/20/504/30436272704361636504.glb",
    "data_out/20/505/30436272704361636505.glb",
    "data_out/20/507/30436272704361636507.glb",
    "data_out/20/510/30436272704361636510.glb",
    "data_out/20/514/30436272704361636514.glb"
  ],
  "camera_pos_blender": [
    -790.05,
    21661.600000000002,
    3358.41376953125
  ],
  "target_pos_blender": [
    -800.3277448548954,
    21672.52556454824,
    3356.61376953125
  ],
  "ground_height_blender": 3356.61376953125,
  "matrix_world": [
    [
      0.7283768653869629,
      -0.08163677155971527,
      0.6802958846092224,
      -790.0499877929688
    ],
    [
      0.6851766705513,
      0.08678394556045532,
      -0.7231883406639099,
      21661.599609375
    ],
    [
      0.0,
      0.9928765892982483,
      0.11914702504873276,
      3358.413818359375
    ],
    [
      0.0,
      0.0,
      0.0,
      1.0
    ]
  ],
  "camera_fov": 1.2870022058486938,
  "clip_start": 0.10000000149011612,
  "clip_end": 150.0,
  "resolution": [
    640,
    640
  ]
}