{
  "viewpoint_id": 5343,
  "glb_path": "data_out/20/633/30436272704361634633.glb",
  "glb_paths": [
    "data_out/20/633/30436272704361634633.glb",
    "data_out/20/637/30436272704361634637.glb",
    "data_out/20/722/30436272704361634722.glb",
    "data_out/20/723/30436272704361634723.glb",
    "data_out/20/726/30436272704361634726.glb",
    "data_out/20/727/30436272704361634727.glb",
    "data_out/20/732/30436272704361634732.glb",
    "data_out/20/736/30436272704361634736.glb",
    "data_out/20/762/30436272704361634762.glb",
    "data_out/20/401/30436272704361636401.glb",
    "data_out/20/403/30436272704361636403.glb",
    "data_out/20/405/30436272704361636405.glb",
    "data_out/20/407/30436272704361636407.glb",
    "data_out/20/410/30436272704361636410.glb",
    "data_out/20/411/30436272704361636411.glb",
    "data_out/20/412/30436272704361636412.glb",
    "data_out/20/413/30436272704361636413.glb",
    "data_out/20/414/30436272704361636414.glb",
    "data_out/20/415/30436272704361636415.glb",
    "data_out/20/416/30436272704361636416.glb",
    "data_out/20/417/30436272704361636417.glb",
    "data_out/20/500/30436272704361636500.glb",
    "data_out/20/501/30436272704361636501.glb",
    "data_out/20/503/30436272704361636503.glb",
    "data_out/20/504/30436272704361636504.glb",
    "data_out/20/505/30436272704361636505.glb",
    "data_out/20/507/30436272704361636507.glb",
    "data_out/20/510/30436272704361636510.glb",
    "data_out/20/514/30436272704361636514.glb"
  ],
  "camera_pos_blender": [
    -803.72,
    21676.2,
    3358.456982421875
  ],
  "target_pos_blender": [
    -813.9710180094696,
    21687.15064517595,
    3356.656982421875
  ],
  "ground_height_blender": 3356.656982421875,
  "matrix_world": [
    [
      0.7300587892532349,
      -0.08142203092575073,
      0.6785165071487427,
      -803.719970703125
    ],
    [
      0.683384358882904,
      0.08698306977748871,
      -0.7248584628105164,
      21676.19921875
    ],
    [
      -3.725290298461914e-09,
      0.9928767681121826,
      0.11914529651403427,
      3358.45703125
    ],
    [
      0.0,
      0.0,
      0.0,
      1.0
    ]
  ],
  "camera_fov": 1.2870022058486938,
  "clip_start": 0.10000000149011612,
  "clip_end": 150.0,
  "resolution": [
    640,
    640
  ]
}