{
  "viewpoint_id": 5345,
  "glb_path": "data_out/20/723/30436272704361617723.glb",
  "glb_paths": [
    "data_out/20/723/30436272704361617723.glb",
    "data_out/20/727/30436272704361617727.glb",
    "data_out/20/730/30436272704361617730.glb",
    "data_out/20/731/30436272704361617731.glb",
    "data_out/20/732/30436272704361617732.glb",
    "data_out/20/733/30436272704361617733.glb",
    "data_out/20/734/30436272704361617734.glb",
    "data_out/20/735/30436272704361617735.glb",
    "data_out/20/736/30436272704361617736.glb",
    "data_out/20/737/30436272704361617737.glb",
    "data_out/20/510/30436272704361635510.glb",
    "data_out/20/511/30436272704361635511.glb",
    "data_out/20/513/30436272704361635513.glb",
    "data_out/20/514/30436272704361635514.glb",
    "data_out/20/515/30436272704361635515.glb",
    "data_out/20/517/30436272704361635517.glb",
    "data_out/20/620/30436272704361706620.glb",
    "data_out/20/621/30436272704361706621.glb",
    "data_out/20/622/30436272704361706622.glb",
    "data_out/20/623/30436272704361706623.glb",
    "data_out/20/624/30436272704361706624.glb",
    "data_out/20/625/30436272704361706625.glb",
    "data_out/20/626/30436272704361706626.glb",
    "data_out/20/627/30436272704361706627.glb",
    "data_out/20/630/30436272704361706630.glb",
    "data_out/20/632/30436272704361706632.glb",
    "data_out/20/634/30436272704361706634.glb",
    "data_out/20/636/30436272704361706636.glb",
    "data_out/20/400/30436272704361724400.glb",
    "data_out/20/401/30436272704361724401.glb",
    "data_out/20/402/30436272704361724402.glb",
    "data_out/20/403/30436272704361724403.glb",
    "data_out/20/404/30436272704361724404.glb",
    "data_out/20/405/30436272704361724405.glb",
    "data_out/20/406/30436272704361724406.glb",
    "data_out/20/407/30436272704361724407.glb",
    "data_out/20/410/30436272704361724410.glb",
    "data_out/20/414/30436272704361724414.glb"
  ],
  "camera_pos_blender": [
    -464.01,
    21343.12,
    3358.4279296875
  ],
  "target_pos_blender": [
    -478.9969518534247,
    21343.74551909893,
    3356.6279296875
  ],
  "ground_height_blender": 3356.6279296875,
  "matrix_world": [
    [
      0.041796743869781494,
      -0.11904393136501312,
      0.9920088648796082,
      -464.010009765625
    ],
    [
      0.999126136302948,
      0.004980000667273998,
      -0.04149900749325752,
      21343.119140625
    ],
    [
      0.0,
      0.9928764700889587,
      0.11914804577827454,
      3358.427978515625
    ],
    [
      0.0,
      0.0,
      0.0,
      1.0
    ]
  ],
  "camera_fov": 1.2870022058486938,
  "clip_start": 0.10000000149011612,
  "clip_end": 150.0,
  "resolution": [
    640,
    640
  ]
}