{
  "viewpoint_id": 5453,
  "glb_path": "data_out/19/647/3043627270437060647.glb",
  "glb_paths": [
    "data_out/19/647/3043627270437060647.glb",
    "data_out/20/430/30436272704370606430.glb",
    "data_out/20/432/30436272704370606432.glb",
    "data_out/20/433/30436272704370606433.glb",
    "data_out/20/434/30436272704370606434.glb",
    "data_out/20/436/30436272704370606436.glb",
    "data_out/20/437/30436272704370606437.glb",
    "data_out/20/520/30436272704370606520.glb",
    "data_out/20/521/30436272704370606521.glb",
    "data_out/20/522/30436272704370606522.glb",
    "data_out/20/523/30436272704370606523.glb",
    "data_out/20/524/30436272704370606524.glb",
    "data_out/20/525/30436272704370606525.glb",
    "data_out/20/526/30436272704370606526.glb",
    "data_out/20/527/30436272704370606527.glb",
    "data_out/20/530/30436272704370606530.glb",
    "data_out/20/532/30436272704370606532.glb",
    "data_out/20/533/30436272704370606533.glb",
    "data_out/20/534/30436272704370606534.glb",
    "data_out/20/536/30436272704370606536.glb",
    "data_out/20/537/30436272704370606537.glb",
    "data_out/20/573/30436272704370606573.glb",
    "data_out/20/610/30436272704370606610.glb",
    "data_out/20/611/30436272704370606611.glb",
    "data_out/20/614/30436272704370606614.glb",
    "data_out/20/615/30436272704370606615.glb",
    "data_out/20/700/30436272704370606700.glb",
    "data_out/20/701/30436272704370606701.glb",
    "data_out/20/702/30436272704370606702.glb",
    "data_out/20/703/30436272704370606703.glb",
    "data_out/20/704/30436272704370606704.glb",
    "data_out/20/705/30436272704370606705.glb",
    "data_out/20/706/30436272704370606706.glb",
    "data_out/20/707/30436272704370606707.glb",
    "data_out/20/710/30436272704370606710.glb",
    "data_out/20/711/30436272704370606711.glb",
    "data_out/20/714/30436272704370606714.glb",
    "data_out/20/715/30436272704370606715.glb",
    "data_out/20/751/30436272704370606751.glb"
  ],
  "camera_pos_blender": [
    532.89,
    21187.58,
    3358.25068359375
  ],
  "target_pos_blender": [
    518.0249014556691,
    21189.58719836273,
    3356.45068359375
  ],
  "ground_height_blender": 3356.45068359375,
  "matrix_world": [
    [
      0.13385331630706787,
      -0.11807547509670258,
      0.9839417934417725,
      532.8900146484375
    ],
    [
      0.9910011887550354,
      0.015948308631777763,
      -0.13289980590343475,
      21187.580078125
    ],
    [
      0.0,
      0.9928765892982483,
      0.1191476508975029,
      3358.250732421875
    ],
    [
      0.0,
      0.0,
      0.0,
      1.0
    ]
  ],
  "camera_fov": 1.2870022058486938,
  "clip_start": 0.10000000149011612,
  "clip_end": 150.0,
  "resolution": [
    640,
    640
  ]
}