{
  "viewpoint_id": 5455,
  "glb_path": "data_out/19/647/3043627270437060647.glb",
  "glb_paths": [
    "data_out/19/647/3043627270437060647.glb",
    "data_out/20/421/30436272704370606421.glb",
    "data_out/20/423/30436272704370606423.glb",
    "data_out/20/425/30436272704370606425.glb",
    "data_out/20/427/30436272704370606427.glb",
    "data_out/20/430/30436272704370606430.glb",
    "data_out/20/432/30436272704370606432.glb",
    "data_out/20/433/30436272704370606433.glb",
    "data_out/20/434/30436272704370606434.glb",
    "data_out/20/436/30436272704370606436.glb",
    "data_out/20/437/30436272704370606437.glb",
    "data_out/20/520/30436272704370606520.glb",
    "data_out/20/521/30436272704370606521.glb",
    "data_out/20/522/30436272704370606522.glb",
    "data_out/20/523/30436272704370606523.glb",
    "data_out/20/524/30436272704370606524.glb",
    "data_out/20/525/30436272704370606525.glb",
    "data_out/20/526/30436272704370606526.glb",
    "data_out/20/527/30436272704370606527.glb",
    "data_out/20/601/30436272704370606601.glb",
    "data_out/20/605/30436272704370606605.glb",
    "data_out/20/610/30436272704370606610.glb",
    "data_out/20/611/30436272704370606611.glb",
    "data_out/20/612/30436272704370606612.glb",
    "data_out/20/613/30436272704370606613.glb",
    "data_out/20/614/30436272704370606614.glb",
    "data_out/20/615/30436272704370606615.glb",
    "data_out/20/616/30436272704370606616.glb",
    "data_out/20/617/30436272704370606617.glb",
    "data_out/20/700/30436272704370606700.glb",
    "data_out/20/701/30436272704370606701.glb",
    "data_out/20/702/30436272704370606702.glb",
    "data_out/20/704/30436272704370606704.glb",
    "data_out/20/705/30436272704370606705.glb",
    "data_out/20/706/30436272704370606706.glb"
  ],
  "camera_pos_blender": [
    493.25,
    21192.93,
    3358.19013671875
  ],
  "target_pos_blender": [
    478.38490145566914,
    21194.937198362728,
    3356.39013671875
  ],
  "ground_height_blender": 3356.39013671875,
  "matrix_world": [
    [
      0.13385331630706787,
      -0.11807547509670258,
      0.9839417934417725,
      493.25
    ],
    [
      0.9910011887550354,
      0.015948308631777763,
      -0.13289980590343475,
      21192.9296875
    ],
    [
      0.0,
      0.9928765892982483,
      0.1191476508975029,
      3358.190185546875
    ],
    [
      0.0,
      0.0,
      0.0,
      1.0
    ]
  ],
  "camera_fov": 1.2870022058486938,
  "clip_start": 0.10000000149011612,
  "clip_end": 150.0,
  "resolution": [
    640,
    640
  ]
}