{
  "viewpoint_id": 5457,
  "glb_path": "data_out/19/647/3043627270437060647.glb",
  "glb_paths": [
    "data_out/19/647/3043627270437060647.glb",
    "data_out/20/533/30436272704361717533.glb",
    "data_out/20/537/30436272704361717537.glb",
    "data_out/20/711/30436272704361717711.glb",
    "data_out/20/715/30436272704361717715.glb",
    "data_out/20/420/30436272704370606420.glb",
    "data_out/20/421/30436272704370606421.glb",
    "data_out/20/422/30436272704370606422.glb",
    "data_out/20/423/30436272704370606423.glb",
    "data_out/20/424/30436272704370606424.glb",
    "data_out/20/425/30436272704370606425.glb",
    "data_out/20/426/30436272704370606426.glb",
    "data_out/20/427/30436272704370606427.glb",
    "data_out/20/430/30436272704370606430.glb",
    "data_out/20/432/30436272704370606432.glb",
    "data_out/20/433/30436272704370606433.glb",
    "data_out/20/434/30436272704370606434.glb",
    "data_out/20/436/30436272704370606436.glb",
    "data_out/20/437/30436272704370606437.glb",
    "data_out/20/522/30436272704370606522.glb",
    "data_out/20/526/30436272704370606526.glb",
    "data_out/20/600/30436272704370606600.glb",
    "data_out/20/601/30436272704370606601.glb",
    "data_out/20/602/30436272704370606602.glb",
    "data_out/20/603/30436272704370606603.glb",
    "data_out/20/604/30436272704370606604.glb",
    "data_out/20/605/30436272704370606605.glb",
    "data_out/20/606/30436272704370606606.glb",
    "data_out/20/607/30436272704370606607.glb",
    "data_out/20/610/30436272704370606610.glb",
    "data_out/20/611/30436272704370606611.glb",
    "data_out/20/612/30436272704370606612.glb",
    "data_out/20/613/30436272704370606613.glb",
    "data_out/20/614/30436272704370606614.glb",
    "data_out/20/615/30436272704370606615.glb",
    "data_out/20/616/30436272704370606616.glb",
    "data_out/20/617/30436272704370606617.glb",
    "data_out/20/700/30436272704370606700.glb",
    "data_out/20/704/30436272704370606704.glb"
  ],
  "camera_pos_blender": [
    453.61,
    21198.27,
    3357.87763671875
  ],
  "target_pos_blender": [
    438.7356078426476,
    21200.207126208923,
    3356.07763671875
  ],
  "ground_height_blender": 3356.07763671875,
  "matrix_world": [
    [
      0.12916629016399384,
      -0.11814993619918823,
      0.984559178352356,
      453.6099853515625
    ],
    [
      0.991623044013977,
      0.015389908105134964,
      -0.12824615836143494,
      21198.26953125
    ],
    [
      0.0,
      0.9928764700889587,
      0.11914805322885513,
      3357.877685546875
    ],
    [
      0.0,
      0.0,
      0.0,
      1.0
    ]
  ],
  "camera_fov": 1.2870022058486938,
  "clip_start": 0.10000000149011612,
  "clip_end": 150.0,
  "resolution": [
    640,
    640
  ]
}