{
  "viewpoint_id": 5460,
  "glb_path": "data_out/20/523/30436272704361717523.glb",
  "glb_paths": [
    "data_out/20/523/30436272704361717523.glb",
    "data_out/20/527/30436272704361717527.glb",
    "data_out/20/530/30436272704361717530.glb",
    "data_out/20/531/30436272704361717531.glb",
    "data_out/20/532/30436272704361717532.glb",
    "data_out/20/533/30436272704361717533.glb",
    "data_out/20/534/30436272704361717534.glb",
    "data_out/20/535/30436272704361717535.glb",
    "data_out/20/536/30436272704361717536.glb",
    "data_out/20/537/30436272704361717537.glb",
    "data_out/20/701/30436272704361717701.glb",
    "data_out/20/705/30436272704361717705.glb",
    "data_out/20/710/30436272704361717710.glb",
    "data_out/20/711/30436272704361717711.glb",
    "data_out/20/712/30436272704361717712.glb",
    "data_out/20/713/30436272704361717713.glb",
    "data_out/20/714/30436272704361717714.glb",
    "data_out/20/715/30436272704361717715.glb",
    "data_out/20/716/30436272704361717716.glb",
    "data_out/20/717/30436272704361717717.glb",
    "data_out/20/420/30436272704370606420.glb",
    "data_out/20/421/30436272704370606421.glb",
    "data_out/20/422/30436272704370606422.glb",
    "data_out/20/423/30436272704370606423.glb",
    "data_out/20/424/30436272704370606424.glb",
    "data_out/20/425/30436272704370606425.glb",
    "data_out/20/426/30436272704370606426.glb",
    "data_out/20/427/30436272704370606427.glb",
    "data_out/20/432/30436272704370606432.glb",
    "data_out/20/436/30436272704370606436.glb",
    "data_out/20/600/30436272704370606600.glb",
    "data_out/20/601/30436272704370606601.glb",
    "data_out/20/602/30436272704370606602.glb",
    "data_out/20/603/30436272704370606603.glb",
    "data_out/20/604/30436272704370606604.glb",
    "data_out/20/605/30436272704370606605.glb",
    "data_out/20/606/30436272704370606606.glb",
    "data_out/20/607/30436272704370606607.glb",
    "data_out/20/610/30436272704370606610.glb",
    "data_out/20/614/30436272704370606614.glb"
  ],
  "camera_pos_blender": [
    394.17,
    21206.420000000002,
    3358.075390625
  ],
  "target_pos_blender": [
    379.3241042442278,
    21208.564616331365,
    3356.275390625
  ],
  "ground_height_blender": 3356.275390625,
  "matrix_world": [
    [
      0.14296866953372955,
      -0.11792435497045517,
      0.9826768636703491,
      394.1700134277344
    ],
    [
      0.989727258682251,
      0.01703447848558426,
      -0.14195021986961365,
      21206.419921875
    ],
    [
      1.862645371275562e-09,
      0.992876410484314,
      0.11914833635091782,
      3358.075439453125
    ],
    [
      0.0,
      0.0,
      0.0,
      1.0
    ]
  ],
  "camera_fov": 1.2870022058486938,
  "clip_start": 0.10000000149011612,
  "clip_end": 150.0,
  "resolution": [
    640,
    640
  ]
}