{
  "viewpoint_id": 5462,
  "glb_path": "data_out/20/521/30436272704361717521.glb",
  "glb_paths": [
    "data_out/20/521/30436272704361717521.glb",
    "data_out/20/522/30436272704361717522.glb",
    "data_out/20/523/30436272704361717523.glb",
    "data_out/20/525/30436272704361717525.glb",
    "data_out/20/526/30436272704361717526.glb",
    "data_out/20/527/30436272704361717527.glb",
    "data_out/20/530/30436272704361717530.glb",
    "data_out/20/531/30436272704361717531.glb",
    "data_out/20/532/30436272704361717532.glb",
    "data_out/20/533/30436272704361717533.glb",
    "data_out/20/534/30436272704361717534.glb",
    "data_out/20/535/30436272704361717535.glb",
    "data_out/20/536/30436272704361717536.glb",
    "data_out/20/537/30436272704361717537.glb",
    "data_out/20/611/30436272704361717611.glb",
    "data_out/20/615/30436272704361717615.glb",
    "data_out/20/700/30436272704361717700.glb",
    "data_out/20/701/30436272704361717701.glb",
    "data_out/20/703/30436272704361717703.glb",
    "data_out/20/704/30436272704361717704.glb",
    "data_out/20/705/30436272704361717705.glb",
    "data_out/20/707/30436272704361717707.glb",
    "data_out/20/710/30436272704361717710.glb",
    "data_out/20/711/30436272704361717711.glb",
    "data_out/20/712/30436272704361717712.glb",
    "data_out/20/713/30436272704361717713.glb",
    "data_out/20/714/30436272704361717714.glb",
    "data_out/20/715/30436272704361717715.glb",
    "data_out/20/716/30436272704361717716.glb",
    "data_out/20/717/30436272704361717717.glb",
    "data_out/20/422/30436272704370606422.glb",
    "data_out/20/426/30436272704370606426.glb",
    "data_out/20/600/30436272704370606600.glb",
    "data_out/20/602/30436272704370606602.glb",
    "data_out/20/604/30436272704370606604.glb",
    "data_out/20/606/30436272704370606606.glb"
  ],
  "camera_pos_blender": [
    354.58,
    21212.14,
    3358.13935546875
  ],
  "target_pos_blender": [
    339.73410424422775,
    21214.284616331362,
    3356.33935546875
  ],
  "ground_height_blender": 3356.33935546875,
  "matrix_world": [
    [
      0.14296896755695343,
      -0.11792460083961487,
      0.9826768040657043,
      354.5799865722656
    ],
    [
      0.9897271990776062,
      0.01703455112874508,
      -0.14195051789283752,
      21212.140625
    ],
    [
      0.0,
      0.9928764700889587,
      0.11914858222007751,
      3358.139404296875
    ],
    [
      0.0,
      0.0,
      0.0,
      1.0
    ]
  ],
  "camera_fov": 1.2870022058486938,
  "clip_start": 0.10000000149011612,
  "clip_end": 150.0,
  "resolution": [
    640,
    640
  ]
}