{
  "viewpoint_id": 5465,
  "glb_path": "data_out/19/747/3043627270436171747.glb",
  "glb_paths": [
    "data_out/19/747/3043627270436171747.glb",
    "data_out/20/431/30436272704361717431.glb",
    "data_out/20/432/30436272704361717432.glb",
    "data_out/20/433/30436272704361717433.glb",
    "data_out/20/435/30436272704361717435.glb",
    "data_out/20/436/30436272704361717436.glb",
    "data_out/20/437/30436272704361717437.glb",
    "data_out/20/520/30436272704361717520.glb",
    "data_out/20/522/30436272704361717522.glb",
    "data_out/20/523/30436272704361717523.glb",
    "data_out/20/524/30436272704361717524.glb",
    "data_out/20/526/30436272704361717526.glb",
    "data_out/20/527/30436272704361717527.glb",
    "data_out/20/532/30436272704361717532.glb",
    "data_out/20/536/30436272704361717536.glb",
    "data_out/20/601/30436272704361717601.glb",
    "data_out/20/605/30436272704361717605.glb",
    "data_out/20/610/30436272704361717610.glb",
    "data_out/20/611/30436272704361717611.glb",
    "data_out/20/612/30436272704361717612.glb",
    "data_out/20/613/30436272704361717613.glb",
    "data_out/20/614/30436272704361717614.glb",
    "data_out/20/615/30436272704361717615.glb",
    "data_out/20/616/30436272704361717616.glb",
    "data_out/20/617/30436272704361717617.glb",
    "data_out/20/631/30436272704361717631.glb",
    "data_out/20/635/30436272704361717635.glb",
    "data_out/20/700/30436272704361717700.glb",
    "data_out/20/701/30436272704361717701.glb",
    "data_out/20/703/30436272704361717703.glb",
    "data_out/20/704/30436272704361717704.glb",
    "data_out/20/705/30436272704361717705.glb",
    "data_out/20/707/30436272704361717707.glb",
    "data_out/20/710/30436272704361717710.glb",
    "data_out/20/712/30436272704361717712.glb",
    "data_out/20/714/30436272704361717714.glb",
    "data_out/20/716/30436272704361717716.glb",
    "data_out/20/720/30436272704361717720.glb",
    "data_out/20/724/30436272704361717724.glb"
  ],
  "camera_pos_blender": [
    295.22,
    21220.91,
    3358.2609375
  ],
  "target_pos_blender": [
    280.38670251883246,
    21223.140086508454,
    3356.4609375
  ],
  "ground_height_blender": 3356.4609375,
  "matrix_world": [
    [
      0.14869721233844757,
      -0.11782325804233551,
      0.9818384647369385,
      295.2200012207031
    ],
    [
      0.9888827800750732,
      0.01771695353090763,
      -0.1476379632949829,
      21220.91015625
    ],
    [
      -1.862645149230957e-09,
      0.9928765296936035,
      0.11914784461259842,
      3358.260986328125
    ],
    [
      0.0,
      0.0,
      0.0,
      1.0
    ]
  ],
  "camera_fov": 1.2870022058486938,
  "clip_start": 0.10000000149011612,
  "clip_end": 150.0,
  "resolution": [
    640,
    640
  ]
}