{
  "viewpoint_id": 5466,
  "glb_path": "data_out/19/747/3043627270436171747.glb",
  "glb_paths": [
    "data_out/19/747/3043627270436171747.glb",
    "data_out/20/423/30436272704361717423.glb",
    "data_out/20/427/30436272704361717427.glb",
    "data_out/20/431/30436272704361717431.glb",
    "data_out/20/432/30436272704361717432.glb",
    "data_out/20/433/30436272704361717433.glb",
    "data_out/20/435/30436272704361717435.glb",
    "data_out/20/436/30436272704361717436.glb",
    "data_out/20/437/30436272704361717437.glb",
    "data_out/20/522/30436272704361717522.glb",
    "data_out/20/523/30436272704361717523.glb",
    "data_out/20/526/30436272704361717526.glb",
    "data_out/20/527/30436272704361717527.glb",
    "data_out/20/601/30436272704361717601.glb",
    "data_out/20/603/30436272704361717603.glb",
    "data_out/20/605/30436272704361717605.glb",
    "data_out/20/607/30436272704361717607.glb",
    "data_out/20/610/30436272704361717610.glb",
    "data_out/20/611/30436272704361717611.glb",
    "data_out/20/612/30436272704361717612.glb",
    "data_out/20/613/30436272704361717613.glb",
    "data_out/20/614/30436272704361717614.glb",
    "data_out/20/615/30436272704361717615.glb",
    "data_out/20/616/30436272704361717616.glb",
    "data_out/20/617/30436272704361717617.glb",
    "data_out/20/630/30436272704361717630.glb",
    "data_out/20/631/30436272704361717631.glb",
    "data_out/20/634/30436272704361717634.glb",
    "data_out/20/635/30436272704361717635.glb",
    "data_out/20/700/30436272704361717700.glb",
    "data_out/20/701/30436272704361717701.glb",
    "data_out/20/703/30436272704361717703.glb",
    "data_out/20/704/30436272704361717704.glb",
    "data_out/20/705/30436272704361717705.glb",
    "data_out/20/707/30436272704361717707.glb",
    "data_out/20/720/30436272704361717720.glb",
    "data_out/20/724/30436272704361717724.glb"
  ],
  "camera_pos_blender": [
    275.44,
    21223.88,
    3358.254833984375
  ],
  "target_pos_blender": [
    260.60670251883244,
    21226.110086508455,
    3356.454833984375
  ],
  "ground_height_blender": 3356.454833984375,
  "matrix_world": [
    [
      0.14856986701488495,
      -0.11782778054475784,
      0.9818572998046875,
      275.44000244140625
    ],
    [
      0.9889019727706909,
      0.017702115699648857,
      -0.14751149713993073,
      21223.880859375
    ],
    [
      1.862645149230957e-09,
      0.9928762316703796,
      0.11915012449026108,
      3358.2548828125
    ],
    [
      0.0,
      0.0,
      0.0,
      1.0
    ]
  ],
  "camera_fov": 1.2870022058486938,
  "clip_start": 0.10000000149011612,
  "clip_end": 150.0,
  "resolution": [
    640,
    640
  ]
}