{
  "viewpoint_id": 5467,
  "glb_path": "data_out/19/746/3043627270436171746.glb",
  "glb_paths": [
    "data_out/19/746/3043627270436171746.glb",
    "data_out/19/747/3043627270436171747.glb",
    "data_out/20/422/30436272704361717422.glb",
    "data_out/20/423/30436272704361717423.glb",
    "data_out/20/426/30436272704361717426.glb",
    "data_out/20/427/30436272704361717427.glb",
    "data_out/20/432/30436272704361717432.glb",
    "data_out/20/433/30436272704361717433.glb",
    "data_out/20/436/30436272704361717436.glb",
    "data_out/20/437/30436272704361717437.glb",
    "data_out/20/522/30436272704361717522.glb",
    "data_out/20/526/30436272704361717526.glb",
    "data_out/20/600/30436272704361717600.glb",
    "data_out/20/601/30436272704361717601.glb",
    "data_out/20/602/30436272704361717602.glb",
    "data_out/20/603/30436272704361717603.glb",
    "data_out/20/604/30436272704361717604.glb",
    "data_out/20/605/30436272704361717605.glb",
    "data_out/20/606/30436272704361717606.glb",
    "data_out/20/607/30436272704361717607.glb",
    "data_out/20/610/30436272704361717610.glb",
    "data_out/20/611/30436272704361717611.glb",
    "data_out/20/612/30436272704361717612.glb",
    "data_out/20/613/30436272704361717613.glb",
    "data_out/20/614/30436272704361717614.glb",
    "data_out/20/615/30436272704361717615.glb",
    "data_out/20/616/30436272704361717616.glb",
    "data_out/20/617/30436272704361717617.glb",
    "data_out/20/621/30436272704361717621.glb",
    "data_out/20/625/30436272704361717625.glb",
    "data_out/20/630/30436272704361717630.glb",
    "data_out/20/631/30436272704361717631.glb",
    "data_out/20/634/30436272704361717634.glb",
    "data_out/20/635/30436272704361717635.glb",
    "data_out/20/700/30436272704361717700.glb",
    "data_out/20/701/30436272704361717701.glb",
    "data_out/20/704/30436272704361717704.glb",
    "data_out/20/705/30436272704361717705.glb"
  ],
  "camera_pos_blender": [
    255.64,
    21226.68,
    3358.34833984375
  ],
  "target_pos_blender": [
    240.7805645641236,
    21228.728701668624,
    3356.54833984375
  ],
  "ground_height_blender": 3356.54833984375,
  "matrix_world": [
    [
      0.13658839464187622,
      -0.11803159862756729,
      0.9835711717605591,
      255.63999938964844
    ],
    [
      0.9906279444694519,
      0.016274267807602882,
      -0.13561539351940155,
      21226.6796875
    ],
    [
      1.862645149230957e-09,
      0.9928765296936035,
      0.11914826929569244,
      3358.348388671875
    ],
    [
      0.0,
      0.0,
      0.0,
      1.0
    ]
  ],
  "camera_fov": 1.2870022058486938,
  "clip_start": 0.10000000149011612,
  "clip_end": 150.0,
  "resolution": [
    640,
    640
  ]
}