{
  "viewpoint_id": 5470,
  "glb_path": "data_out/19/746/3043627270436171746.glb",
  "glb_paths": [
    "data_out/19/746/3043627270436171746.glb",
    "data_out/20/532/30436272704361716532.glb",
    "data_out/20/533/30436272704361716533.glb",
    "data_out/20/536/30436272704361716536.glb",
    "data_out/20/537/30436272704361716537.glb",
    "data_out/20/710/30436272704361716710.glb",
    "data_out/20/711/30436272704361716711.glb",
    "data_out/20/712/30436272704361716712.glb",
    "data_out/20/713/30436272704361716713.glb",
    "data_out/20/714/30436272704361716714.glb",
    "data_out/20/715/30436272704361716715.glb",
    "data_out/20/716/30436272704361716716.glb",
    "data_out/20/717/30436272704361716717.glb",
    "data_out/20/731/30436272704361716731.glb",
    "data_out/20/735/30436272704361716735.glb",
    "data_out/20/422/30436272704361717422.glb",
    "data_out/20/423/30436272704361717423.glb",
    "data_out/20/426/30436272704361717426.glb",
    "data_out/20/427/30436272704361717427.glb",
    "data_out/20/432/30436272704361717432.glb",
    "data_out/20/436/30436272704361717436.glb",
    "data_out/20/600/30436272704361717600.glb",
    "data_out/20/601/30436272704361717601.glb",
    "data_out/20/602/30436272704361717602.glb",
    "data_out/20/603/30436272704361717603.glb",
    "data_out/20/604/30436272704361717604.glb",
    "data_out/20/605/30436272704361717605.glb",
    "data_out/20/606/30436272704361717606.glb",
    "data_out/20/607/30436272704361717607.glb",
    "data_out/20/610/30436272704361717610.glb",
    "data_out/20/612/30436272704361717612.glb",
    "data_out/20/614/30436272704361717614.glb",
    "data_out/20/616/30436272704361717616.glb",
    "data_out/20/620/30436272704361717620.glb",
    "data_out/20/621/30436272704361717621.glb",
    "data_out/20/624/30436272704361717624.glb",
    "data_out/20/625/30436272704361717625.glb"
  ],
  "camera_pos_blender": [
    196.28,
    21235.39,
    3358.528515625
  ],
  "target_pos_blender": [
    181.45577414944708,
    21237.679613052853,
    3356.728515625
  ],
  "ground_height_blender": 3356.728515625,
  "matrix_world": [
    [
      0.1526051014661789,
      -0.11775356531143188,
      0.9812470078468323,
      196.27999877929688
    ],
    [
      0.9882872700691223,
      0.01818276382982731,
      -0.15151798725128174,
      21235.390625
    ],
    [
      0.0,
      0.9928763508796692,
      0.1191491186618805,
      3358.528564453125
    ],
    [
      0.0,
      0.0,
      0.0,
      1.0
    ]
  ],
  "camera_fov": 1.2870022058486938,
  "clip_start": 0.10000000149011612,
  "clip_end": 150.0,
  "resolution": [
    640,
    640
  ]
}