{
  "viewpoint_id": 5471,
  "glb_path": "data_out/20/532/30436272704361716532.glb",
  "glb_paths": [
    "data_out/20/532/30436272704361716532.glb",
    "data_out/20/533/30436272704361716533.glb",
    "data_out/20/536/30436272704361716536.glb",
    "data_out/20/537/30436272704361716537.glb",
    "data_out/20/701/30436272704361716701.glb",
    "data_out/20/703/30436272704361716703.glb",
    "data_out/20/705/30436272704361716705.glb",
    "data_out/20/707/30436272704361716707.glb",
    "data_out/20/710/30436272704361716710.glb",
    "data_out/20/711/30436272704361716711.glb",
    "data_out/20/712/30436272704361716712.glb",
    "data_out/20/713/30436272704361716713.glb",
    "data_out/20/714/30436272704361716714.glb",
    "data_out/20/715/30436272704361716715.glb",
    "data_out/20/716/30436272704361716716.glb",
    "data_out/20/717/30436272704361716717.glb",
    "data_out/20/730/30436272704361716730.glb",
    "data_out/20/731/30436272704361716731.glb",
    "data_out/20/734/30436272704361716734.glb",
    "data_out/20/735/30436272704361716735.glb",
    "data_out/20/422/30436272704361717422.glb",
    "data_out/20/423/30436272704361717423.glb",
    "data_out/20/426/30436272704361717426.glb",
    "data_out/20/427/30436272704361717427.glb",
    "data_out/20/600/30436272704361717600.glb",
    "data_out/20/601/30436272704361717601.glb",
    "data_out/20/602/30436272704361717602.glb",
    "data_out/20/603/30436272704361717603.glb",
    "data_out/20/604/30436272704361717604.glb",
    "data_out/20/605/30436272704361717605.glb",
    "data_out/20/606/30436272704361717606.glb",
    "data_out/20/607/30436272704361717607.glb",
    "data_out/20/610/30436272704361717610.glb",
    "data_out/20/612/30436272704361717612.glb",
    "data_out/20/614/30436272704361717614.glb",
    "data_out/20/616/30436272704361717616.glb",
    "data_out/20/620/30436272704361717620.glb",
    "data_out/20/621/30436272704361717621.glb",
    "data_out/20/624/30436272704361717624.glb",
    "data_out/20/625/30436272704361717625.glb"
  ],
  "camera_pos_blender": [
    176.51,
    21238.440000000002,
    3358.518994140625
  ],
  "target_pos_blender": [
    161.68577414944707,
    21240.729613052856,
    3356.718994140625
  ],
  "ground_height_blender": 3356.718994140625,
  "matrix_world": [
    [
      0.15273228287696838,
      -0.11774890869855881,
      0.9812278151512146,
      176.50999450683594
    ],
    [
      0.9882676601409912,
      0.01819755882024765,
      -0.15164430439472198,
      21238.439453125
    ],
    [
      0.0,
      0.9928766489028931,
      0.11914677917957306,
      3358.51904296875
    ],
    [
      0.0,
      0.0,
      0.0,
      1.0
    ]
  ],
  "camera_fov": 1.2870022058486938,
  "clip_start": 0.10000000149011612,
  "clip_end": 150.0,
  "resolution": [
    640,
    640
  ]
}