{
  "viewpoint_id": 5473,
  "glb_path": "data_out/20/522/30436272704361716522.glb",
  "glb_paths": [
    "data_out/20/522/30436272704361716522.glb",
    "data_out/20/523/30436272704361716523.glb",
    "data_out/20/526/30436272704361716526.glb",
    "data_out/20/527/30436272704361716527.glb",
    "data_out/20/532/30436272704361716532.glb",
    "data_out/20/533/30436272704361716533.glb",
    "data_out/20/536/30436272704361716536.glb",
    "data_out/20/537/30436272704361716537.glb",
    "data_out/20/700/30436272704361716700.glb",
    "data_out/20/701/30436272704361716701.glb",
    "data_out/20/702/30436272704361716702.glb",
    "data_out/20/703/30436272704361716703.glb",
    "data_out/20/704/30436272704361716704.glb",
    "data_out/20/705/30436272704361716705.glb",
    "data_out/20/706/30436272704361716706.glb",
    "data_out/20/707/30436272704361716707.glb",
    "data_out/20/710/30436272704361716710.glb",
    "data_out/20/711/30436272704361716711.glb",
    "data_out/20/712/30436272704361716712.glb",
    "data_out/20/713/30436272704361716713.glb",
    "data_out/20/714/30436272704361716714.glb",
    "data_out/20/715/30436272704361716715.glb",
    "data_out/20/716/30436272704361716716.glb",
    "data_out/20/717/30436272704361716717.glb",
    "data_out/20/720/30436272704361716720.glb",
    "data_out/20/721/30436272704361716721.glb",
    "data_out/20/724/30436272704361716724.glb",
    "data_out/20/725/30436272704361716725.glb",
    "data_out/20/730/30436272704361716730.glb",
    "data_out/20/731/30436272704361716731.glb",
    "data_out/20/734/30436272704361716734.glb",
    "data_out/20/735/30436272704361716735.glb",
    "data_out/20/600/30436272704361717600.glb",
    "data_out/20/602/30436272704361717602.glb",
    "data_out/20/604/30436272704361717604.glb",
    "data_out/20/606/30436272704361717606.glb",
    "data_out/20/620/30436272704361717620.glb",
    "data_out/20/624/30436272704361717624.glb"
  ],
  "camera_pos_blender": [
    136.98,
    21244.54,
    3358.62958984375
  ],
  "target_pos_blender": [
    122.15577414944707,
    21246.829613052854,
    3356.82958984375
  ],
  "ground_height_blender": 3356.82958984375,
  "matrix_world": [
    [
      0.15273228287696838,
      -0.11774890869855881,
      0.9812278151512146,
      136.97999572753906
    ],
    [
      0.9882676601409912,
      0.01819755882024765,
      -0.15164430439472198,
      21244.5390625
    ],
    [
      0.0,
      0.9928766489028931,
      0.11914677917957306,
      3358.629638671875
    ],
    [
      0.0,
      0.0,
      0.0,
      1.0
    ]
  ],
  "camera_fov": 1.2870022058486938,
  "clip_start": 0.10000000149011612,
  "clip_end": 150.0,
  "resolution": [
    640,
    640
  ]
}