{
  "viewpoint_id": 5474,
  "glb_path": "data_out/20/522/30436272704361716522.glb",
  "glb_paths": [
    "data_out/20/522/30436272704361716522.glb",
    "data_out/20/523/30436272704361716523.glb",
    "data_out/20/526/30436272704361716526.glb",
    "data_out/20/527/30436272704361716527.glb",
    "data_out/20/532/30436272704361716532.glb",
    "data_out/20/536/30436272704361716536.glb",
    "data_out/20/611/30436272704361716611.glb",
    "data_out/20/613/30436272704361716613.glb",
    "data_out/20/615/30436272704361716615.glb",
    "data_out/20/617/30436272704361716617.glb",
    "data_out/20/631/30436272704361716631.glb",
    "data_out/20/635/30436272704361716635.glb",
    "data_out/20/700/30436272704361716700.glb",
    "data_out/20/701/30436272704361716701.glb",
    "data_out/20/702/30436272704361716702.glb",
    "data_out/20/703/30436272704361716703.glb",
    "data_out/20/704/30436272704361716704.glb",
    "data_out/20/705/30436272704361716705.glb",
    "data_out/20/706/30436272704361716706.glb",
    "data_out/20/707/30436272704361716707.glb",
    "data_out/20/710/30436272704361716710.glb",
    "data_out/20/711/30436272704361716711.glb",
    "data_out/20/712/30436272704361716712.glb",
    "data_out/20/713/30436272704361716713.glb",
    "data_out/20/714/30436272704361716714.glb",
    "data_out/20/715/30436272704361716715.glb",
    "data_out/20/716/30436272704361716716.glb",
    "data_out/20/717/30436272704361716717.glb",
    "data_out/20/720/30436272704361716720.glb",
    "data_out/20/721/30436272704361716721.glb",
    "data_out/20/724/30436272704361716724.glb",
    "data_out/20/725/30436272704361716725.glb",
    "data_out/20/730/30436272704361716730.glb",
    "data_out/20/731/30436272704361716731.glb",
    "data_out/20/734/30436272704361716734.glb",
    "data_out/20/735/30436272704361716735.glb",
    "data_out/20/602/30436272704361717602.glb",
    "data_out/20/606/30436272704361717606.glb"
  ],
  "camera_pos_blender": [
    117.22,
    21247.600000000002,
    3358.594921875
  ],
  "target_pos_blender": [
    102.3965742783017,
    21249.894787544265,
    3356.794921875
  ],
  "ground_height_blender": 3356.794921875,
  "matrix_world": [
    [
      0.15299460291862488,
      -0.11774551123380661,
      0.9811874628067017,
      117.22000122070312
    ],
    [
      0.9882270693778992,
      0.018229033797979355,
      -0.15190473198890686,
      21247.599609375
    ],
    [
      0.0,
      0.9928764700889587,
      0.11914825439453125,
      3358.594970703125
    ],
    [
      0.0,
      0.0,
      0.0,
      1.0
    ]
  ],
  "camera_fov": 1.2870022058486938,
  "clip_start": 0.10000000149011612,
  "clip_end": 150.0,
  "resolution": [
    640,
    640
  ]
}