{
  "viewpoint_id": 5478,
  "glb_path": "data_out/20/432/30436272704361716432.glb",
  "glb_paths": [
    "data_out/20/432/30436272704361716432.glb",
    "data_out/20/433/30436272704361716433.glb",
    "data_out/20/436/30436272704361716436.glb",
    "data_out/20/437/30436272704361716437.glb",
    "data_out/20/600/30436272704361716600.glb",
    "data_out/20/601/30436272704361716601.glb",
    "data_out/20/602/30436272704361716602.glb",
    "data_out/20/603/30436272704361716603.glb",
    "data_out/20/604/30436272704361716604.glb",
    "data_out/20/605/30436272704361716605.glb",
    "data_out/20/606/30436272704361716606.glb",
    "data_out/20/607/30436272704361716607.glb",
    "data_out/20/610/30436272704361716610.glb",
    "data_out/20/611/30436272704361716611.glb",
    "data_out/20/612/30436272704361716612.glb",
    "data_out/20/613/30436272704361716613.glb",
    "data_out/20/614/30436272704361716614.glb",
    "data_out/20/615/30436272704361716615.glb",
    "data_out/20/616/30436272704361716616.glb",
    "data_out/20/617/30436272704361716617.glb",
    "data_out/20/620/30436272704361716620.glb",
    "data_out/20/621/30436272704361716621.glb",
    "data_out/20/624/30436272704361716624.glb",
    "data_out/20/625/30436272704361716625.glb",
    "data_out/20/630/30436272704361716630.glb",
    "data_out/20/631/30436272704361716631.glb",
    "data_out/20/632/30436272704361716632.glb",
    "data_out/20/633/30436272704361716633.glb",
    "data_out/20/634/30436272704361716634.glb",
    "data_out/20/635/30436272704361716635.glb",
    "data_out/20/636/30436272704361716636.glb",
    "data_out/20/637/30436272704361716637.glb",
    "data_out/20/700/30436272704361716700.glb",
    "data_out/20/702/30436272704361716702.glb",
    "data_out/20/703/30436272704361716703.glb",
    "data_out/20/704/30436272704361716704.glb",
    "data_out/20/706/30436272704361716706.glb",
    "data_out/20/707/30436272704361716707.glb",
    "data_out/20/720/30436272704361716720.glb",
    "data_out/20/724/30436272704361716724.glb"
  ],
  "camera_pos_blender": [
    38.15,
    21259.77,
    3358.3888671875
  ],
  "target_pos_blender": [
    23.326975020056167,
    21262.06737468515,
    3356.5888671875
  ],
  "ground_height_blender": 3356.5888671875,
  "matrix_world": [
    [
      0.15312576293945312,
      -0.1177438423037529,
      0.9811671376228333,
      38.150001525878906
    ],
    [
      0.9882068037986755,
      0.018244780600070953,
      -0.1520349532365799,
      21259.76953125
    ],
    [
      1.862645149230957e-09,
      0.992876410484314,
      0.11914899200201035,
      3358.388916015625
    ],
    [
      0.0,
      0.0,
      0.0,
      1.0
    ]
  ],
  "camera_fov": 1.2870022058486938,
  "clip_start": 0.10000000149011612,
  "clip_end": 150.0,
  "resolution": [
    640,
    640
  ]
}