{
  "viewpoint_id": 5479,
  "glb_path": "data_out/20/713/30436272704361707713.glb",
  "glb_paths": [
    "data_out/20/713/30436272704361707713.glb",
    "data_out/20/717/30436272704361707717.glb",
    "data_out/20/731/30436272704361707731.glb",
    "data_out/20/735/30436272704361707735.glb",
    "data_out/20/600/30436272704361716600.glb",
    "data_out/20/601/30436272704361716601.glb",
    "data_out/20/602/30436272704361716602.glb",
    "data_out/20/603/30436272704361716603.glb",
    "data_out/20/604/30436272704361716604.glb",
    "data_out/20/605/30436272704361716605.glb",
    "data_out/20/606/30436272704361716606.glb",
    "data_out/20/607/30436272704361716607.glb",
    "data_out/20/610/30436272704361716610.glb",
    "data_out/20/611/30436272704361716611.glb",
    "data_out/20/612/30436272704361716612.glb",
    "data_out/20/613/30436272704361716613.glb",
    "data_out/20/614/30436272704361716614.glb",
    "data_out/20/615/30436272704361716615.glb",
    "data_out/20/616/30436272704361716616.glb",
    "data_out/20/617/30436272704361716617.glb",
    "data_out/20/620/30436272704361716620.glb",
    "data_out/20/621/30436272704361716621.glb",
    "data_out/20/623/30436272704361716623.glb",
    "data_out/20/624/30436272704361716624.glb",
    "data_out/20/625/30436272704361716625.glb",
    "data_out/20/627/30436272704361716627.glb",
    "data_out/20/630/30436272704361716630.glb",
    "data_out/20/631/30436272704361716631.glb",
    "data_out/20/632/30436272704361716632.glb",
    "data_out/20/634/30436272704361716634.glb",
    "data_out/20/635/30436272704361716635.glb",
    "data_out/20/636/30436272704361716636.glb",
    "data_out/20/700/30436272704361716700.glb",
    "data_out/20/702/30436272704361716702.glb",
    "data_out/20/704/30436272704361716704.glb",
    "data_out/20/706/30436272704361716706.glb",
    "data_out/20/720/30436272704361716720.glb",
    "data_out/20/724/30436272704361716724.glb"
  ],
  "camera_pos_blender": [
    18.38,
    21262.83,
    3358.21162109375
  ],
  "target_pos_blender": [
    3.556975020056168,
    21265.12737468515,
    3356.41162109375
  ],
  "ground_height_blender": 3356.41162109375,
  "matrix_world": [
    [
      0.1531258076429367,
      -0.11774387210607529,
      0.9811671376228333,
      18.3799991607666
    ],
    [
      0.9882067441940308,
      0.01824479177594185,
      -0.15203499794006348,
      21262.830078125
    ],
    [
      0.0,
      0.9928763508796692,
      0.11914902180433273,
      3358.211669921875
    ],
    [
      0.0,
      0.0,
      0.0,
      1.0
    ]
  ],
  "camera_fov": 1.2870022058486938,
  "clip_start": 0.10000000149011612,
  "clip_end": 150.0,
  "resolution": [
    640,
    640
  ]
}