{
  "viewpoint_id": 5480,
  "glb_path": "data_out/20/711/30436272704361707711.glb",
  "glb_paths": [
    "data_out/20/711/30436272704361707711.glb",
    "data_out/20/712/30436272704361707712.glb",
    "data_out/20/713/30436272704361707713.glb",
    "data_out/20/715/30436272704361707715.glb",
    "data_out/20/716/30436272704361707716.glb",
    "data_out/20/717/30436272704361707717.glb",
    "data_out/20/731/30436272704361707731.glb",
    "data_out/20/735/30436272704361707735.glb",
    "data_out/20/600/30436272704361716600.glb",
    "data_out/20/601/30436272704361716601.glb",
    "data_out/20/602/30436272704361716602.glb",
    "data_out/20/603/30436272704361716603.glb",
    "data_out/20/604/30436272704361716604.glb",
    "data_out/20/605/30436272704361716605.glb",
    "data_out/20/606/30436272704361716606.glb",
    "data_out/20/607/30436272704361716607.glb",
    "data_out/20/610/30436272704361716610.glb",
    "data_out/20/611/30436272704361716611.glb",
    "data_out/20/612/30436272704361716612.glb",
    "data_out/20/613/30436272704361716613.glb",
    "data_out/20/614/30436272704361716614.glb",
    "data_out/20/615/30436272704361716615.glb",
    "data_out/20/616/30436272704361716616.glb",
    "data_out/20/617/30436272704361716617.glb",
    "data_out/20/620/30436272704361716620.glb",
    "data_out/20/621/30436272704361716621.glb",
    "data_out/20/622/30436272704361716622.glb",
    "data_out/20/623/30436272704361716623.glb",
    "data_out/20/624/30436272704361716624.glb",
    "data_out/20/625/30436272704361716625.glb",
    "data_out/20/626/30436272704361716626.glb",
    "data_out/20/627/30436272704361716627.glb",
    "data_out/20/630/30436272704361716630.glb",
    "data_out/20/631/30436272704361716631.glb",
    "data_out/20/632/30436272704361716632.glb",
    "data_out/20/634/30436272704361716634.glb",
    "data_out/20/635/30436272704361716635.glb",
    "data_out/20/636/30436272704361716636.glb"
  ],
  "camera_pos_blender": [
    -1.39,
    21265.8,
    3358.2755859375
  ],
  "target_pos_blender": [
    -16.237016639162892,
    21267.936842744897,
    3356.4755859375
  ],
  "ground_height_blender": 3356.4755859375,
  "matrix_world": [
    [
      0.14244811236858368,
      -0.11793351918458939,
      0.9827513694763184,
      -1.3899999856948853
    ],
    [
      0.9898023009300232,
      0.016972485929727554,
      -0.14143335819244385,
      21265.80078125
    ],
    [
      0.0,
      0.9928764700889587,
      0.11914855241775513,
      3358.275634765625
    ],
    [
      0.0,
      0.0,
      0.0,
      1.0
    ]
  ],
  "camera_fov": 1.2870022058486938,
  "clip_start": 0.10000000149011612,
  "clip_end": 150.0,
  "resolution": [
    640,
    640
  ]
}