{
  "viewpoint_id": 5482,
  "glb_path": "data_out/20/703/30436272704361707703.glb",
  "glb_paths": [
    "data_out/20/703/30436272704361707703.glb",
    "data_out/20/707/30436272704361707707.glb",
    "data_out/20/710/30436272704361707710.glb",
    "data_out/20/711/30436272704361707711.glb",
    "data_out/20/712/30436272704361707712.glb",
    "data_out/20/713/30436272704361707713.glb",
    "data_out/20/714/30436272704361707714.glb",
    "data_out/20/715/30436272704361707715.glb",
    "data_out/20/716/30436272704361707716.glb",
    "data_out/20/717/30436272704361707717.glb",
    "data_out/20/721/30436272704361707721.glb",
    "data_out/20/725/30436272704361707725.glb",
    "data_out/20/730/30436272704361707730.glb",
    "data_out/20/731/30436272704361707731.glb",
    "data_out/20/732/30436272704361707732.glb",
    "data_out/20/733/30436272704361707733.glb",
    "data_out/20/734/30436272704361707734.glb",
    "data_out/20/735/30436272704361707735.glb",
    "data_out/20/736/30436272704361707736.glb",
    "data_out/20/737/30436272704361707737.glb",
    "data_out/20/600/30436272704361716600.glb",
    "data_out/20/601/30436272704361716601.glb",
    "data_out/20/602/30436272704361716602.glb",
    "data_out/20/603/30436272704361716603.glb",
    "data_out/20/604/30436272704361716604.glb",
    "data_out/20/605/30436272704361716605.glb",
    "data_out/20/606/30436272704361716606.glb",
    "data_out/20/607/30436272704361716607.glb",
    "data_out/20/612/30436272704361716612.glb",
    "data_out/20/616/30436272704361716616.glb",
    "data_out/20/620/30436272704361716620.glb",
    "data_out/20/621/30436272704361716621.glb",
    "data_out/20/622/30436272704361716622.glb",
    "data_out/20/623/30436272704361716623.glb",
    "data_out/20/624/30436272704361716624.glb",
    "data_out/20/625/30436272704361716625.glb",
    "data_out/20/626/30436272704361716626.glb",
    "data_out/20/627/30436272704361716627.glb",
    "data_out/20/630/30436272704361716630.glb",
    "data_out/20/634/30436272704361716634.glb"
  ],
  "camera_pos_blender": [
    -40.92,
    21271.940000000002,
    3359.1017578125
  ],
  "target_pos_blender": [
    -55.7373671897688,
    21274.273587273616,
    3357.3017578125
  ],
  "ground_height_blender": 3357.3017578125,
  "matrix_world": [
    [
      0.15559831261634827,
      -0.11769674718379974,
      0.9807837009429932,
      -40.91999816894531
    ],
    [
      0.9878204464912415,
      0.018539216369390488,
      -0.1544899195432663,
      21271.939453125
    ],
    [
      0.0,
      0.9928765296936035,
      0.11914791911840439,
      3359.101806640625
    ],
    [
      0.0,
      0.0,
      0.0,
      1.0
    ]
  ],
  "camera_fov": 1.2870022058486938,
  "clip_start": 0.10000000149011612,
  "clip_end": 150.0,
  "resolution": [
    640,
    640
  ]
}