{
  "viewpoint_id": 5484,
  "glb_path": "data_out/20/511/30436272704370606511.glb",
  "glb_paths": [
    "data_out/20/511/30436272704370606511.glb",
    "data_out/20/512/30436272704370606512.glb",
    "data_out/20/513/30436272704370606513.glb",
    "data_out/20/515/30436272704370606515.glb",
    "data_out/20/516/30436272704370606516.glb",
    "data_out/20/517/30436272704370606517.glb",
    "data_out/20/530/30436272704370606530.glb",
    "data_out/20/531/30436272704370606531.glb",
    "data_out/20/533/30436272704370606533.glb",
    "data_out/20/534/30436272704370606534.glb",
    "data_out/20/535/30436272704370606535.glb",
    "data_out/20/537/30436272704370606537.glb",
    "data_out/20/573/30436272704370606573.glb",
    "data_out/20/400/30436272704370607400.glb",
    "data_out/20/401/30436272704370607401.glb",
    "data_out/20/402/30436272704370607402.glb",
    "data_out/20/403/30436272704370607403.glb",
    "data_out/20/404/30436272704370607404.glb",
    "data_out/20/405/30436272704370607405.glb",
    "data_out/20/406/30436272704370607406.glb",
    "data_out/20/407/30436272704370607407.glb",
    "data_out/20/410/30436272704370607410.glb",
    "data_out/20/412/30436272704370607412.glb",
    "data_out/20/416/30436272704370607416.glb",
    "data_out/20/417/30436272704370607417.glb",
    "data_out/20/420/30436272704370607420.glb",
    "data_out/20/421/30436272704370607421.glb",
    "data_out/20/422/30436272704370607422.glb",
    "data_out/20/423/30436272704370607423.glb",
    "data_out/20/424/30436272704370607424.glb",
    "data_out/20/425/30436272704370607425.glb",
    "data_out/20/426/30436272704370607426.glb",
    "data_out/20/427/30436272704370607427.glb",
    "data_out/20/430/30436272704370607430.glb",
    "data_out/20/431/30436272704370607431.glb",
    "data_out/20/432/30436272704370607432.glb",
    "data_out/20/434/30436272704370607434.glb",
    "data_out/20/435/30436272704370607435.glb",
    "data_out/20/436/30436272704370607436.glb",
    "data_out/20/462/30436272704370607462.glb"
  ],
  "camera_pos_blender": [
    651.31,
    21123.100000000002,
    3358.505810546875
  ],
  "target_pos_blender": [
    666.1705060966133,
    21125.14092100595,
    3356.705810546875
  ],
  "ground_height_blender": 3356.705810546875,
  "matrix_world": [
    [
      0.13606733083724976,
      0.11803995817899704,
      -0.9836423397064209,
      651.3099975585938
    ],
    [
      -0.9906995892524719,
      0.016212161630392075,
      -0.13509805500507355,
      21123.099609375
    ],
    [
      0.0,
      0.9928764700889587,
      0.11914808303117752,
      3358.505859375
    ],
    [
      0.0,
      0.0,
      0.0,
      1.0
    ]
  ],
  "camera_fov": 1.2870022058486938,
  "clip_start": 0.10000000149011612,
  "clip_end": 150.0,
  "resolution": [
    640,
    640
  ]
}