{
  "viewpoint_id": 5486,
  "glb_path": "data_out/19/746/3043627270437060746.glb",
  "glb_paths": [
    "data_out/19/746/3043627270437060746.glb",
    "data_out/19/756/3043627270437060756.glb",
    "data_out/20/401/30436272704370607401.glb",
    "data_out/20/402/30436272704370607402.glb",
    "data_out/20/403/30436272704370607403.glb",
    "data_out/20/405/30436272704370607405.glb",
    "data_out/20/406/30436272704370607406.glb",
    "data_out/20/407/30436272704370607407.glb",
    "data_out/20/410/30436272704370607410.glb",
    "data_out/20/411/30436272704370607411.glb",
    "data_out/20/412/30436272704370607412.glb",
    "data_out/20/416/30436272704370607416.glb",
    "data_out/20/417/30436272704370607417.glb",
    "data_out/20/420/30436272704370607420.glb",
    "data_out/20/421/30436272704370607421.glb",
    "data_out/20/423/30436272704370607423.glb",
    "data_out/20/424/30436272704370607424.glb",
    "data_out/20/425/30436272704370607425.glb",
    "data_out/20/427/30436272704370607427.glb",
    "data_out/20/430/30436272704370607430.glb",
    "data_out/20/431/30436272704370607431.glb",
    "data_out/20/432/30436272704370607432.glb",
    "data_out/20/433/30436272704370607433.glb",
    "data_out/20/434/30436272704370607434.glb",
    "data_out/20/435/30436272704370607435.glb",
    "data_out/20/436/30436272704370607436.glb",
    "data_out/20/437/30436272704370607437.glb",
    "data_out/20/503/30436272704370607503.glb",
    "data_out/20/507/30436272704370607507.glb",
    "data_out/20/520/30436272704370607520.glb",
    "data_out/20/521/30436272704370607521.glb",
    "data_out/20/522/30436272704370607522.glb",
    "data_out/20/524/30436272704370607524.glb",
    "data_out/20/525/30436272704370607525.glb",
    "data_out/20/526/30436272704370607526.glb"
  ],
  "camera_pos_blender": [
    690.94,
    21128.54,
    3358.387158203125
  ],
  "target_pos_blender": [
    705.8005060966134,
    21130.58092100595,
    3356.587158203125
  ],
  "ground_height_blender": 3356.587158203125,
  "matrix_world": [
    [
      0.13606788218021393,
      0.11804042756557465,
      -0.9836422801017761,
      690.9400024414062
    ],
    [
      -0.9906995296478271,
      0.01621229387819767,
      -0.13509860634803772,
      21128.5390625
    ],
    [
      0.0,
      0.9928764700889587,
      0.11914856731891632,
      3358.38720703125
    ],
    [
      0.0,
      0.0,
      0.0,
      1.0
    ]
  ],
  "camera_fov": 1.2870022058486938,
  "clip_start": 0.10000000149011612,
  "clip_end": 150.0,
  "resolution": [
    640,
    640
  ]
}