{
  "viewpoint_id": 5487,
  "glb_path": "data_out/19/746/3043627270437060746.glb",
  "glb_paths": [
    "data_out/19/746/3043627270437060746.glb",
    "data_out/20/403/30436272704370607403.glb",
    "data_out/20/407/30436272704370607407.glb",
    "data_out/20/410/30436272704370607410.glb",
    "data_out/20/411/30436272704370607411.glb",
    "data_out/20/412/30436272704370607412.glb",
    "data_out/20/416/30436272704370607416.glb",
    "data_out/20/417/30436272704370607417.glb",
    "data_out/20/421/30436272704370607421.glb",
    "data_out/20/423/30436272704370607423.glb",
    "data_out/20/425/30436272704370607425.glb",
    "data_out/20/427/30436272704370607427.glb",
    "data_out/20/430/30436272704370607430.glb",
    "data_out/20/431/30436272704370607431.glb",
    "data_out/20/432/30436272704370607432.glb",
    "data_out/20/433/30436272704370607433.glb",
    "data_out/20/434/30436272704370607434.glb",
    "data_out/20/435/30436272704370607435.glb",
    "data_out/20/436/30436272704370607436.glb",
    "data_out/20/437/30436272704370607437.glb",
    "data_out/20/503/30436272704370607503.glb",
    "data_out/20/507/30436272704370607507.glb",
    "data_out/20/520/30436272704370607520.glb",
    "data_out/20/521/30436272704370607521.glb",
    "data_out/20/522/30436272704370607522.glb",
    "data_out/20/523/30436272704370607523.glb",
    "data_out/20/524/30436272704370607524.glb",
    "data_out/20/525/30436272704370607525.glb",
    "data_out/20/526/30436272704370607526.glb",
    "data_out/20/527/30436272704370607527.glb",
    "data_out/20/563/30436272704370607563.glb"
  ],
  "camera_pos_blender": [
    710.79,
    21130.98,
    3358.375439453125
  ],
  "target_pos_blender": [
    725.6947596644235,
    21132.667643133416,
    3356.575439453125
  ],
  "ground_height_blender": 3356.575439453125,
  "matrix_world": [
    [
      0.11249992996454239,
      0.11839195340871811,
      -0.9865734577178955,
      710.7899780273438
    ],
    [
      -0.9936517477035522,
      0.013404179364442825,
      -0.11169853806495667,
      21130.98046875
    ],
    [
      0.0,
      0.992876410484314,
      0.11914833635091782,
      3358.37548828125
    ],
    [
      0.0,
      0.0,
      0.0,
      1.0
    ]
  ],
  "camera_fov": 1.2870022058486938,
  "clip_start": 0.10000000149011612,
  "clip_end": 150.0,
  "resolution": [
    640,
    640
  ]
}