{
  "viewpoint_id": 5488,
  "glb_path": "data_out/20/403/30436272704370607403.glb",
  "glb_paths": [
    "data_out/20/403/30436272704370607403.glb",
    "data_out/20/407/30436272704370607407.glb",
    "data_out/20/410/30436272704370607410.glb",
    "data_out/20/411/30436272704370607411.glb",
    "data_out/20/412/30436272704370607412.glb",
    "data_out/20/416/30436272704370607416.glb",
    "data_out/20/417/30436272704370607417.glb",
    "data_out/20/421/30436272704370607421.glb",
    "data_out/20/425/30436272704370607425.glb",
    "data_out/20/430/30436272704370607430.glb",
    "data_out/20/431/30436272704370607431.glb",
    "data_out/20/432/30436272704370607432.glb",
    "data_out/20/433/30436272704370607433.glb",
    "data_out/20/434/30436272704370607434.glb",
    "data_out/20/435/30436272704370607435.glb",
    "data_out/20/436/30436272704370607436.glb",
    "data_out/20/437/30436272704370607437.glb",
    "data_out/20/503/30436272704370607503.glb",
    "data_out/20/507/30436272704370607507.glb",
    "data_out/20/512/30436272704370607512.glb",
    "data_out/20/516/30436272704370607516.glb",
    "data_out/20/520/30436272704370607520.glb",
    "data_out/20/521/30436272704370607521.glb",
    "data_out/20/522/30436272704370607522.glb",
    "data_out/20/523/30436272704370607523.glb",
    "data_out/20/524/30436272704370607524.glb",
    "data_out/20/525/30436272704370607525.glb",
    "data_out/20/526/30436272704370607526.glb",
    "data_out/20/527/30436272704370607527.glb",
    "data_out/20/530/30436272704370607530.glb",
    "data_out/20/534/30436272704370607534.glb",
    "data_out/20/563/30436272704370607563.glb"
  ],
  "camera_pos_blender": [
    730.66,
    21133.23,
    3358.308056640625
  ],
  "target_pos_blender": [
    745.5699879909919,
    21134.870810198798,
    3356.508056640625
  ],
  "ground_height_blender": 3356.508056640625,
  "matrix_world": [
    [
      0.10937482118606567,
      0.1184333860874176,
      -0.9869197607040405,
      730.6599731445312
    ],
    [
      -0.9940006136894226,
      0.013031813316047192,
      -0.10859567672014236,
      21133.23046875
    ],
    [
      9.31322685637781e-10,
      0.9928764700889587,
      0.11914820224046707,
      3358.30810546875
    ],
    [
      0.0,
      0.0,
      0.0,
      1.0
    ]
  ],
  "camera_fov": 1.2870022058486938,
  "clip_start": 0.10000000149011612,
  "clip_end": 150.0,
  "resolution": [
    640,
    640
  ]
}