{
  "viewpoint_id": 5489,
  "glb_path": "data_out/20/411/30436272704370607411.glb",
  "glb_paths": [
    "data_out/20/411/30436272704370607411.glb",
    "data_out/20/412/30436272704370607412.glb",
    "data_out/20/416/30436272704370607416.glb",
    "data_out/20/417/30436272704370607417.glb",
    "data_out/20/430/30436272704370607430.glb",
    "data_out/20/431/30436272704370607431.glb",
    "data_out/20/433/30436272704370607433.glb",
    "data_out/20/434/30436272704370607434.glb",
    "data_out/20/435/30436272704370607435.glb",
    "data_out/20/437/30436272704370607437.glb",
    "data_out/20/503/30436272704370607503.glb",
    "data_out/20/507/30436272704370607507.glb",
    "data_out/20/512/30436272704370607512.glb",
    "data_out/20/513/30436272704370607513.glb",
    "data_out/20/516/30436272704370607516.glb",
    "data_out/20/517/30436272704370607517.glb",
    "data_out/20/520/30436272704370607520.glb",
    "data_out/20/521/30436272704370607521.glb",
    "data_out/20/522/30436272704370607522.glb",
    "data_out/20/523/30436272704370607523.glb",
    "data_out/20/524/30436272704370607524.glb",
    "data_out/20/525/30436272704370607525.glb",
    "data_out/20/526/30436272704370607526.glb",
    "data_out/20/527/30436272704370607527.glb",
    "data_out/20/530/30436272704370607530.glb",
    "data_out/20/531/30436272704370607531.glb",
    "data_out/20/532/30436272704370607532.glb",
    "data_out/20/534/30436272704370607534.glb",
    "data_out/20/535/30436272704370607535.glb",
    "data_out/20/536/30436272704370607536.glb",
    "data_out/20/563/30436272704370607563.glb",
    "data_out/20/572/30436272704370607572.glb"
  ],
  "camera_pos_blender": [
    750.58,
    21135.06,
    3358.323681640625
  ],
  "target_pos_blender": [
    765.5201496214867,
    21136.39862963048,
    3356.523681640625
  ],
  "ground_height_blender": 3356.523681640625,
  "matrix_world": [
    [
      0.08919325470924377,
      0.11867423355579376,
      -0.9889190793037415,
      750.5800170898438
    ],
    [
      -0.996014416217804,
      0.01062729675322771,
      -0.08855786919593811,
      21135.060546875
    ],
    [
      -9.31322685637781e-10,
      0.9928763508796692,
      0.1191491186618805,
      3358.32373046875
    ],
    [
      0.0,
      0.0,
      0.0,
      1.0
    ]
  ],
  "camera_fov": 1.2870022058486938,
  "clip_start": 0.10000000149011612,
  "clip_end": 150.0,
  "resolution": [
    640,
    640
  ]
}