{
  "viewpoint_id": 5490,
  "glb_path": "data_out/20/417/30436272704370607417.glb",
  "glb_paths": [
    "data_out/20/417/30436272704370607417.glb",
    "data_out/20/431/30436272704370607431.glb",
    "data_out/20/433/30436272704370607433.glb",
    "data_out/20/435/30436272704370607435.glb",
    "data_out/20/437/30436272704370607437.glb",
    "data_out/20/503/30436272704370607503.glb",
    "data_out/20/507/30436272704370607507.glb",
    "data_out/20/512/30436272704370607512.glb",
    "data_out/20/513/30436272704370607513.glb",
    "data_out/20/516/30436272704370607516.glb",
    "data_out/20/517/30436272704370607517.glb",
    "data_out/20/520/30436272704370607520.glb",
    "data_out/20/521/30436272704370607521.glb",
    "data_out/20/522/30436272704370607522.glb",
    "data_out/20/523/30436272704370607523.glb",
    "data_out/20/524/30436272704370607524.glb",
    "data_out/20/525/30436272704370607525.glb",
    "data_out/20/526/30436272704370607526.glb",
    "data_out/20/527/30436272704370607527.glb",
    "data_out/20/530/30436272704370607530.glb",
    "data_out/20/531/30436272704370607531.glb",
    "data_out/20/532/30436272704370607532.glb",
    "data_out/20/533/30436272704370607533.glb",
    "data_out/20/534/30436272704370607534.glb",
    "data_out/20/535/30436272704370607535.glb",
    "data_out/20/536/30436272704370607536.glb",
    "data_out/20/537/30436272704370607537.glb",
    "data_out/20/563/30436272704370607563.glb",
    "data_out/20/572/30436272704370607572.glb",
    "data_out/20/420/30436272704370616420.glb",
    "data_out/20/424/30436272704370616424.glb"
  ],
  "camera_pos_blender": [
    770.5,
    21136.83,
    3358.334423828125
  ],
  "target_pos_blender": [
    785.4447312903966,
    21138.11647062067,
    3356.534423828125
  ],
  "ground_height_blender": 3356.534423828125,
  "matrix_world": [
    [
      0.08580714464187622,
      0.11870875209569931,
      -0.9892144799232483,
      770.5
    ],
    [
      -0.9963118433952332,
      0.010223767720162868,
      -0.08519589155912399,
      21136.830078125
    ],
    [
      9.31322685637781e-10,
      0.9928764700889587,
      0.11914820224046707,
      3358.33447265625
    ],
    [
      0.0,
      0.0,
      0.0,
      1.0
    ]
  ],
  "camera_fov": 1.2870022058486938,
  "clip_start": 0.10000000149011612,
  "clip_end": 150.0,
  "resolution": [
    640,
    640
  ]
}