{
  "viewpoint_id": 5491,
  "glb_path": "data_out/20/431/30436272704370607431.glb",
  "glb_paths": [
    "data_out/20/431/30436272704370607431.glb",
    "data_out/20/435/30436272704370607435.glb",
    "data_out/20/503/30436272704370607503.glb",
    "data_out/20/507/30436272704370607507.glb",
    "data_out/20/511/30436272704370607511.glb",
    "data_out/20/512/30436272704370607512.glb",
    "data_out/20/513/30436272704370607513.glb",
    "data_out/20/515/30436272704370607515.glb",
    "data_out/20/516/30436272704370607516.glb",
    "data_out/20/517/30436272704370607517.glb",
    "data_out/20/520/30436272704370607520.glb",
    "data_out/20/521/30436272704370607521.glb",
    "data_out/20/522/30436272704370607522.glb",
    "data_out/20/523/30436272704370607523.glb",
    "data_out/20/524/30436272704370607524.glb",
    "data_out/20/525/30436272704370607525.glb",
    "data_out/20/526/30436272704370607526.glb",
    "data_out/20/527/30436272704370607527.glb",
    "data_out/20/530/30436272704370607530.glb",
    "data_out/20/531/30436272704370607531.glb",
    "data_out/20/532/30436272704370607532.glb",
    "data_out/20/533/30436272704370607533.glb",
    "data_out/20/534/30436272704370607534.glb",
    "data_out/20/535/30436272704370607535.glb",
    "data_out/20/536/30436272704370607536.glb",
    "data_out/20/537/30436272704370607537.glb",
    "data_out/20/563/30436272704370607563.glb",
    "data_out/20/572/30436272704370607572.glb",
    "data_out/20/402/30436272704370616402.glb",
    "data_out/20/406/30436272704370616406.glb",
    "data_out/20/420/30436272704370616420.glb",
    "data_out/20/422/30436272704370616422.glb",
    "data_out/20/424/30436272704370616424.glb",
    "data_out/20/426/30436272704370616426.glb"
  ],
  "camera_pos_blender": [
    790.43,
    21138.54,
    3358.341015625
  ],
  "target_pos_blender": [
    805.3747312903965,
    21139.82647062067,
    3356.541015625
  ],
  "ground_height_blender": 3356.541015625,
  "matrix_world": [
    [
      0.08580679446458817,
      0.1187082901597023,
      -0.9892146587371826,
      790.4299926757812
    ],
    [
      -0.9963117837905884,
      0.010223684832453728,
      -0.08519555628299713,
      21138.5390625
    ],
    [
      0.0,
      0.9928765892982483,
      0.11914773285388947,
      3358.341064453125
    ],
    [
      0.0,
      0.0,
      0.0,
      1.0
    ]
  ],
  "camera_fov": 1.2870022058486938,
  "clip_start": 0.10000000149011612,
  "clip_end": 150.0,
  "resolution": [
    640,
    640
  ]
}