{
  "viewpoint_id": 5494,
  "glb_path": "data_out/20/511/30436272704370607511.glb",
  "glb_paths": [
    "data_out/20/511/30436272704370607511.glb",
    "data_out/20/512/30436272704370607512.glb",
    "data_out/20/513/30436272704370607513.glb",
    "data_out/20/515/30436272704370607515.glb",
    "data_out/20/516/30436272704370607516.glb",
    "data_out/20/517/30436272704370607517.glb",
    "data_out/20/530/30436272704370607530.glb",
    "data_out/20/531/30436272704370607531.glb",
    "data_out/20/532/30436272704370607532.glb",
    "data_out/20/533/30436272704370607533.glb",
    "data_out/20/534/30436272704370607534.glb",
    "data_out/20/535/30436272704370607535.glb",
    "data_out/20/536/30436272704370607536.glb",
    "data_out/20/537/30436272704370607537.glb",
    "data_out/20/572/30436272704370607572.glb",
    "data_out/20/400/30436272704370616400.glb",
    "data_out/20/401/30436272704370616401.glb",
    "data_out/20/402/30436272704370616402.glb",
    "data_out/20/403/30436272704370616403.glb",
    "data_out/20/404/30436272704370616404.glb",
    "data_out/20/405/30436272704370616405.glb",
    "data_out/20/406/30436272704370616406.glb",
    "data_out/20/407/30436272704370616407.glb",
    "data_out/20/412/30436272704370616412.glb",
    "data_out/20/416/30436272704370616416.glb",
    "data_out/20/420/30436272704370616420.glb",
    "data_out/20/421/30436272704370616421.glb",
    "data_out/20/422/30436272704370616422.glb",
    "data_out/20/423/30436272704370616423.glb",
    "data_out/20/424/30436272704370616424.glb",
    "data_out/20/425/30436272704370616425.glb",
    "data_out/20/426/30436272704370616426.glb",
    "data_out/20/427/30436272704370616427.glb",
    "data_out/20/430/30436272704370616430.glb",
    "data_out/20/432/30436272704370616432.glb",
    "data_out/20/434/30436272704370616434.glb",
    "data_out/20/436/30436272704370616436.glb",
    "data_out/20/470/30436272704370616470.glb",
    "data_out/20/472/30436272704370616472.glb"
  ],
  "camera_pos_blender": [
    850.12,
    21133.31,
    3358.350537109375
  ],
  "target_pos_blender": [
    865.0211923857105,
    21131.591144135175,
    3356.550537109375
  ],
  "ground_height_blender": 3356.550537109375,
  "matrix_world": [
    [
      -0.11458349227905273,
      0.11836382001638412,
      -0.9863369464874268,
      850.1199951171875
    ],
    [
      -0.9934136271476746,
      -0.013652460649609566,
      0.11376724392175674,
      21133.310546875
    ],
    [
      -9.313225746154785e-10,
      0.9928764700889587,
      0.11914856731891632,
      3358.3505859375
    ],
    [
      0.0,
      0.0,
      0.0,
      1.0
    ]
  ],
  "camera_fov": 1.2870022058486938,
  "clip_start": 0.10000000149011612,
  "clip_end": 150.0,
  "resolution": [
    640,
    640
  ]
}