{
  "viewpoint_id": 5495,
  "glb_path": "data_out/19/757/3043627270437060757.glb",
  "glb_paths": [
    "data_out/19/757/3043627270437060757.glb",
    "data_out/20/511/30436272704370607511.glb",
    "data_out/20/512/30436272704370607512.glb",
    "data_out/20/513/30436272704370607513.glb",
    "data_out/20/515/30436272704370607515.glb",
    "data_out/20/516/30436272704370607516.glb",
    "data_out/20/517/30436272704370607517.glb",
    "data_out/20/530/30436272704370607530.glb",
    "data_out/20/531/30436272704370607531.glb",
    "data_out/20/533/30436272704370607533.glb",
    "data_out/20/534/30436272704370607534.glb",
    "data_out/20/535/30436272704370607535.glb",
    "data_out/20/537/30436272704370607537.glb",
    "data_out/20/400/30436272704370616400.glb",
    "data_out/20/401/30436272704370616401.glb",
    "data_out/20/402/30436272704370616402.glb",
    "data_out/20/403/30436272704370616403.glb",
    "data_out/20/404/30436272704370616404.glb",
    "data_out/20/405/30436272704370616405.glb",
    "data_out/20/406/30436272704370616406.glb",
    "data_out/20/407/30436272704370616407.glb",
    "data_out/20/410/30436272704370616410.glb",
    "data_out/20/412/30436272704370616412.glb",
    "data_out/20/414/30436272704370616414.glb",
    "data_out/20/416/30436272704370616416.glb",
    "data_out/20/417/30436272704370616417.glb",
    "data_out/20/420/30436272704370616420.glb",
    "data_out/20/421/30436272704370616421.glb",
    "data_out/20/422/30436272704370616422.glb",
    "data_out/20/423/30436272704370616423.glb",
    "data_out/20/424/30436272704370616424.glb",
    "data_out/20/425/30436272704370616425.glb",
    "data_out/20/426/30436272704370616426.glb",
    "data_out/20/427/30436272704370616427.glb",
    "data_out/20/430/30436272704370616430.glb",
    "data_out/20/431/30436272704370616431.glb",
    "data_out/20/432/30436272704370616432.glb",
    "data_out/20/434/30436272704370616434.glb",
    "data_out/20/435/30436272704370616435.glb",
    "data_out/20/436/30436272704370616436.glb",
    "data_out/20/453/30436272704370616453.glb",
    "data_out/20/470/30436272704370616470.glb",
    "data_out/20/471/30436272704370616471.glb",
    "data_out/20/472/30436272704370616472.glb"
  ],
  "camera_pos_blender": [
    869.99,
    21130.98,
    3358.3556640625
  ],
  "target_pos_blender": [
    884.8791473933197,
    21129.159755538396,
    3356.5556640625
  ],
  "ground_height_blender": 3356.5556640625,
  "matrix_world": [
    [
      -0.12135400623083115,
      0.11826765537261963,
      -0.9855384230613708,
      869.989990234375
    ],
    [
      -0.9926093816757202,
      -0.014459116384387016,
      0.12048953026533127,
      21130.98046875
    ],
    [
      -9.31322685637781e-10,
      0.9928764700889587,
      0.11914824694395065,
      3358.355712890625
    ],
    [
      0.0,
      0.0,
      0.0,
      1.0
    ]
  ],
  "camera_fov": 1.2870022058486938,
  "clip_start": 0.10000000149011612,
  "clip_end": 150.0,
  "resolution": [
    640,
    640
  ]
}