{
  "viewpoint_id": 5496,
  "glb_path": "data_out/20/502/30436272704370606502.glb",
  "glb_paths": [
    "data_out/20/502/30436272704370606502.glb",
    "data_out/20/503/30436272704370606503.glb",
    "data_out/20/506/30436272704370606506.glb",
    "data_out/20/507/30436272704370606507.glb",
    "data_out/20/512/30436272704370606512.glb",
    "data_out/20/513/30436272704370606513.glb",
    "data_out/20/516/30436272704370606516.glb",
    "data_out/20/517/30436272704370606517.glb",
    "data_out/20/520/30436272704370606520.glb",
    "data_out/20/521/30436272704370606521.glb",
    "data_out/20/522/30436272704370606522.glb",
    "data_out/20/523/30436272704370606523.glb",
    "data_out/20/524/30436272704370606524.glb",
    "data_out/20/525/30436272704370606525.glb",
    "data_out/20/526/30436272704370606526.glb",
    "data_out/20/527/30436272704370606527.glb",
    "data_out/20/530/30436272704370606530.glb",
    "data_out/20/531/30436272704370606531.glb",
    "data_out/20/532/30436272704370606532.glb",
    "data_out/20/533/30436272704370606533.glb",
    "data_out/20/534/30436272704370606534.glb",
    "data_out/20/535/30436272704370606535.glb",
    "data_out/20/536/30436272704370606536.glb",
    "data_out/20/537/30436272704370606537.glb",
    "data_out/20/573/30436272704370606573.glb",
    "data_out/20/710/30436272704370606710.glb",
    "data_out/20/711/30436272704370606711.glb",
    "data_out/20/714/30436272704370606714.glb",
    "data_out/20/715/30436272704370606715.glb",
    "data_out/20/751/30436272704370606751.glb",
    "data_out/20/402/30436272704370607402.glb",
    "data_out/20/406/30436272704370607406.glb",
    "data_out/20/420/30436272704370607420.glb",
    "data_out/20/421/30436272704370607421.glb",
    "data_out/20/422/30436272704370607422.glb",
    "data_out/20/424/30436272704370607424.glb",
    "data_out/20/425/30436272704370607425.glb",
    "data_out/20/426/30436272704370607426.glb",
    "data_out/20/462/30436272704370607462.glb"
  ],
  "camera_pos_blender": [
    580.5,
    21145.72,
    3358.339794921875
  ],
  "target_pos_blender": [
    588.417682679176,
    21132.979893996053,
    3356.539794921875
  ],
  "ground_height_blender": 3356.539794921875,
  "matrix_world": [
    [
      -0.8493432998657227,
      0.06289098411798477,
      -0.524080753326416,
      580.5
    ],
    [
      -0.527840793132782,
      -0.1011972576379776,
      0.8432931303977966,
      21145.720703125
    ],
    [
      0.0,
      0.9928765892982483,
      0.1191476434469223,
      3358.33984375
    ],
    [
      0.0,
      0.0,
      0.0,
      1.0
    ]
  ],
  "camera_fov": 1.2870022058486938,
  "clip_start": 0.10000000149011612,
  "clip_end": 150.0,
  "resolution": [
    640,
    640
  ]
}