{
  "viewpoint_id": 623,
  "glb_path": "data_out/19/561/3043627270436142561.glb",
  "camera_pos_blender": [
    -1071.4,
    20340.98,
    3369.572705078125
  ],
  "target_pos_blender": [
    -1066.4793640334783,
    20326.810054986523,
    3368.972705078125
  ],
  "ground_height_blender": 3367.772705078125,
  "matrix_world": [
    [
      -0.9446624517440796,
      0.013113417662680149,
      -0.3277817666530609,
      -1071.4000244140625
    ],
    [
      -0.32804396748542786,
      -0.03776247799396515,
      0.9439073801040649,
      20340.98046875
    ],
    [
      0.0,
      0.999200701713562,
      0.039974573999643326,
      3369.57275390625
    ],
    [
      0.0,
      0.0,
      0.0,
      1.0
    ]
  ],
  "camera_fov": 1.2870022058486938,
  "clip_start": 0.10000000149011612,
  "clip_end": 150.0,
  "resolution": [
    640,
    640
  ]
}