{
  "viewpoint_id": 624,
  "glb_path": "data_out/19/561/3043627270436142561.glb",
  "camera_pos_blender": [
    -1064.84,
    20322.09,
    3362.6515625
  ],
  "target_pos_blender": [
    -1059.9193640334781,
    20307.920054986524,
    3362.0515625
  ],
  "ground_height_blender": 3360.8515625,
  "matrix_world": [
    [
      -0.9446624517440796,
      0.013113417662680149,
      -0.3277817666530609,
      -1064.8399658203125
    ],
    [
      -0.32804396748542786,
      -0.03776247799396515,
      0.9439073801040649,
      20322.08984375
    ],
    [
      0.0,
      0.999200701713562,
      0.039974573999643326,
      3362.651611328125
    ],
    [
      0.0,
      0.0,
      0.0,
      1.0
    ]
  ],
  "camera_fov": 1.2870022058486938,
  "clip_start": 0.10000000149011612,
  "clip_end": 150.0,
  "resolution": [
    640,
    640
  ]
}