{
  "viewpoint_id": 625,
  "glb_path": "data_out/19/561/3043627270436142561.glb",
  "camera_pos_blender": [
    -1058.28,
    20303.2,
    3362.809033203125
  ],
  "target_pos_blender": [
    -1053.3593640334782,
    20289.030054986524,
    3362.209033203125
  ],
  "ground_height_blender": 3361.009033203125,
  "matrix_world": [
    [
      -0.9446624517440796,
      0.013113417662680149,
      -0.3277817666530609,
      -1058.280029296875
    ],
    [
      -0.32804396748542786,
      -0.03776247799396515,
      0.9439073801040649,
      20303.19921875
    ],
    [
      0.0,
      0.999200701713562,
      0.039974573999643326,
      3362.80908203125
    ],
    [
      0.0,
      0.0,
      0.0,
      1.0
    ]
  ],
  "camera_fov": 1.2870022058486938,
  "clip_start": 0.10000000149011612,
  "clip_end": 150.0,
  "resolution": [
    640,
    640
  ]
}