{
  "viewpoint_id": 626,
  "glb_path": "data_out/19/543/3043627270436142543.glb",
  "camera_pos_blender": [
    -1051.72,
    20284.3,
    3363.083203125
  ],
  "target_pos_blender": [
    -1046.8463803197928,
    20270.113815480803,
    3362.483203125
  ],
  "ground_height_blender": 3361.283203125,
  "matrix_world": [
    [
      -0.9457566738128662,
      0.0129857137799263,
      -0.32461634278297424,
      -1051.719970703125
    ],
    [
      -0.32487601041793823,
      -0.03780311346054077,
      0.9450007677078247,
      20284.30078125
    ],
    [
      9.31322685637781e-10,
      0.9992008209228516,
      0.03997129201889038,
      3363.083251953125
    ],
    [
      0.0,
      0.0,
      0.0,
      1.0
    ]
  ],
  "camera_fov": 1.2870022058486938,
  "clip_start": 0.10000000149011612,
  "clip_end": 150.0,
  "resolution": [
    640,
    640
  ]
}