{
  "viewpoint_id": 627,
  "glb_path": "data_out/19/543/3043627270436142543.glb",
  "camera_pos_blender": [
    -1044.9,
    20265.510000000002,
    3364.13056640625
  ],
  "target_pos_blender": [
    -1039.9422841093017,
    20251.352985726255,
    3363.53056640625
  ],
  "ground_height_blender": 3362.33056640625,
  "matrix_world": [
    [
      -0.9437944889068604,
      0.01321352832019329,
      -0.33026888966560364,
      -1044.9000244140625
    ],
    [
      -0.33053314685821533,
      -0.03772951290011406,
      0.9430398941040039,
      20265.509765625
    ],
    [
      0.0,
      0.9992006421089172,
      0.03997641056776047,
      3364.130615234375
    ],
    [
      0.0,
      0.0,
      0.0,
      1.0
    ]
  ],
  "camera_fov": 1.2870022058486938,
  "clip_start": 0.10000000149011612,
  "clip_end": 150.0,
  "resolution": [
    640,
    640
  ]
}