{
  "viewpoint_id": 628,
  "glb_path": "data_out/19/543/3043627270436142543.glb",
  "camera_pos_blender": [
    -1038.29,
    20246.63,
    3364.111767578125
  ],
  "target_pos_blender": [
    -1033.3322841093016,
    20232.472985726254,
    3363.511767578125
  ],
  "ground_height_blender": 3362.311767578125,
  "matrix_world": [
    [
      -0.9438086748123169,
      0.01321028359234333,
      -0.33022841811180115,
      -1038.2900390625
    ],
    [
      -0.3304925560951233,
      -0.037725452333688736,
      0.9430543780326843,
      20246.630859375
    ],
    [
      0.0,
      0.9992008209228516,
      0.03997150808572769,
      3364.11181640625
    ],
    [
      0.0,
      0.0,
      0.0,
      1.0
    ]
  ],
  "camera_fov": 1.2870022058486938,
  "clip_start": 0.10000000149011612,
  "clip_end": 150.0,
  "resolution": [
    640,
    640
  ]
}