{
  "viewpoint_id": 630,
  "glb_path": "data_out/19/552/3043627270436142552.glb",
  "camera_pos_blender": [
    -1014.39,
    20215.84,
    3363.700146484375
  ],
  "target_pos_blender": [
    -1002.1828297287536,
    20207.123062810322,
    3361.900146484375
  ],
  "ground_height_blender": 3361.900146484375,
  "matrix_world": [
    [
      -0.5811216235160828,
      0.0969652608036995,
      -0.8080195188522339,
      -1014.3900146484375
    ],
    [
      -0.8138167858123779,
      -0.06923990696668625,
      0.5769819021224976,
      20215.83984375
    ],
    [
      3.725290298461914e-09,
      0.992876410484314,
      0.11914876848459244,
      3363.7001953125
    ],
    [
      0.0,
      0.0,
      0.0,
      1.0
    ]
  ],
  "camera_fov": 1.2870022058486938,
  "clip_start": 0.10000000149011612,
  "clip_end": 150.0,
  "resolution": [
    640,
    640
  ]
}