{
  "viewpoint_id": 631,
  "glb_path": "data_out/19/550/3043627270436142550.glb",
  "camera_pos_blender": [
    -998.12,
    20204.22,
    3363.456494140625
  ],
  "target_pos_blender": [
    -985.9128297287536,
    20195.503062810323,
    3362.856494140625
  ],
  "ground_height_blender": 3361.656494140625,
  "matrix_world": [
    [
      -0.5811235308647156,
      0.03253209590911865,
      -0.8131648898124695,
      -998.1199951171875
    ],
    [
      -0.8138154745101929,
      -0.023230284452438354,
      0.5806589722633362,
      20204.220703125
    ],
    [
      1.862645371275562e-09,
      0.9992006421089172,
      0.03997478634119034,
      3363.45654296875
    ],
    [
      0.0,
      0.0,
      0.0,
      1.0
    ]
  ],
  "camera_fov": 1.2870022058486938,
  "clip_start": 0.10000000149011612,
  "clip_end": 150.0,
  "resolution": [
    640,
    640
  ]
}