{
  "viewpoint_id": 632,
  "glb_path": "data_out/19/550/3043627270436142550.glb",
  "camera_pos_blender": [
    -981.84,
    20192.59,
    3363.255322265625
  ],
  "target_pos_blender": [
    -969.6328297287537,
    20183.873062810322,
    3362.655322265625
  ],
  "ground_height_blender": 3361.455322265625,
  "matrix_world": [
    [
      -0.581121563911438,
      0.03253204748034477,
      -0.8131663203239441,
      -981.8400268554688
    ],
    [
      -0.8138167858123779,
      -0.023230133578181267,
      0.5806570649147034,
      20192.58984375
    ],
    [
      1.862645149230957e-09,
      0.9992006421089172,
      0.03997465595602989,
      3363.25537109375
    ],
    [
      0.0,
      0.0,
      0.0,
      1.0
    ]
  ],
  "camera_fov": 1.2870022058486938,
  "clip_start": 0.10000000149011612,
  "clip_end": 150.0,
  "resolution": [
    640,
    640
  ]
}