{
  "viewpoint_id": 633,
  "glb_path": "data_out/19/550/3043627270436142550.glb",
  "camera_pos_blender": [
    -965.56,
    20180.97,
    3373.66328125
  ],
  "target_pos_blender": [
    -953.3528297287536,
    20172.253062810323,
    3373.06328125
  ],
  "ground_height_blender": 3371.86328125,
  "matrix_world": [
    [
      -0.5811235308647156,
      0.03253209590911865,
      -0.8131648898124695,
      -965.5599975585938
    ],
    [
      -0.8138154745101929,
      -0.023230284452438354,
      0.5806589722633362,
      20180.970703125
    ],
    [
      1.862645371275562e-09,
      0.9992006421089172,
      0.03997478634119034,
      3373.663330078125
    ],
    [
      0.0,
      0.0,
      0.0,
      1.0
    ]
  ],
  "camera_fov": 1.2870022058486938,
  "clip_start": 0.10000000149011612,
  "clip_end": 150.0,
  "resolution": [
    640,
    640
  ]
}