{
  "viewpoint_id": 634,
  "glb_path": "data_out/19/551/3043627270436142551.glb",
  "camera_pos_blender": [
    -949.29,
    20169.350000000002,
    3369.118359375
  ],
  "target_pos_blender": [
    -937.0828297287536,
    20160.633062810324,
    3368.518359375
  ],
  "ground_height_blender": 3367.318359375,
  "matrix_world": [
    [
      -0.5811235308647156,
      0.03253209590911865,
      -0.8131648898124695,
      -949.2899780273438
    ],
    [
      -0.8138154745101929,
      -0.023230284452438354,
      0.5806589722633362,
      20169.349609375
    ],
    [
      1.862645371275562e-09,
      0.9992006421089172,
      0.03997478634119034,
      3369.118408203125
    ],
    [
      0.0,
      0.0,
      0.0,
      1.0
    ]
  ],
  "camera_fov": 1.2870022058486938,
  "clip_start": 0.10000000149011612,
  "clip_end": 150.0,
  "resolution": [
    640,
    640
  ]
}