{
  "viewpoint_id": 635,
  "glb_path": "data_out/19/551/3043627270436142551.glb",
  "camera_pos_blender": [
    -933.01,
    20157.73,
    3362.967724609375
  ],
  "target_pos_blender": [
    -920.8028297287536,
    20149.01306281032,
    3362.367724609375
  ],
  "ground_height_blender": 3361.167724609375,
  "matrix_world": [
    [
      -0.5811235308647156,
      0.03253209590911865,
      -0.8131648898124695,
      -933.010009765625
    ],
    [
      -0.8138154745101929,
      -0.023230284452438354,
      0.5806589722633362,
      20157.73046875
    ],
    [
      1.862645371275562e-09,
      0.9992006421089172,
      0.03997478634119034,
      3362.9677734375
    ],
    [
      0.0,
      0.0,
      0.0,
      1.0
    ]
  ],
  "camera_fov": 1.2870022058486938,
  "clip_start": 0.10000000149011612,
  "clip_end": 150.0,
  "resolution": [
    640,
    640
  ]
}