{
  "viewpoint_id": 636,
  "glb_path": "data_out/19/551/3043627270436142551.glb",
  "camera_pos_blender": [
    -916.74,
    20146.100000000002,
    3363.233837890625
  ],
  "target_pos_blender": [
    -904.5328297287537,
    20137.383062810324,
    3362.633837890625
  ],
  "ground_height_blender": 3361.433837890625,
  "matrix_world": [
    [
      -0.5811235308647156,
      0.03253209590911865,
      -0.8131648898124695,
      -916.739990234375
    ],
    [
      -0.8138154745101929,
      -0.023230284452438354,
      0.5806589722633362,
      20146.099609375
    ],
    [
      1.862645371275562e-09,
      0.9992006421089172,
      0.03997478634119034,
      3363.23388671875
    ],
    [
      0.0,
      0.0,
      0.0,
      1.0
    ]
  ],
  "camera_fov": 1.2870022058486938,
  "clip_start": 0.10000000149011612,
  "clip_end": 150.0,
  "resolution": [
    640,
    640
  ]
}