{
  "viewpoint_id": 637,
  "glb_path": "data_out/20/400/30436272704361434400.glb",
  "camera_pos_blender": [
    -900.46,
    20134.48,
    3367.774609375
  ],
  "target_pos_blender": [
    -888.2528297287537,
    20125.76306281032,
    3367.174609375
  ],
  "ground_height_blender": 3365.974609375,
  "matrix_world": [
    [
      -0.581121563911438,
      0.03253204748034477,
      -0.8131663203239441,
      -900.4600219726562
    ],
    [
      -0.8138167858123779,
      -0.023230133578181267,
      0.5806570649147034,
      20134.48046875
    ],
    [
      1.862645149230957e-09,
      0.9992006421089172,
      0.03997465595602989,
      3367.774658203125
    ],
    [
      0.0,
      0.0,
      0.0,
      1.0
    ]
  ],
  "camera_fov": 1.2870022058486938,
  "clip_start": 0.10000000149011612,
  "clip_end": 150.0,
  "resolution": [
    640,
    640
  ]
}