{
  "viewpoint_id": 638,
  "glb_path": "data_out/19/662/3043627270436141662.glb",
  "camera_pos_blender": [
    -884.18,
    20122.86,
    3371.330029296875
  ],
  "target_pos_blender": [
    -871.9728297287536,
    20114.143062810323,
    3370.730029296875
  ],
  "ground_height_blender": 3369.530029296875,
  "matrix_world": [
    [
      -0.5811235308647156,
      0.03253209590911865,
      -0.8131648898124695,
      -884.1799926757812
    ],
    [
      -0.8138154745101929,
      -0.023230284452438354,
      0.5806589722633362,
      20122.859375
    ],
    [
      1.862645371275562e-09,
      0.9992006421089172,
      0.03997478634119034,
      3371.330078125
    ],
    [
      0.0,
      0.0,
      0.0,
      1.0
    ]
  ],
  "camera_fov": 1.2870022058486938,
  "clip_start": 0.10000000149011612,
  "clip_end": 150.0,
  "resolution": [
    640,
    640
  ]
}