{
  "viewpoint_id": 639,
  "glb_path": "data_out/19/662/3043627270436141662.glb",
  "camera_pos_blender": [
    -867.83,
    20111.36,
    3362.423046875
  ],
  "target_pos_blender": [
    -854.6967670646968,
    20104.11305632235,
    3361.823046875
  ],
  "ground_height_blender": 3360.623046875,
  "matrix_world": [
    [
      -0.483085960149765,
      0.035001564770936966,
      -0.8748730421066284,
      -867.8300170898438
    ],
    [
      -0.8755729794502258,
      -0.019311655312776566,
      0.48269978165626526,
      20111.359375
    ],
    [
      1.862645149230957e-09,
      0.999200701713562,
      0.0399756096303463,
      3362.423095703125
    ],
    [
      0.0,
      0.0,
      0.0,
      1.0
    ]
  ],
  "camera_fov": 1.2870022058486938,
  "clip_start": 0.10000000149011612,
  "clip_end": 150.0,
  "resolution": [
    640,
    640
  ]
}