{
  "viewpoint_id": 6480,
  "glb_path": "data_out/19/673/3043627270436140673.glb",
  "camera_pos_blender": [
    -1182.59,
    20078.9,
    3361.8
  ],
  "target_pos_blender": [
    -1196.7452828419755,
    20073.93734268122,
    3361.2
  ],
  "ground_height_blender": 3360.0,
  "matrix_world": [
    [
      -0.33085787296295166,
      -0.03772301226854324,
      0.9429263472557068,
      -1182.5899658203125
    ],
    [
      0.9436807036399841,
      -0.013225826434791088,
      0.33059340715408325,
      20078.900390625
    ],
    [
      9.31322685637781e-10,
      0.999200701713562,
      0.03997435048222542,
      3361.800048828125
    ],
    [
      0.0,
      0.0,
      0.0,
      1.0
    ]
  ],
  "camera_fov": 1.2870022058486938,
  "clip_start": 0.10000000149011612,
  "clip_end": 150.0,
  "resolution": [
    640,
    640
  ]
}