{
  "viewpoint_id": 6482,
  "glb_path": "data_out/19/661/3043627270436140661.glb",
  "camera_pos_blender": [
    -1243.08,
    20048.3,
    3364.85810546875
  ],
  "target_pos_blender": [
    -1248.259472984978,
    20062.37739534139,
    3364.25810546875
  ],
  "ground_height_blender": 3363.05810546875,
  "matrix_world": [
    [
      0.938481330871582,
      -0.013805433176457882,
      0.3450540006160736,
      -1243.0799560546875
    ],
    [
      0.34533005952835083,
      0.03751814365386963,
      -0.9377310872077942,
      20048.30078125
    ],
    [
      -9.313225746154785e-10,
      0.9992005825042725,
      0.039977505803108215,
      3364.858154296875
    ],
    [
      0.0,
      0.0,
      0.0,
      1.0
    ]
  ],
  "camera_fov": 1.2870022058486938,
  "clip_start": 0.10000000149011612,
  "clip_end": 150.0,
  "resolution": [
    640,
    640
  ]
}