{
  "viewpoint_id": 6483,
  "glb_path": "data_out/19/663/3043627270436140663.glb",
  "camera_pos_blender": [
    -1249.98,
    20067.07,
    3365.848828125
  ],
  "target_pos_blender": [
    -1255.159472984978,
    20081.14739534139,
    3365.248828125
  ],
  "ground_height_blender": 3364.048828125,
  "matrix_world": [
    [
      0.9384840130805969,
      -0.01380518451333046,
      0.34504684805870056,
      -1249.97998046875
    ],
    [
      0.34532293677330017,
      0.037518348544836044,
      -0.9377337098121643,
      20067.0703125
    ],
    [
      -9.31322685637781e-10,
      0.9992005228996277,
      0.03997761756181717,
      3365.848876953125
    ],
    [
      0.0,
      0.0,
      0.0,
      1.0
    ]
  ],
  "camera_fov": 1.2870022058486938,
  "clip_start": 0.10000000149011612,
  "clip_end": 150.0,
  "resolution": [
    640,
    640
  ]
}