{
  "viewpoint_id": 6486,
  "glb_path": "data_out/19/670/3043627270436140670.glb",
  "camera_pos_blender": [
    -1212.96,
    20037.66,
    3365.6896484375
  ],
  "target_pos_blender": [
    -1208.3073195270997,
    20023.399825933142,
    3365.0896484375
  ],
  "ground_height_blender": 3363.8896484375,
  "matrix_world": [
    [
      -0.9506774544715881,
      0.012399690225720406,
      -0.30993321537971497,
      -1212.9599609375
    ],
    [
      -0.3101811408996582,
      -0.03800394386053085,
      0.9499176144599915,
      20037.66015625
    ],
    [
      0.0,
      0.999200701713562,
      0.039975643157958984,
      3365.689697265625
    ],
    [
      0.0,
      0.0,
      0.0,
      1.0
    ]
  ],
  "camera_fov": 1.2870022058486938,
  "clip_start": 0.10000000149011612,
  "clip_end": 150.0,
  "resolution": [
    640,
    640
  ]
}