{
  "viewpoint_id": 6487,
  "glb_path": "data_out/19/670/3043627270436140670.glb",
  "camera_pos_blender": [
    -1207.46,
    20018.45,
    3399.1486328125
  ],
  "target_pos_blender": [
    -1204.8217671996629,
    20003.68383165167,
    3398.5486328125
  ],
  "ground_height_blender": 3397.3486328125,
  "matrix_world": [
    [
      -0.9844107627868652,
      0.007031186018139124,
      -0.1757446825504303,
      -1207.4599609375
    ],
    [
      -0.17588528990745544,
      -0.03935278207063675,
      0.9836238026618958,
      20018.44921875
    ],
    [
      -4.656612873077393e-10,
      0.999200701713562,
      0.039975978434085846,
      3399.148681640625
    ],
    [
      0.0,
      0.0,
      0.0,
      1.0
    ]
  ],
  "camera_fov": 1.2870022058486938,
  "clip_start": 0.10000000149011612,
  "clip_end": 150.0,
  "resolution": [
    640,
    640
  ]
}