{
  "viewpoint_id": 6488,
  "glb_path": "data_out/19/670/3043627270436140670.glb",
  "camera_pos_blender": [
    -1203.94,
    19998.760000000002,
    3399.1935546875
  ],
  "target_pos_blender": [
    -1201.301767199663,
    19983.99383165167,
    3398.5935546875
  ],
  "ground_height_blender": 3397.3935546875,
  "matrix_world": [
    [
      -0.9844107627868652,
      0.007031186018139124,
      -0.1757446825504303,
      -1203.93994140625
    ],
    [
      -0.17588528990745544,
      -0.03935278207063675,
      0.9836238026618958,
      19998.759765625
    ],
    [
      -4.656612873077393e-10,
      0.999200701713562,
      0.039975978434085846,
      3399.193603515625
    ],
    [
      0.0,
      0.0,
      0.0,
      1.0
    ]
  ],
  "camera_fov": 1.2870022058486938,
  "clip_start": 0.10000000149011612,
  "clip_end": 150.0,
  "resolution": [
    640,
    640
  ]
}