{
  "viewpoint_id": 6493,
  "glb_path": "data_out/19/661/3043627270436140661.glb",
  "camera_pos_blender": [
    -1241.14,
    20048.98,
    3365.472607421875
  ],
  "target_pos_blender": [
    -1255.2978793427772,
    20044.02475504991,
    3364.872607421875
  ],
  "ground_height_blender": 3363.672607421875,
  "matrix_world": [
    [
      -0.3303406536579132,
      -0.03773067146539688,
      0.9431073069572449,
      -1241.1400146484375
    ],
    [
      0.9438618421554565,
      -0.013205296359956264,
      0.33007657527923584,
      20048.98046875
    ],
    [
      9.31322685637781e-10,
      0.9992006421089172,
      0.03997478634119034,
      3365.47265625
    ],
    [
      0.0,
      0.0,
      0.0,
      1.0
    ]
  ],
  "camera_fov": 1.2870022058486938,
  "clip_start": 0.10000000149011612,
  "clip_end": 150.0,
  "resolution": [
    640,
    640
  ]
}