{
  "viewpoint_id": 661,
  "glb_path": "data_out/19/553/3043627270436142553.glb",
  "camera_pos_blender": [
    -963.5,
    20282.54,
    3363.079541015625
  ],
  "target_pos_blender": [
    -975.9297047039383,
    20274.143426831564,
    3362.479541015625
  ],
  "ground_height_blender": 3361.279541015625,
  "matrix_world": [
    [
      -0.55976802110672,
      -0.03312500938773155,
      0.8279870748519897,
      -963.5
    ],
    [
      0.8286494016647339,
      -0.022376559674739838,
      0.5593206286430359,
      20282.5390625
    ],
    [
      1.862645149230957e-09,
      0.9992006421089172,
      0.03997470438480377,
      3363.07958984375
    ],
    [
      0.0,
      0.0,
      0.0,
      1.0
    ]
  ],
  "camera_fov": 1.2870022058486938,
  "clip_start": 0.10000000149011612,
  "clip_end": 150.0,
  "resolution": [
    640,
    640
  ]
}