{
  "viewpoint_id": 662,
  "glb_path": "data_out/19/552/3043627270436142552.glb",
  "camera_pos_blender": [
    -980.07,
    20271.34,
    3374.10419921875
  ],
  "target_pos_blender": [
    -992.4997047039384,
    20262.943426831564,
    3373.50419921875
  ],
  "ground_height_blender": 3372.30419921875,
  "matrix_world": [
    [
      -0.55976802110672,
      -0.03312500938773155,
      0.8279870748519897,
      -980.0700073242188
    ],
    [
      0.8286494016647339,
      -0.022376559674739838,
      0.5593206286430359,
      20271.33984375
    ],
    [
      1.862645149230957e-09,
      0.9992006421089172,
      0.03997470438480377,
      3374.104248046875
    ],
    [
      0.0,
      0.0,
      0.0,
      1.0
    ]
  ],
  "camera_fov": 1.2870022058486938,
  "clip_start": 0.10000000149011612,
  "clip_end": 150.0,
  "resolution": [
    640,
    640
  ]
}