{
  "viewpoint_id": 663,
  "glb_path": "data_out/19/552/3043627270436142552.glb",
  "camera_pos_blender": [
    -996.64,
    20260.15,
    3363.234326171875
  ],
  "target_pos_blender": [
    -1009.0697047039383,
    20251.753426831565,
    3362.634326171875
  ],
  "ground_height_blender": 3361.434326171875,
  "matrix_world": [
    [
      -0.55976802110672,
      -0.03312500938773155,
      0.8279870748519897,
      -996.6400146484375
    ],
    [
      0.8286494016647339,
      -0.022376559674739838,
      0.5593206286430359,
      20260.150390625
    ],
    [
      1.862645149230957e-09,
      0.9992006421089172,
      0.03997470438480377,
      3363.234375
    ],
    [
      0.0,
      0.0,
      0.0,
      1.0
    ]
  ],
  "camera_fov": 1.2870022058486938,
  "clip_start": 0.10000000149011612,
  "clip_end": 150.0,
  "resolution": [
    640,
    640
  ]
}