{
  "viewpoint_id": 668,
  "glb_path": "data_out/20/403/30436272704361425403.glb",
  "camera_pos_blender": [
    -1078.92,
    20203.32,
    3364.114697265625
  ],
  "target_pos_blender": [
    -1091.1892342933093,
    20194.690637923006,
    3362.314697265625
  ],
  "ground_height_blender": 3362.314697265625,
  "matrix_world": [
    [
      -0.5752726793289185,
      -0.09746087342500687,
      0.8121347427368164,
      -1078.9200439453125
    ],
    [
      0.8179617524147034,
      -0.06854425370693207,
      0.5711745619773865,
      20203.3203125
    ],
    [
      -3.725290298461914e-09,
      0.9928761720657349,
      0.11915091425180435,
      3364.11474609375
    ],
    [
      0.0,
      0.0,
      0.0,
      1.0
    ]
  ],
  "camera_fov": 1.2870022058486938,
  "clip_start": 0.10000000149011612,
  "clip_end": 150.0,
  "resolution": [
    640,
    640
  ]
}