{
  "viewpoint_id": 669,
  "glb_path": "data_out/20/403/30436272704361425403.glb",
  "camera_pos_blender": [
    -1095.28,
    20191.81,
    3364.159375
  ],
  "target_pos_blender": [
    -1107.5492342933092,
    20183.180637923007,
    3363.559375
  ],
  "ground_height_blender": 3362.359375,
  "matrix_world": [
    [
      -0.5753598213195801,
      -0.03269343823194504,
      0.8172467947006226,
      -1095.280029296875
    ],
    [
      0.8179004788398743,
      -0.02299850806593895,
      0.5748999714851379,
      20191.810546875
    ],
    [
      0.0,
      0.9992008209228516,
      0.039972394704818726,
      3364.159423828125
    ],
    [
      0.0,
      0.0,
      0.0,
      1.0
    ]
  ],
  "camera_fov": 1.2870022058486938,
  "clip_start": 0.10000000149011612,
  "clip_end": 150.0,
  "resolution": [
    640,
    640
  ]
}