{
  "viewpoint_id": 670,
  "glb_path": "data_out/20/402/30436272704361425402.glb",
  "camera_pos_blender": [
    -1112.63,
    20181.96,
    3364.40546875
  ],
  "target_pos_blender": [
    -1126.3670426569076,
    20175.93557811551,
    3363.80546875
  ],
  "ground_height_blender": 3362.60546875,
  "matrix_world": [
    [
      -0.40168190002441406,
      -0.036606863141059875,
      0.915047287940979,
      -1112.6300048828125
    ],
    [
      0.9157793521881104,
      -0.016056612133979797,
      0.40136078000068665,
      20181.9609375
    ],
    [
      9.31322685637781e-10,
      0.9992007613182068,
      0.03997345268726349,
      3364.405517578125
    ],
    [
      0.0,
      0.0,
      0.0,
      1.0
    ]
  ],
  "camera_fov": 1.2870022058486938,
  "clip_start": 0.10000000149011612,
  "clip_end": 150.0,
  "resolution": [
    640,
    640
  ]
}