{
  "viewpoint_id": 671,
  "glb_path": "data_out/19/451/3043627270436142451.glb",
  "camera_pos_blender": [
    -1130.94,
    20173.920000000002,
    3363.7619140625
  ],
  "target_pos_blender": [
    -1144.6770426569076,
    20167.895578115513,
    3363.1619140625
  ],
  "ground_height_blender": 3361.9619140625,
  "matrix_world": [
    [
      -0.40157264471054077,
      -0.036610692739486694,
      0.9150950908660889,
      -1130.93994140625
    ],
    [
      0.915827214717865,
      -0.016053086146712303,
      0.4012516438961029,
      20173.919921875
    ],
    [
      0.0,
      0.999200701713562,
      0.039975542575120926,
      3363.761962890625
    ],
    [
      0.0,
      0.0,
      0.0,
      1.0
    ]
  ],
  "camera_fov": 1.2870022058486938,
  "clip_start": 0.10000000149011612,
  "clip_end": 150.0,
  "resolution": [
    640,
    640
  ]
}