{
  "viewpoint_id": 672,
  "glb_path": "data_out/19/451/3043627270436142451.glb",
  "camera_pos_blender": [
    -1149.55,
    20166.600000000002,
    3369.434765625
  ],
  "target_pos_blender": [
    -1163.5320149086167,
    20161.168309738656,
    3368.834765625
  ],
  "ground_height_blender": 3367.634765625,
  "matrix_world": [
    [
      -0.3621116280555725,
      -0.037261880934238434,
      0.9313896298408508,
      -1149.550048828125
    ],
    [
      0.932134747505188,
      -0.01447533443570137,
      0.3618221879005432,
      20166.599609375
    ],
    [
      1.862645371275562e-09,
      0.9992006421089172,
      0.03997478261590004,
      3369.434814453125
    ],
    [
      0.0,
      0.0,
      0.0,
      1.0
    ]
  ],
  "camera_fov": 1.2870022058486938,
  "clip_start": 0.10000000149011612,
  "clip_end": 150.0,
  "resolution": [
    640,
    640
  ]
}