{
  "viewpoint_id": 673,
  "glb_path": "data_out/19/451/3043627270436142451.glb",
  "camera_pos_blender": [
    -1168.19,
    20159.350000000002,
    3364.510693359375
  ],
  "target_pos_blender": [
    -1182.1720149086168,
    20153.918309738656,
    3363.910693359375
  ],
  "ground_height_blender": 3362.710693359375,
  "matrix_world": [
    [
      -0.36210891604423523,
      -0.03726164251565933,
      0.9313907623291016,
      -1168.18994140625
    ],
    [
      0.932135820388794,
      -0.014475114643573761,
      0.36181947588920593,
      20159.349609375
    ],
    [
      0.0,
      0.999200701713562,
      0.039974480867385864,
      3364.5107421875
    ],
    [
      0.0,
      0.0,
      0.0,
      1.0
    ]
  ],
  "camera_fov": 1.2870022058486938,
  "clip_start": 0.10000000149011612,
  "clip_end": 150.0,
  "resolution": [
    640,
    640
  ]
}