{
  "viewpoint_id": 674,
  "glb_path": "data_out/19/450/3043627270436142450.glb",
  "camera_pos_blender": [
    -1186.84,
    20152.11,
    3364.672314453125
  ],
  "target_pos_blender": [
    -1200.8220149086167,
    20146.678309738654,
    3364.072314453125
  ],
  "ground_height_blender": 3362.872314453125,
  "matrix_world": [
    [
      -0.36210891604423523,
      -0.03726164251565933,
      0.9313907623291016,
      -1186.8399658203125
    ],
    [
      0.932135820388794,
      -0.014475114643573761,
      0.36181947588920593,
      20152.109375
    ],
    [
      0.0,
      0.999200701713562,
      0.039974480867385864,
      3364.67236328125
    ],
    [
      0.0,
      0.0,
      0.0,
      1.0
    ]
  ],
  "camera_fov": 1.2870022058486938,
  "clip_start": 0.10000000149011612,
  "clip_end": 150.0,
  "resolution": [
    640,
    640
  ]
}