{
  "viewpoint_id": 675,
  "glb_path": "data_out/19/450/3043627270436142450.glb",
  "camera_pos_blender": [
    -1205.48,
    20144.870000000003,
    3364.42548828125
  ],
  "target_pos_blender": [
    -1219.4620149086168,
    20139.438309738656,
    3363.82548828125
  ],
  "ground_height_blender": 3362.62548828125,
  "matrix_world": [
    [
      -0.36210891604423523,
      -0.03726164251565933,
      0.9313907623291016,
      -1205.47998046875
    ],
    [
      0.932135820388794,
      -0.014475114643573761,
      0.36181947588920593,
      20144.869140625
    ],
    [
      0.0,
      0.999200701713562,
      0.039974480867385864,
      3364.425537109375
    ],
    [
      0.0,
      0.0,
      0.0,
      1.0
    ]
  ],
  "camera_fov": 1.2870022058486938,
  "clip_start": 0.10000000149011612,
  "clip_end": 150.0,
  "resolution": [
    640,
    640
  ]
}