{
  "viewpoint_id": 676,
  "glb_path": "data_out/19/450/3043627270436142450.glb",
  "camera_pos_blender": [
    -1224.12,
    20137.63,
    3364.7541015625
  ],
  "target_pos_blender": [
    -1238.1020149086166,
    20132.198309738655,
    3364.1541015625
  ],
  "ground_height_blender": 3362.9541015625,
  "matrix_world": [
    [
      -0.36210891604423523,
      -0.03726164251565933,
      0.9313907623291016,
      -1224.1199951171875
    ],
    [
      0.932135820388794,
      -0.014475114643573761,
      0.36181947588920593,
      20137.630859375
    ],
    [
      0.0,
      0.999200701713562,
      0.039974480867385864,
      3364.754150390625
    ],
    [
      0.0,
      0.0,
      0.0,
      1.0
    ]
  ],
  "camera_fov": 1.2870022058486938,
  "clip_start": 0.10000000149011612,
  "clip_end": 150.0,
  "resolution": [
    640,
    640
  ]
}