{
  "viewpoint_id": 677,
  "glb_path": "data_out/19/761/3043627270436140761.glb",
  "camera_pos_blender": [
    -1040.09,
    20046.5,
    3363.731396484375
  ],
  "target_pos_blender": [
    -1049.1464698899003,
    20058.45743923812,
    3363.131396484375
  ],
  "ground_height_blender": 3361.931396484375,
  "matrix_world": [
    [
      0.7971511483192444,
      -0.024136289954185486,
      0.603297233581543,
      -1040.0899658203125
    ],
    [
      0.6037798523902893,
      0.031866371631622314,
      -0.7965139746665955,
      20046.5
    ],
    [
      -1.862645149230957e-09,
      0.9992006421089172,
      0.03997532278299332,
      3363.7314453125
    ],
    [
      0.0,
      0.0,
      0.0,
      1.0
    ]
  ],
  "camera_fov": 1.2870022058486938,
  "clip_start": 0.10000000149011612,
  "clip_end": 150.0,
  "resolution": [
    640,
    640
  ]
}