{
  "viewpoint_id": 678,
  "glb_path": "data_out/19/763/3043627270436140763.glb",
  "camera_pos_blender": [
    -1051.76,
    20062.73,
    3365.122509765625
  ],
  "target_pos_blender": [
    -1060.44921758514,
    20074.956916935927,
    3364.522509765625
  ],
  "ground_height_blender": 3363.322509765625,
  "matrix_world": [
    [
      0.8151202201843262,
      -0.023157374933362007,
      0.5788288712501526,
      -1051.760009765625
    ],
    [
      0.5792919397354126,
      0.03258468210697174,
      -0.8144685626029968,
      20062.73046875
    ],
    [
      0.0,
      0.9992006421089172,
      0.03997531160712242,
      3365.12255859375
    ],
    [
      0.0,
      0.0,
      0.0,
      1.0
    ]
  ],
  "camera_fov": 1.2870022058486938,
  "clip_start": 0.10000000149011612,
  "clip_end": 150.0,
  "resolution": [
    640,
    640
  ]
}