{
  "viewpoint_id": 679,
  "glb_path": "data_out/19/763/3043627270436140763.glb",
  "camera_pos_blender": [
    -1063.35,
    20079.04,
    3363.80537109375
  ],
  "target_pos_blender": [
    -1072.03921758514,
    20091.26691693593,
    3363.20537109375
  ],
  "ground_height_blender": 3362.00537109375,
  "matrix_world": [
    [
      0.8151639103889465,
      -0.023152466863393784,
      0.5787675380706787,
      -1063.3499755859375
    ],
    [
      0.5792304873466492,
      0.03258298337459564,
      -0.8145123720169067,
      20079.0390625
    ],
    [
      -1.862645371275562e-09,
      0.9992008209228516,
      0.03997107967734337,
      3363.805419921875
    ],
    [
      0.0,
      0.0,
      0.0,
      1.0
    ]
  ],
  "camera_fov": 1.2870022058486938,
  "clip_start": 0.10000000149011612,
  "clip_end": 150.0,
  "resolution": [
    640,
    640
  ]
}