{
  "viewpoint_id": 680,
  "glb_path": "data_out/19/762/3043627270436140762.glb",
  "camera_pos_blender": [
    -1074.94,
    20095.34,
    3364.37763671875
  ],
  "target_pos_blender": [
    -1083.6292175851402,
    20107.566916935928,
    3363.77763671875
  ],
  "ground_height_blender": 3362.57763671875,
  "matrix_world": [
    [
      0.8151163458824158,
      -0.023157482966780663,
      0.5788342952728271,
      -1074.93994140625
    ],
    [
      0.5792973637580872,
      0.03258437290787697,
      -0.8144647479057312,
      20095.33984375
    ],
    [
      0.0,
      0.9992006421089172,
      0.0399751253426075,
      3364.377685546875
    ],
    [
      0.0,
      0.0,
      0.0,
      1.0
    ]
  ],
  "camera_fov": 1.2870022058486938,
  "clip_start": 0.10000000149011612,
  "clip_end": 150.0,
  "resolution": [
    640,
    640
  ]
}