{
  "viewpoint_id": 681,
  "glb_path": "data_out/19/762/3043627270436140762.glb",
  "camera_pos_blender": [
    -1086.83,
    20111.41,
    3363.963330078125
  ],
  "target_pos_blender": [
    -1095.9052414108396,
    20123.353198622437,
    3363.363330078125
  ],
  "ground_height_blender": 3362.163330078125,
  "matrix_world": [
    [
      0.7962146997451782,
      -0.024184880778193474,
      0.6045305728912354,
      -1086.8299560546875
    ],
    [
      0.6050141453742981,
      0.03182794526219368,
      -0.7955783009529114,
      20111.41015625
    ],
    [
      0.0,
      0.999200701713562,
      0.03997407108545303,
      3363.96337890625
    ],
    [
      0.0,
      0.0,
      0.0,
      1.0
    ]
  ],
  "camera_fov": 1.2870022058486938,
  "clip_start": 0.10000000149011612,
  "clip_end": 150.0,
  "resolution": [
    640,
    640
  ]
}