{
  "viewpoint_id": 682,
  "glb_path": "data_out/19/762/3043627270436140762.glb",
  "camera_pos_blender": [
    -1098.93,
    20127.34,
    3364.191357421875
  ],
  "target_pos_blender": [
    -1108.0052414108397,
    20139.283198622437,
    3363.591357421875
  ],
  "ground_height_blender": 3362.391357421875,
  "matrix_world": [
    [
      0.7962186336517334,
      -0.02418479323387146,
      0.6045253872871399,
      -1098.9300537109375
    ],
    [
      0.6050089597702026,
      0.03182826191186905,
      -0.7955822348594666,
      20127.33984375
    ],
    [
      0.0,
      0.999200701713562,
      0.03997426852583885,
      3364.19140625
    ],
    [
      0.0,
      0.0,
      0.0,
      1.0
    ]
  ],
  "camera_fov": 1.2870022058486938,
  "clip_start": 0.10000000149011612,
  "clip_end": 150.0,
  "resolution": [
    640,
    640
  ]
}