{
  "viewpoint_id": 683,
  "glb_path": "data_out/20/400/30436272704361425400.glb",
  "camera_pos_blender": [
    -1111.03,
    20143.260000000002,
    3364.474072265625
  ],
  "target_pos_blender": [
    -1120.1052414108397,
    20155.20319862244,
    3363.874072265625
  ],
  "ground_height_blender": 3362.674072265625,
  "matrix_world": [
    [
      0.7962186336517334,
      -0.02418479323387146,
      0.6045253872871399,
      -1111.030029296875
    ],
    [
      0.6050089597702026,
      0.03182826191186905,
      -0.7955822348594666,
      20143.259765625
    ],
    [
      0.0,
      0.999200701713562,
      0.03997426852583885,
      3364.47412109375
    ],
    [
      0.0,
      0.0,
      0.0,
      1.0
    ]
  ],
  "camera_fov": 1.2870022058486938,
  "clip_start": 0.10000000149011612,
  "clip_end": 150.0,
  "resolution": [
    640,
    640
  ]
}