{
  "viewpoint_id": 684,
  "glb_path": "data_out/20/400/30436272704361425400.glb",
  "camera_pos_blender": [
    -1123.13,
    20159.190000000002,
    3364.565380859375
  ],
  "target_pos_blender": [
    -1132.2052414108398,
    20171.13319862244,
    3363.965380859375
  ],
  "ground_height_blender": 3362.765380859375,
  "matrix_world": [
    [
      0.7962186336517334,
      -0.02418479323387146,
      0.6045253872871399,
      -1123.1300048828125
    ],
    [
      0.6050089597702026,
      0.03182826191186905,
      -0.7955822348594666,
      20159.189453125
    ],
    [
      0.0,
      0.999200701713562,
      0.03997426852583885,
      3364.5654296875
    ],
    [
      0.0,
      0.0,
      0.0,
      1.0
    ]
  ],
  "camera_fov": 1.2870022058486938,
  "clip_start": 0.10000000149011612,
  "clip_end": 150.0,
  "resolution": [
    640,
    640
  ]
}