{
  "viewpoint_id": 687,
  "glb_path": "data_out/19/761/3043627270436140761.glb",
  "camera_pos_blender": [
    -1068.32,
    20022.07,
    3364.0158203125
  ],
  "target_pos_blender": [
    -1057.0856641881649,
    20032.009300723235,
    3363.4158203125
  ],
  "ground_height_blender": 3362.2158203125,
  "matrix_world": [
    [
      0.6626284718513489,
      0.029938779771327972,
      -0.7483496069908142,
      -1068.3199462890625
    ],
    [
      -0.7489482760429382,
      0.02648819610476494,
      -0.6620988249778748,
      20022.0703125
    ],
    [
      0.0,
      0.999200701713562,
      0.039974428713321686,
      3364.015869140625
    ],
    [
      0.0,
      0.0,
      0.0,
      1.0
    ]
  ],
  "camera_fov": 1.2870022058486938,
  "clip_start": 0.10000000149011612,
  "clip_end": 150.0,
  "resolution": [
    640,
    640
  ]
}