{
  "viewpoint_id": 688,
  "glb_path": "data_out/19/761/3043627270436140761.glb",
  "camera_pos_blender": [
    -1053.34,
    20035.33,
    3363.87080078125
  ],
  "target_pos_blender": [
    -1042.1056641881648,
    20045.269300723237,
    3363.27080078125
  ],
  "ground_height_blender": 3362.07080078125,
  "matrix_world": [
    [
      0.6626284718513489,
      0.029938779771327972,
      -0.7483496069908142,
      -1053.3399658203125
    ],
    [
      -0.7489482760429382,
      0.02648819610476494,
      -0.6620988249778748,
      20035.330078125
    ],
    [
      0.0,
      0.999200701713562,
      0.039974428713321686,
      3363.870849609375
    ],
    [
      0.0,
      0.0,
      0.0,
      1.0
    ]
  ],
  "camera_fov": 1.2870022058486938,
  "clip_start": 0.10000000149011612,
  "clip_end": 150.0,
  "resolution": [
    640,
    640
  ]
}