{
  "viewpoint_id": 690,
  "glb_path": "data_out/19/770/3043627270436140770.glb",
  "camera_pos_blender": [
    -1019.46,
    20055.72,
    3361.8
  ],
  "target_pos_blender": [
    -1005.5114260657432,
    20061.236999655663,
    3361.2
  ],
  "ground_height_blender": 3360.0,
  "matrix_world": [
    [
      0.36771994829177856,
      0.037174955010414124,
      -0.9291931986808777,
      -1019.4600219726562
    ],
    [
      -0.9299366474151611,
      0.014699896797537804,
      -0.36742597818374634,
      20055.720703125
    ],
    [
      0.0,
      0.999200701713562,
      0.03997579216957092,
      3361.800048828125
    ],
    [
      0.0,
      0.0,
      0.0,
      1.0
    ]
  ],
  "camera_fov": 1.2870022058486938,
  "clip_start": 0.10000000149011612,
  "clip_end": 150.0,
  "resolution": [
    640,
    640
  ]
}