{
  "viewpoint_id": 691,
  "glb_path": "data_out/19/772/3043627270436140772.glb",
  "camera_pos_blender": [
    -1000.86,
    20063.08,
    3363.482861328125
  ],
  "target_pos_blender": [
    -986.9114260657432,
    20068.596999655663,
    3362.882861328125
  ],
  "ground_height_blender": 3361.682861328125,
  "matrix_world": [
    [
      0.3678339421749115,
      0.037171512842178345,
      -0.9291483163833618,
      -1000.8599853515625
    ],
    [
      -0.9298915266990662,
      0.01470380462706089,
      -0.3675399422645569,
      20063.080078125
    ],
    [
      -9.313225746154785e-10,
      0.999200701713562,
      0.03997403383255005,
      3363.48291015625
    ],
    [
      0.0,
      0.0,
      0.0,
      1.0
    ]
  ],
  "camera_fov": 1.2870022058486938,
  "clip_start": 0.10000000149011612,
  "clip_end": 150.0,
  "resolution": [
    640,
    640
  ]
}