{
  "viewpoint_id": 692,
  "glb_path": "data_out/19/772/3043627270436140772.glb",
  "camera_pos_blender": [
    -982.2,
    20070.27,
    3363.37568359375
  ],
  "target_pos_blender": [
    -968.1407701576217,
    20075.498580709827,
    3362.77568359375
  ],
  "ground_height_blender": 3361.57568359375,
  "matrix_world": [
    [
      0.34856748580932617,
      0.03746744990348816,
      -0.9365344643592834,
      -982.2000122070312
    ],
    [
      -0.9372837543487549,
      0.013933811336755753,
      -0.3482888340950012,
      20070.26953125
    ],
    [
      0.0,
      0.999200701713562,
      0.039974503219127655,
      3363.375732421875
    ],
    [
      0.0,
      0.0,
      0.0,
      1.0
    ]
  ],
  "camera_fov": 1.2870022058486938,
  "clip_start": 0.10000000149011612,
  "clip_end": 150.0,
  "resolution": [
    640,
    640
  ]
}