{
  "viewpoint_id": 693,
  "glb_path": "data_out/19/773/3043627270436140773.glb",
  "camera_pos_blender": [
    -963.45,
    20077.24,
    3363.1349609375
  ],
  "target_pos_blender": [
    -949.3907701576217,
    20082.46858070983,
    3362.5349609375
  ],
  "ground_height_blender": 3361.3349609375,
  "matrix_world": [
    [
      0.34856748580932617,
      0.03746744990348816,
      -0.9365344643592834,
      -963.4500122070312
    ],
    [
      -0.9372837543487549,
      0.013933811336755753,
      -0.3482888340950012,
      20077.240234375
    ],
    [
      0.0,
      0.999200701713562,
      0.039974503219127655,
      3363.135009765625
    ],
    [
      0.0,
      0.0,
      0.0,
      1.0
    ]
  ],
  "camera_fov": 1.2870022058486938,
  "clip_start": 0.10000000149011612,
  "clip_end": 150.0,
  "resolution": [
    640,
    640
  ]
}