{
  "viewpoint_id": 694,
  "glb_path": "data_out/19/773/3043627270436140773.glb",
  "camera_pos_blender": [
    -944.71,
    20084.21,
    3363.056591796875
  ],
  "target_pos_blender": [
    -930.6507701576217,
    20089.438580709826,
    3362.456591796875
  ],
  "ground_height_blender": 3361.256591796875,
  "matrix_world": [
    [
      0.34856748580932617,
      0.03746744990348816,
      -0.9365344643592834,
      -944.7100219726562
    ],
    [
      -0.9372837543487549,
      0.013933811336755753,
      -0.3482888340950012,
      20084.2109375
    ],
    [
      0.0,
      0.999200701713562,
      0.039974503219127655,
      3363.056640625
    ],
    [
      0.0,
      0.0,
      0.0,
      1.0
    ]
  ],
  "camera_fov": 1.2870022058486938,
  "clip_start": 0.10000000149011612,
  "clip_end": 150.0,
  "resolution": [
    640,
    640
  ]
}