{
  "viewpoint_id": 695,
  "glb_path": "data_out/19/773/3043627270436140773.glb",
  "camera_pos_blender": [
    -925.93,
    20091.120000000003,
    3363.41279296875
  ],
  "target_pos_blender": [
    -911.839093087976,
    20096.262600742495,
    3362.81279296875
  ],
  "ground_height_blender": 3361.61279296875,
  "matrix_world": [
    [
      0.3428392708301544,
      0.037551917135715485,
      -0.9386431574821472,
      -925.9299926757812
    ],
    [
      -0.9393941760063171,
      0.013704867102205753,
      -0.3425652086734772,
      20091.119140625
    ],
    [
      -9.31322685637781e-10,
      0.999200701713562,
      0.03997461497783661,
      3363.412841796875
    ],
    [
      0.0,
      0.0,
      0.0,
      1.0
    ]
  ],
  "camera_fov": 1.2870022058486938,
  "clip_start": 0.10000000149011612,
  "clip_end": 150.0,
  "resolution": [
    640,
    640
  ]
}