{
  "viewpoint_id": 696,
  "glb_path": "data_out/19/662/3043627270436141662.glb",
  "camera_pos_blender": [
    -907.15,
    20097.97,
    3362.783642578125
  ],
  "target_pos_blender": [
    -893.0590930879761,
    20103.112600742494,
    3362.183642578125
  ],
  "ground_height_blender": 3360.983642578125,
  "matrix_world": [
    [
      0.34283795952796936,
      0.037551794201135635,
      -0.9386436939239502,
      -907.1500244140625
    ],
    [
      -0.9393946528434753,
      0.013704763725399971,
      -0.3425639271736145,
      20097.970703125
    ],
    [
      0.0,
      0.999200701713562,
      0.03997446224093437,
      3362.78369140625
    ],
    [
      0.0,
      0.0,
      0.0,
      1.0
    ]
  ],
  "camera_fov": 1.2870022058486938,
  "clip_start": 0.10000000149011612,
  "clip_end": 150.0,
  "resolution": [
    640,
    640
  ]
}