{
  "viewpoint_id": 717,
  "glb_path": "data_out/19/443/3043627270436143443.glb",
  "camera_pos_blender": [
    -854.99,
    20240.010000000002,
    3361.8
  ],
  "target_pos_blender": [
    -867.7837044060839,
    20247.84078077651,
    3361.2
  ],
  "ground_height_blender": 3360.0,
  "matrix_world": [
    [
      0.5220180749893188,
      -0.03409649059176445,
      0.8522526025772095,
      -854.989990234375
    ],
    [
      0.8529344201087952,
      0.02086794190108776,
      -0.5216007828712463,
      20240.009765625
    ],
    [
      -1.862645149230957e-09,
      0.999200701713562,
      0.03997551277279854,
      3361.800048828125
    ],
    [
      0.0,
      0.0,
      0.0,
      1.0
    ]
  ],
  "camera_fov": 1.2870022058486938,
  "clip_start": 0.10000000149011612,
  "clip_end": 150.0,
  "resolution": [
    640,
    640
  ]
}