{
  "viewpoint_id": 718,
  "glb_path": "data_out/19/442/3043627270436143442.glb",
  "camera_pos_blender": [
    -872.04,
    20250.45,
    3362.328076171875
  ],
  "target_pos_blender": [
    -884.8337044060838,
    20258.28078077651,
    3361.728076171875
  ],
  "ground_height_blender": 3360.528076171875,
  "matrix_world": [
    [
      0.5221127867698669,
      -0.03409186005592346,
      0.8521948456764221,
      -872.0399780273438
    ],
    [
      0.8528765439987183,
      0.020870309323072433,
      -0.5216954946517944,
      20250.44921875
    ],
    [
      0.0,
      0.9992008209228516,
      0.039972804486751556,
      3362.328125
    ],
    [
      0.0,
      0.0,
      0.0,
      1.0
    ]
  ],
  "camera_fov": 1.2870022058486938,
  "clip_start": 0.10000000149011612,
  "clip_end": 150.0,
  "resolution": [
    640,
    640
  ]
}