{
  "viewpoint_id": 719,
  "glb_path": "data_out/19/442/3043627270436143442.glb",
  "camera_pos_blender": [
    -889.1,
    20260.89,
    3362.564404296875
  ],
  "target_pos_blender": [
    -901.8937044060839,
    20268.720780776508,
    3361.964404296875
  ],
  "ground_height_blender": 3360.764404296875,
  "matrix_world": [
    [
      0.5220180749893188,
      -0.03409649059176445,
      0.8522526025772095,
      -889.0999755859375
    ],
    [
      0.8529344201087952,
      0.02086794190108776,
      -0.5216007828712463,
      20260.890625
    ],
    [
      -1.862645149230957e-09,
      0.999200701713562,
      0.03997551277279854,
      3362.564453125
    ],
    [
      0.0,
      0.0,
      0.0,
      1.0
    ]
  ],
  "camera_fov": 1.2870022058486938,
  "clip_start": 0.10000000149011612,
  "clip_end": 150.0,
  "resolution": [
    640,
    640
  ]
}