{
  "viewpoint_id": 720,
  "glb_path": "data_out/19/442/3043627270436143442.glb",
  "camera_pos_blender": [
    -906.16,
    20271.33,
    3362.840283203125
  ],
  "target_pos_blender": [
    -918.9537044060838,
    20279.16078077651,
    3362.240283203125
  ],
  "ground_height_blender": 3361.040283203125,
  "matrix_world": [
    [
      0.5220180749893188,
      -0.03409649059176445,
      0.8522526025772095,
      -906.1599731445312
    ],
    [
      0.8529344201087952,
      0.02086794190108776,
      -0.5216007828712463,
      20271.330078125
    ],
    [
      -1.862645149230957e-09,
      0.999200701713562,
      0.03997551277279854,
      3362.84033203125
    ],
    [
      0.0,
      0.0,
      0.0,
      1.0
    ]
  ],
  "camera_fov": 1.2870022058486938,
  "clip_start": 0.10000000149011612,
  "clip_end": 150.0,
  "resolution": [
    640,
    640
  ]
}