{
  "viewpoint_id": 721,
  "glb_path": "data_out/19/553/3043627270436142553.glb",
  "camera_pos_blender": [
    -923.22,
    20281.77,
    3363.02509765625
  ],
  "target_pos_blender": [
    -936.0137044060839,
    20289.60078077651,
    3362.42509765625
  ],
  "ground_height_blender": 3361.22509765625,
  "matrix_world": [
    [
      0.5221109390258789,
      -0.03409178927540779,
      0.8521958589553833,
      -923.219970703125
    ],
    [
      0.8528775572776794,
      0.020870167762041092,
      -0.5216936469078064,
      20281.76953125
    ],
    [
      -1.862645149230957e-09,
      0.9992008209228516,
      0.039972662925720215,
      3363.025146484375
    ],
    [
      0.0,
      0.0,
      0.0,
      1.0
    ]
  ],
  "camera_fov": 1.2870022058486938,
  "clip_start": 0.10000000149011612,
  "clip_end": 150.0,
  "resolution": [
    640,
    640
  ]
}