{
  "viewpoint_id": 7229,
  "glb_path": "data_out/19/653/3043627270436140653.glb",
  "camera_pos_blender": [
    -1173.91,
    19966.64,
    3365.067822265625
  ],
  "target_pos_blender": [
    -1173.3891239564894,
    19951.64904645637,
    3364.467822265625
  ],
  "ground_height_blender": 3363.267822265625,
  "matrix_world": [
    [
      -0.9993970394134521,
      0.0013878850731998682,
      -0.034694332629442215,
      -1173.9100341796875
    ],
    [
      -0.03472208231687546,
      -0.03994715213775635,
      0.9985983371734619,
      19966.640625
    ],
    [
      0.0,
      0.9992008209228516,
      0.039971254765987396,
      3365.06787109375
    ],
    [
      0.0,
      0.0,
      0.0,
      1.0
    ]
  ],
  "camera_fov": 1.2870022058486938,
  "clip_start": 0.10000000149011612,
  "clip_end": 150.0,
  "resolution": [
    640,
    640
  ]
}