{
  "viewpoint_id": 7230,
  "glb_path": "data_out/19/653/3043627270436140653.glb",
  "camera_pos_blender": [
    -1173.22,
    19946.65,
    3364.784619140625
  ],
  "target_pos_blender": [
    -1173.3954015922786,
    19931.651025559015,
    3364.184619140625
  ],
  "ground_height_blender": 3362.984619140625,
  "matrix_world": [
    [
      -0.9999316930770874,
      -0.00046741170808672905,
      0.011684190481901169,
      -1173.219970703125
    ],
    [
      0.011693536303937435,
      -0.0399690680205822,
      0.9991324543952942,
      19946.650390625
    ],
    [
      0.0,
      0.9992007613182068,
      0.03997180238366127,
      3364.78466796875
    ],
    [
      0.0,
      0.0,
      0.0,
      1.0
    ]
  ],
  "camera_fov": 1.2870022058486938,
  "clip_start": 0.10000000149011612,
  "clip_end": 150.0,
  "resolution": [
    640,
    640
  ]
}