{
  "viewpoint_id": 7235,
  "glb_path": "data_out/19/652/3043627270436140652.glb",
  "camera_pos_blender": [
    -1225.25,
    19952.06,
    3371.5685546875
  ],
  "target_pos_blender": [
    -1210.3405856681723,
    19950.413985333635,
    3370.9685546875
  ],
  "ground_height_blender": 3369.7685546875,
  "matrix_world": [
    [
      -0.1097651794552803,
      0.03973282873630524,
      -0.9931630492210388,
      -1225.25
    ],
    [
      -0.99395751953125,
      -0.004387794062495232,
      0.10967744141817093,
      19952.060546875
    ],
    [
      0.0,
      0.999200701713562,
      0.03997436910867691,
      3371.568603515625
    ],
    [
      0.0,
      0.0,
      0.0,
      1.0
    ]
  ],
  "camera_fov": 1.2870022058486938,
  "clip_start": 0.10000000149011612,
  "clip_end": 150.0,
  "resolution": [
    640,
    640
  ]
}