{
  "viewpoint_id": 7236,
  "glb_path": "data_out/19/652/3043627270436140652.glb",
  "camera_pos_blender": [
    -1205.37,
    19949.870000000003,
    3364.73017578125
  ],
  "target_pos_blender": [
    -1190.4605856681721,
    19948.223985333636,
    3364.13017578125
  ],
  "ground_height_blender": 3362.93017578125,
  "matrix_world": [
    [
      -0.10963654518127441,
      0.03973395749926567,
      -0.9931771755218506,
      -1205.3699951171875
    ],
    [
      -0.9939717650413513,
      -0.004382713697850704,
      0.1095488965511322,
      19949.869140625
    ],
    [
      0.0,
      0.9992006421089172,
      0.039974939078092575,
      3364.730224609375
    ],
    [
      0.0,
      0.0,
      0.0,
      1.0
    ]
  ],
  "camera_fov": 1.2870022058486938,
  "clip_start": 0.10000000149011612,
  "clip_end": 150.0,
  "resolution": [
    640,
    640
  ]
}