{
  "viewpoint_id": 7237,
  "glb_path": "data_out/19/652/3043627270436140652.glb",
  "camera_pos_blender": [
    -1185.48,
    19947.77,
    3364.536572265625
  ],
  "target_pos_blender": [
    -1170.5341517428744,
    19946.496571605872,
    3363.936572265625
  ],
  "ground_height_blender": 3362.736572265625,
  "matrix_world": [
    [
      -0.08489609509706497,
      0.03983033820986748,
      -0.9955933690071106,
      -1185.47998046875
    ],
    [
      -0.9963898658752441,
      -0.0033936919644474983,
      0.08482823520898819,
      19947.76953125
    ],
    [
      0.0,
      0.9992006421089172,
      0.03997465595602989,
      3364.53662109375
    ],
    [
      0.0,
      0.0,
      0.0,
      1.0
    ]
  ],
  "camera_fov": 1.2870022058486938,
  "clip_start": 0.10000000149011612,
  "clip_end": 150.0,
  "resolution": [
    640,
    640
  ]
}