{
  "viewpoint_id": 730,
  "glb_path": "data_out/19/460/3043627270436143460.glb",
  "camera_pos_blender": [
    -903.12,
    20331.59,
    3362.366650390625
  ],
  "target_pos_blender": [
    -897.8766993686909,
    20317.53625322237,
    3361.766650390625
  ],
  "ground_height_blender": 3360.566650390625,
  "matrix_world": [
    [
      -0.9369086027145386,
      0.01397496834397316,
      -0.34929516911506653,
      -903.1199951171875
    ],
    [
      -0.34957465529441833,
      -0.03745485469698906,
      0.9361595511436462,
      20331.58984375
    ],
    [
      9.31322685637781e-10,
      0.9992005825042725,
      0.039977069944143295,
      3362.36669921875
    ],
    [
      0.0,
      0.0,
      0.0,
      1.0
    ]
  ],
  "camera_fov": 1.2870022058486938,
  "clip_start": 0.10000000149011612,
  "clip_end": 150.0,
  "resolution": [
    640,
    640
  ]
}