{
  "viewpoint_id": 731,
  "glb_path": "data_out/19/460/3043627270436143460.glb",
  "camera_pos_blender": [
    -896.13,
    20312.850000000002,
    3362.42255859375
  ],
  "target_pos_blender": [
    -890.8866993686909,
    20298.796253222372,
    3361.82255859375
  ],
  "ground_height_blender": 3360.62255859375,
  "matrix_world": [
    [
      -0.9369086027145386,
      0.01397496834397316,
      -0.34929516911506653,
      -896.1300048828125
    ],
    [
      -0.34957465529441833,
      -0.03745485469698906,
      0.9361595511436462,
      20312.849609375
    ],
    [
      9.31322685637781e-10,
      0.9992005825042725,
      0.039977069944143295,
      3362.422607421875
    ],
    [
      0.0,
      0.0,
      0.0,
      1.0
    ]
  ],
  "camera_fov": 1.2870022058486938,
  "clip_start": 0.10000000149011612,
  "clip_end": 150.0,
  "resolution": [
    640,
    640
  ]
}