{
  "viewpoint_id": 7843,
  "glb_path": "data_out/20/702/30436272704361707702.glb",
  "glb_paths": [
    "data_out/20/702/30436272704361707702.glb",
    "data_out/20/703/30436272704361707703.glb",
    "data_out/20/706/30436272704361707706.glb",
    "data_out/20/707/30436272704361707707.glb",
    "data_out/20/710/30436272704361707710.glb",
    "data_out/20/711/30436272704361707711.glb",
    "data_out/20/712/30436272704361707712.glb",
    "data_out/20/713/30436272704361707713.glb",
    "data_out/20/714/30436272704361707714.glb",
    "data_out/20/715/30436272704361707715.glb",
    "data_out/20/716/30436272704361707716.glb",
    "data_out/20/717/30436272704361707717.glb",
    "data_out/20/720/30436272704361707720.glb",
    "data_out/20/721/30436272704361707721.glb",
    "data_out/20/724/30436272704361707724.glb",
    "data_out/20/725/30436272704361707725.glb",
    "data_out/20/730/30436272704361707730.glb",
    "data_out/20/731/30436272704361707731.glb",
    "data_out/20/732/30436272704361707732.glb",
    "data_out/20/733/30436272704361707733.glb",
    "data_out/20/734/30436272704361707734.glb",
    "data_out/20/735/30436272704361707735.glb",
    "data_out/20/736/30436272704361707736.glb",
    "data_out/20/737/30436272704361707737.glb",
    "data_out/20/600/30436272704361716600.glb",
    "data_out/20/602/30436272704361716602.glb",
    "data_out/20/604/30436272704361716604.glb",
    "data_out/20/606/30436272704361716606.glb",
    "data_out/20/620/30436272704361716620.glb",
    "data_out/20/622/30436272704361716622.glb",
    "data_out/20/624/30436272704361716624.glb",
    "data_out/20/626/30436272704361716626.glb"
  ],
  "camera_pos_blender": [
    -75.36,
    21277.37,
    3358.081982421875
  ],
  "target_pos_blender": [
    -90.18422585055292,
    21279.659613052852,
    3356.281982421875
  ],
  "ground_height_blender": 3356.281982421875,
  "matrix_world": [
    [
      0.15273220837116241,
      -0.11774886399507523,
      0.9812278747558594,
      -75.36000061035156
    ],
    [
      0.9882676601409912,
      0.018197542056441307,
      -0.15164422988891602,
      21277.369140625
    ],
    [
      1.862645149230957e-09,
      0.9928767085075378,
      0.11914672702550888,
      3358.08203125
    ],
    [
      0.0,
      0.0,
      0.0,
      1.0
    ]
  ],
  "camera_fov": 1.2870022058486938,
  "clip_start": 0.10000000149011612,
  "clip_end": 150.0,
  "resolution": [
    640,
    640
  ]
}