{
  "viewpoint_id": 7844,
  "glb_path": "data_out/20/613/30436272704361707613.glb",
  "glb_paths": [
    "data_out/20/613/30436272704361707613.glb",
    "data_out/20/617/30436272704361707617.glb",
    "data_out/20/631/30436272704361707631.glb",
    "data_out/20/635/30436272704361707635.glb",
    "data_out/20/702/30436272704361707702.glb",
    "data_out/20/703/30436272704361707703.glb",
    "data_out/20/706/30436272704361707706.glb",
    "data_out/20/707/30436272704361707707.glb",
    "data_out/20/710/30436272704361707710.glb",
    "data_out/20/711/30436272704361707711.glb",
    "data_out/20/712/30436272704361707712.glb",
    "data_out/20/713/30436272704361707713.glb",
    "data_out/20/714/30436272704361707714.glb",
    "data_out/20/715/30436272704361707715.glb",
    "data_out/20/716/30436272704361707716.glb",
    "data_out/20/717/30436272704361707717.glb",
    "data_out/20/720/30436272704361707720.glb",
    "data_out/20/721/30436272704361707721.glb",
    "data_out/20/724/30436272704361707724.glb",
    "data_out/20/725/30436272704361707725.glb",
    "data_out/20/730/30436272704361707730.glb",
    "data_out/20/731/30436272704361707731.glb",
    "data_out/20/732/30436272704361707732.glb",
    "data_out/20/733/30436272704361707733.glb",
    "data_out/20/734/30436272704361707734.glb",
    "data_out/20/735/30436272704361707735.glb",
    "data_out/20/736/30436272704361707736.glb",
    "data_out/20/737/30436272704361707737.glb",
    "data_out/20/602/30436272704361716602.glb",
    "data_out/20/606/30436272704361716606.glb",
    "data_out/20/620/30436272704361716620.glb",
    "data_out/20/624/30436272704361716624.glb"
  ],
  "camera_pos_blender": [
    -95.13,
    21280.43,
    3358.226025390625
  ],
  "target_pos_blender": [
    -109.95422585055292,
    21282.719613052854,
    3356.426025390625
  ],
  "ground_height_blender": 3356.426025390625,
  "matrix_world": [
    [
      0.15260501205921173,
      -0.11775349825620651,
      0.981247067451477,
      -95.12999725341797
    ],
    [
      0.9882873296737671,
      0.018182743340730667,
      -0.15151791274547577,
      21280.4296875
    ],
    [
      0.0,
      0.9928763508796692,
      0.11914905905723572,
      3358.22607421875
    ],
    [
      0.0,
      0.0,
      0.0,
      1.0
    ]
  ],
  "camera_fov": 1.2870022058486938,
  "clip_start": 0.10000000149011612,
  "clip_end": 150.0,
  "resolution": [
    640,
    640
  ]
}