{
  "viewpoint_id": 7845,
  "glb_path": "data_out/20/612/30436272704361707612.glb",
  "glb_paths": [
    "data_out/20/612/30436272704361707612.glb",
    "data_out/20/613/30436272704361707613.glb",
    "data_out/20/616/30436272704361707616.glb",
    "data_out/20/617/30436272704361707617.glb",
    "data_out/20/630/30436272704361707630.glb",
    "data_out/20/631/30436272704361707631.glb",
    "data_out/20/633/30436272704361707633.glb",
    "data_out/20/634/30436272704361707634.glb",
    "data_out/20/635/30436272704361707635.glb",
    "data_out/20/637/30436272704361707637.glb",
    "data_out/20/702/30436272704361707702.glb",
    "data_out/20/703/30436272704361707703.glb",
    "data_out/20/706/30436272704361707706.glb",
    "data_out/20/707/30436272704361707707.glb",
    "data_out/20/710/30436272704361707710.glb",
    "data_out/20/712/30436272704361707712.glb",
    "data_out/20/713/30436272704361707713.glb",
    "data_out/20/714/30436272704361707714.glb",
    "data_out/20/716/30436272704361707716.glb",
    "data_out/20/717/30436272704361707717.glb",
    "data_out/20/720/30436272704361707720.glb",
    "data_out/20/721/30436272704361707721.glb",
    "data_out/20/724/30436272704361707724.glb",
    "data_out/20/725/30436272704361707725.glb",
    "data_out/20/730/30436272704361707730.glb",
    "data_out/20/731/30436272704361707731.glb",
    "data_out/20/732/30436272704361707732.glb",
    "data_out/20/734/30436272704361707734.glb",
    "data_out/20/735/30436272704361707735.glb",
    "data_out/20/736/30436272704361707736.glb"
  ],
  "camera_pos_blender": [
    -114.89,
    21283.49,
    3358.3078125
  ],
  "target_pos_blender": [
    -129.71222214184164,
    21285.7925487569,
    3356.5078125
  ],
  "ground_height_blender": 3356.5078125,
  "matrix_world": [
    [
      0.15351536870002747,
      -0.117735855281353,
      0.9811071753501892,
      -114.88999938964844
    ],
    [
      0.9881463646888733,
      0.018291078507900238,
      -0.15242178738117218,
      21283.490234375
    ],
    [
      1.862645371275562e-09,
      0.9928764700889587,
      0.11914820224046707,
      3358.307861328125
    ],
    [
      0.0,
      0.0,
      0.0,
      1.0
    ]
  ],
  "camera_fov": 1.2870022058486938,
  "clip_start": 0.10000000149011612,
  "clip_end": 150.0,
  "resolution": [
    640,
    640
  ]
}