{
  "viewpoint_id": 7847,
  "glb_path": "data_out/20/603/30436272704361707603.glb",
  "glb_paths": [
    "data_out/20/603/30436272704361707603.glb",
    "data_out/20/607/30436272704361707607.glb",
    "data_out/20/610/30436272704361707610.glb",
    "data_out/20/612/30436272704361707612.glb",
    "data_out/20/613/30436272704361707613.glb",
    "data_out/20/614/30436272704361707614.glb",
    "data_out/20/616/30436272704361707616.glb",
    "data_out/20/617/30436272704361707617.glb",
    "data_out/20/621/30436272704361707621.glb",
    "data_out/20/623/30436272704361707623.glb",
    "data_out/20/625/30436272704361707625.glb",
    "data_out/20/627/30436272704361707627.glb",
    "data_out/20/630/30436272704361707630.glb",
    "data_out/20/631/30436272704361707631.glb",
    "data_out/20/632/30436272704361707632.glb",
    "data_out/20/633/30436272704361707633.glb",
    "data_out/20/634/30436272704361707634.glb",
    "data_out/20/635/30436272704361707635.glb",
    "data_out/20/636/30436272704361707636.glb",
    "data_out/20/637/30436272704361707637.glb",
    "data_out/20/702/30436272704361707702.glb",
    "data_out/20/703/30436272704361707703.glb",
    "data_out/20/706/30436272704361707706.glb",
    "data_out/20/707/30436272704361707707.glb",
    "data_out/20/720/30436272704361707720.glb",
    "data_out/20/721/30436272704361707721.glb",
    "data_out/20/724/30436272704361707724.glb",
    "data_out/20/725/30436272704361707725.glb",
    "data_out/20/730/30436272704361707730.glb",
    "data_out/20/734/30436272704361707734.glb"
  ],
  "camera_pos_blender": [
    -154.42,
    21289.63,
    3358.4796875
  ],
  "target_pos_blender": [
    -169.24222214184164,
    21291.9325487569,
    3356.6796875
  ],
  "ground_height_blender": 3356.6796875,
  "matrix_world": [
    [
      0.15338820219039917,
      -0.11774053424596786,
      0.9811265468597412,
      -154.4199981689453
    ],
    [
      0.9881659746170044,
      0.018276290968060493,
      -0.15229551494121552,
      21289.630859375
    ],
    [
      0.0,
      0.9928762316703796,
      0.1191505491733551,
      3358.479736328125
    ],
    [
      0.0,
      0.0,
      0.0,
      1.0
    ]
  ],
  "camera_fov": 1.2870022058486938,
  "clip_start": 0.10000000149011612,
  "clip_end": 150.0,
  "resolution": [
    640,
    640
  ]
}