{
  "viewpoint_id": 7849,
  "glb_path": "data_out/20/731/30436272704361706731.glb",
  "glb_paths": [
    "data_out/20/731/30436272704361706731.glb",
    "data_out/20/735/30436272704361706735.glb",
    "data_out/20/601/30436272704361707601.glb",
    "data_out/20/602/30436272704361707602.glb",
    "data_out/20/603/30436272704361707603.glb",
    "data_out/20/605/30436272704361707605.glb",
    "data_out/20/607/30436272704361707607.glb",
    "data_out/20/610/30436272704361707610.glb",
    "data_out/20/612/30436272704361707612.glb",
    "data_out/20/613/30436272704361707613.glb",
    "data_out/20/614/30436272704361707614.glb",
    "data_out/20/616/30436272704361707616.glb",
    "data_out/20/617/30436272704361707617.glb",
    "data_out/20/620/30436272704361707620.glb",
    "data_out/20/621/30436272704361707621.glb",
    "data_out/20/622/30436272704361707622.glb",
    "data_out/20/623/30436272704361707623.glb",
    "data_out/20/624/30436272704361707624.glb",
    "data_out/20/625/30436272704361707625.glb",
    "data_out/20/626/30436272704361707626.glb",
    "data_out/20/627/30436272704361707627.glb",
    "data_out/20/630/30436272704361707630.glb",
    "data_out/20/631/30436272704361707631.glb",
    "data_out/20/632/30436272704361707632.glb",
    "data_out/20/633/30436272704361707633.glb",
    "data_out/20/634/30436272704361707634.glb",
    "data_out/20/635/30436272704361707635.glb",
    "data_out/20/636/30436272704361707636.glb",
    "data_out/20/637/30436272704361707637.glb",
    "data_out/20/702/30436272704361707702.glb",
    "data_out/20/706/30436272704361707706.glb",
    "data_out/20/720/30436272704361707720.glb",
    "data_out/20/724/30436272704361707724.glb",
    "data_out/20/410/30436272704361725410.glb",
    "data_out/20/414/30436272704361725414.glb"
  ],
  "camera_pos_blender": [
    -193.95,
    21295.760000000002,
    3358.50947265625
  ],
  "target_pos_blender": [
    -208.7726237866542,
    21298.059961756055,
    3356.70947265625
  ],
  "ground_height_blender": 3356.70947265625,
  "matrix_world": [
    [
      0.1533840447664261,
      -0.11773744225502014,
      0.9811275005340576,
      -193.9499969482422
    ],
    [
      0.9881666898727417,
      0.0182753037661314,
      -0.1522914320230484,
      21295.759765625
    ],
    [
      0.0,
      0.9928765296936035,
      0.11914736032485962,
      3358.509521484375
    ],
    [
      0.0,
      0.0,
      0.0,
      1.0
    ]
  ],
  "camera_fov": 1.2870022058486938,
  "clip_start": 0.10000000149011612,
  "clip_end": 150.0,
  "resolution": [
    640,
    640
  ]
}