{
  "viewpoint_id": 7850,
  "glb_path": "data_out/20/713/30436272704361706713.glb",
  "glb_paths": [
    "data_out/20/713/30436272704361706713.glb",
    "data_out/20/717/30436272704361706717.glb",
    "data_out/20/731/30436272704361706731.glb",
    "data_out/20/733/30436272704361706733.glb",
    "data_out/20/735/30436272704361706735.glb",
    "data_out/20/737/30436272704361706737.glb",
    "data_out/20/601/30436272704361707601.glb",
    "data_out/20/602/30436272704361707602.glb",
    "data_out/20/603/30436272704361707603.glb",
    "data_out/20/605/30436272704361707605.glb",
    "data_out/20/607/30436272704361707607.glb",
    "data_out/20/612/30436272704361707612.glb",
    "data_out/20/613/30436272704361707613.glb",
    "data_out/20/616/30436272704361707616.glb",
    "data_out/20/617/30436272704361707617.glb",
    "data_out/20/620/30436272704361707620.glb",
    "data_out/20/621/30436272704361707621.glb",
    "data_out/20/622/30436272704361707622.glb",
    "data_out/20/623/30436272704361707623.glb",
    "data_out/20/624/30436272704361707624.glb",
    "data_out/20/625/30436272704361707625.glb",
    "data_out/20/626/30436272704361707626.glb",
    "data_out/20/627/30436272704361707627.glb",
    "data_out/20/630/30436272704361707630.glb",
    "data_out/20/631/30436272704361707631.glb",
    "data_out/20/632/30436272704361707632.glb",
    "data_out/20/633/30436272704361707633.glb",
    "data_out/20/634/30436272704361707634.glb",
    "data_out/20/635/30436272704361707635.glb",
    "data_out/20/636/30436272704361707636.glb",
    "data_out/20/637/30436272704361707637.glb",
    "data_out/20/401/30436272704361725401.glb",
    "data_out/20/405/30436272704361725405.glb"
  ],
  "camera_pos_blender": [
    -213.71,
    21298.83,
    3358.6251953125
  ],
  "target_pos_blender": [
    -228.53262378665423,
    21301.129961756054,
    3356.8251953125
  ],
  "ground_height_blender": 3356.8251953125,
  "matrix_world": [
    [
      0.15338420867919922,
      -0.11773756146430969,
      0.9811275005340576,
      -213.7100067138672
    ],
    [
      0.9881666898727417,
      0.018275341019034386,
      -0.15229158103466034,
      21298.830078125
    ],
    [
      0.0,
      0.9928765296936035,
      0.11914747953414917,
      3358.625244140625
    ],
    [
      0.0,
      0.0,
      0.0,
      1.0
    ]
  ],
  "camera_fov": 1.2870022058486938,
  "clip_start": 0.10000000149011612,
  "clip_end": 150.0,
  "resolution": [
    640,
    640
  ]
}