{
  "viewpoint_id": 7852,
  "glb_path": "data_out/20/712/30436272704361706712.glb",
  "glb_paths": [
    "data_out/20/712/30436272704361706712.glb",
    "data_out/20/713/30436272704361706713.glb",
    "data_out/20/716/30436272704361706716.glb",
    "data_out/20/717/30436272704361706717.glb",
    "data_out/20/721/30436272704361706721.glb",
    "data_out/20/723/30436272704361706723.glb",
    "data_out/20/725/30436272704361706725.glb",
    "data_out/20/727/30436272704361706727.glb",
    "data_out/20/730/30436272704361706730.glb",
    "data_out/20/731/30436272704361706731.glb",
    "data_out/20/732/30436272704361706732.glb",
    "data_out/20/733/30436272704361706733.glb",
    "data_out/20/734/30436272704361706734.glb",
    "data_out/20/735/30436272704361706735.glb",
    "data_out/20/736/30436272704361706736.glb",
    "data_out/20/737/30436272704361706737.glb",
    "data_out/20/602/30436272704361707602.glb",
    "data_out/20/603/30436272704361707603.glb",
    "data_out/20/607/30436272704361707607.glb",
    "data_out/20/612/30436272704361707612.glb",
    "data_out/20/616/30436272704361707616.glb",
    "data_out/20/620/30436272704361707620.glb",
    "data_out/20/621/30436272704361707621.glb",
    "data_out/20/622/30436272704361707622.glb",
    "data_out/20/623/30436272704361707623.glb",
    "data_out/20/624/30436272704361707624.glb",
    "data_out/20/625/30436272704361707625.glb",
    "data_out/20/626/30436272704361707626.glb",
    "data_out/20/627/30436272704361707627.glb",
    "data_out/20/630/30436272704361707630.glb",
    "data_out/20/632/30436272704361707632.glb",
    "data_out/20/634/30436272704361707634.glb",
    "data_out/20/636/30436272704361707636.glb",
    "data_out/20/511/30436272704361724511.glb",
    "data_out/20/515/30436272704361724515.glb",
    "data_out/20/400/30436272704361725400.glb",
    "data_out/20/401/30436272704361725401.glb",
    "data_out/20/404/30436272704361725404.glb",
    "data_out/20/405/30436272704361725405.glb"
  ],
  "camera_pos_blender": [
    -253.24,
    21304.97,
    3358.603466796875
  ],
  "target_pos_blender": [
    -268.0626237866542,
    21307.269961756054,
    3356.803466796875
  ],
  "ground_height_blender": 3356.803466796875,
  "matrix_world": [
    [
      0.1532570719718933,
      -0.11774223297834396,
      0.9811468124389648,
      -253.24000549316406
    ],
    [
      0.9881863594055176,
      0.01826055347919464,
      -0.15216530859470367,
      21304.970703125
    ],
    [
      -1.862645149230957e-09,
      0.9928762912750244,
      0.1191498264670372,
      3358.603515625
    ],
    [
      0.0,
      0.0,
      0.0,
      1.0
    ]
  ],
  "camera_fov": 1.2870022058486938,
  "clip_start": 0.10000000149011612,
  "clip_end": 150.0,
  "resolution": [
    640,
    640
  ]
}