{
  "viewpoint_id": 7853,
  "glb_path": "data_out/20/703/30436272704361706703.glb",
  "glb_paths": [
    "data_out/20/703/30436272704361706703.glb",
    "data_out/20/707/30436272704361706707.glb",
    "data_out/20/712/30436272704361706712.glb",
    "data_out/20/713/30436272704361706713.glb",
    "data_out/20/716/30436272704361706716.glb",
    "data_out/20/717/30436272704361706717.glb",
    "data_out/20/720/30436272704361706720.glb",
    "data_out/20/721/30436272704361706721.glb",
    "data_out/20/723/30436272704361706723.glb",
    "data_out/20/724/30436272704361706724.glb",
    "data_out/20/725/30436272704361706725.glb",
    "data_out/20/727/30436272704361706727.glb",
    "data_out/20/730/30436272704361706730.glb",
    "data_out/20/731/30436272704361706731.glb",
    "data_out/20/732/30436272704361706732.glb",
    "data_out/20/733/30436272704361706733.glb",
    "data_out/20/734/30436272704361706734.glb",
    "data_out/20/735/30436272704361706735.glb",
    "data_out/20/736/30436272704361706736.glb",
    "data_out/20/737/30436272704361706737.glb",
    "data_out/20/602/30436272704361707602.glb",
    "data_out/20/603/30436272704361707603.glb",
    "data_out/20/607/30436272704361707607.glb",
    "data_out/20/620/30436272704361707620.glb",
    "data_out/20/621/30436272704361707621.glb",
    "data_out/20/622/30436272704361707622.glb",
    "data_out/20/623/30436272704361707623.glb",
    "data_out/20/624/30436272704361707624.glb",
    "data_out/20/625/30436272704361707625.glb",
    "data_out/20/626/30436272704361707626.glb",
    "data_out/20/627/30436272704361707627.glb",
    "data_out/20/510/30436272704361724510.glb",
    "data_out/20/511/30436272704361724511.glb",
    "data_out/20/514/30436272704361724514.glb",
    "data_out/20/515/30436272704361724515.glb",
    "data_out/20/400/30436272704361725400.glb",
    "data_out/20/404/30436272704361725404.glb"
  ],
  "camera_pos_blender": [
    -273.0,
    21308.030000000002,
    3358.592236328125
  ],
  "target_pos_blender": [
    -287.8226237866542,
    21310.329961756055,
    3356.792236328125
  ],
  "ground_height_blender": 3356.792236328125,
  "matrix_world": [
    [
      0.1533840447664261,
      -0.11773744225502014,
      0.9811275005340576,
      -273.0
    ],
    [
      0.9881666898727417,
      0.0182753037661314,
      -0.1522914320230484,
      21308.029296875
    ],
    [
      0.0,
      0.9928765296936035,
      0.11914736032485962,
      3358.59228515625
    ],
    [
      0.0,
      0.0,
      0.0,
      1.0
    ]
  ],
  "camera_fov": 1.2870022058486938,
  "clip_start": 0.10000000149011612,
  "clip_end": 150.0,
  "resolution": [
    640,
    640
  ]
}