{
  "viewpoint_id": 7855,
  "glb_path": "data_out/20/631/30436272704361706631.glb",
  "glb_paths": [
    "data_out/20/631/30436272704361706631.glb",
    "data_out/20/633/30436272704361706633.glb",
    "data_out/20/635/30436272704361706635.glb",
    "data_out/20/637/30436272704361706637.glb",
    "data_out/20/702/30436272704361706702.glb",
    "data_out/20/703/30436272704361706703.glb",
    "data_out/20/706/30436272704361706706.glb",
    "data_out/20/707/30436272704361706707.glb",
    "data_out/20/712/30436272704361706712.glb",
    "data_out/20/713/30436272704361706713.glb",
    "data_out/20/716/30436272704361706716.glb",
    "data_out/20/717/30436272704361706717.glb",
    "data_out/20/720/30436272704361706720.glb",
    "data_out/20/721/30436272704361706721.glb",
    "data_out/20/722/30436272704361706722.glb",
    "data_out/20/723/30436272704361706723.glb",
    "data_out/20/724/30436272704361706724.glb",
    "data_out/20/725/30436272704361706725.glb",
    "data_out/20/726/30436272704361706726.glb",
    "data_out/20/727/30436272704361706727.glb",
    "data_out/20/730/30436272704361706730.glb",
    "data_out/20/731/30436272704361706731.glb",
    "data_out/20/732/30436272704361706732.glb",
    "data_out/20/733/30436272704361706733.glb",
    "data_out/20/734/30436272704361706734.glb",
    "data_out/20/735/30436272704361706735.glb",
    "data_out/20/736/30436272704361706736.glb",
    "data_out/20/737/30436272704361706737.glb",
    "data_out/20/620/30436272704361707620.glb",
    "data_out/20/622/30436272704361707622.glb",
    "data_out/20/624/30436272704361707624.glb",
    "data_out/20/626/30436272704361707626.glb",
    "data_out/20/500/30436272704361724500.glb",
    "data_out/20/501/30436272704361724501.glb",
    "data_out/20/504/30436272704361724504.glb",
    "data_out/20/505/30436272704361724505.glb",
    "data_out/20/510/30436272704361724510.glb",
    "data_out/20/511/30436272704361724511.glb",
    "data_out/20/514/30436272704361724514.glb",
    "data_out/20/515/30436272704361724515.glb"
  ],
  "camera_pos_blender": [
    -312.53,
    21314.170000000002,
    3358.45869140625
  ],
  "target_pos_blender": [
    -327.3530249799438,
    21316.46737468515,
    3356.65869140625
  ],
  "ground_height_blender": 3356.65869140625,
  "matrix_world": [
    [
      0.15312574803829193,
      -0.1177438348531723,
      0.9811671376228333,
      -312.5299987792969
    ],
    [
      0.9882068037986755,
      0.018244778737425804,
      -0.1520349383354187,
      21314.169921875
    ],
    [
      0.0,
      0.992876410484314,
      0.11914898455142975,
      3358.458740234375
    ],
    [
      0.0,
      0.0,
      0.0,
      1.0
    ]
  ],
  "camera_fov": 1.2870022058486938,
  "clip_start": 0.10000000149011612,
  "clip_end": 150.0,
  "resolution": [
    640,
    640
  ]
}