{
  "viewpoint_id": 7856,
  "glb_path": "data_out/20/613/30436272704361706613.glb",
  "glb_paths": [
    "data_out/20/613/30436272704361706613.glb",
    "data_out/20/617/30436272704361706617.glb",
    "data_out/20/630/30436272704361706630.glb",
    "data_out/20/631/30436272704361706631.glb",
    "data_out/20/632/30436272704361706632.glb",
    "data_out/20/633/30436272704361706633.glb",
    "data_out/20/634/30436272704361706634.glb",
    "data_out/20/635/30436272704361706635.glb",
    "data_out/20/636/30436272704361706636.glb",
    "data_out/20/637/30436272704361706637.glb",
    "data_out/20/702/30436272704361706702.glb",
    "data_out/20/703/30436272704361706703.glb",
    "data_out/20/706/30436272704361706706.glb",
    "data_out/20/707/30436272704361706707.glb",
    "data_out/20/712/30436272704361706712.glb",
    "data_out/20/716/30436272704361706716.glb",
    "data_out/20/720/30436272704361706720.glb",
    "data_out/20/721/30436272704361706721.glb",
    "data_out/20/722/30436272704361706722.glb",
    "data_out/20/723/30436272704361706723.glb",
    "data_out/20/724/30436272704361706724.glb",
    "data_out/20/725/30436272704361706725.glb",
    "data_out/20/726/30436272704361706726.glb",
    "data_out/20/727/30436272704361706727.glb",
    "data_out/20/730/30436272704361706730.glb",
    "data_out/20/731/30436272704361706731.glb",
    "data_out/20/732/30436272704361706732.glb",
    "data_out/20/733/30436272704361706733.glb",
    "data_out/20/734/30436272704361706734.glb",
    "data_out/20/735/30436272704361706735.glb",
    "data_out/20/736/30436272704361706736.glb",
    "data_out/20/737/30436272704361706737.glb",
    "data_out/20/411/30436272704361724411.glb",
    "data_out/20/415/30436272704361724415.glb",
    "data_out/20/500/30436272704361724500.glb",
    "data_out/20/501/30436272704361724501.glb",
    "data_out/20/504/30436272704361724504.glb",
    "data_out/20/505/30436272704361724505.glb",
    "data_out/20/510/30436272704361724510.glb",
    "data_out/20/514/30436272704361724514.glb"
  ],
  "camera_pos_blender": [
    -332.28,
    21317.33,
    3358.35712890625
  ],
  "target_pos_blender": [
    -347.0866251826022,
    21319.73080209554,
    3356.55712890625
  ],
  "ground_height_blender": 3356.55712890625,
  "matrix_world": [
    [
      0.16002658009529114,
      -0.1176132932305336,
      0.9800809621810913,
      -332.2799987792969
    ],
    [
      0.9871127605438232,
      0.01906697452068329,
      -0.1588866263628006,
      21317.330078125
    ],
    [
      0.0,
      0.992876410484314,
      0.11914880573749542,
      3358.357177734375
    ],
    [
      0.0,
      0.0,
      0.0,
      1.0
    ]
  ],
  "camera_fov": 1.2870022058486938,
  "clip_start": 0.10000000149011612,
  "clip_end": 150.0,
  "resolution": [
    640,
    640
  ]
}