{
  "viewpoint_id": 7857,
  "glb_path": "data_out/20/613/30436272704361706613.glb",
  "glb_paths": [
    "data_out/20/613/30436272704361706613.glb",
    "data_out/20/617/30436272704361706617.glb",
    "data_out/20/630/30436272704361706630.glb",
    "data_out/20/631/30436272704361706631.glb",
    "data_out/20/632/30436272704361706632.glb",
    "data_out/20/633/30436272704361706633.glb",
    "data_out/20/634/30436272704361706634.glb",
    "data_out/20/635/30436272704361706635.glb",
    "data_out/20/636/30436272704361706636.glb",
    "data_out/20/637/30436272704361706637.glb",
    "data_out/20/702/30436272704361706702.glb",
    "data_out/20/703/30436272704361706703.glb",
    "data_out/20/706/30436272704361706706.glb",
    "data_out/20/707/30436272704361706707.glb",
    "data_out/20/720/30436272704361706720.glb",
    "data_out/20/721/30436272704361706721.glb",
    "data_out/20/722/30436272704361706722.glb",
    "data_out/20/723/30436272704361706723.glb",
    "data_out/20/724/30436272704361706724.glb",
    "data_out/20/725/30436272704361706725.glb",
    "data_out/20/726/30436272704361706726.glb",
    "data_out/20/727/30436272704361706727.glb",
    "data_out/20/730/30436272704361706730.glb",
    "data_out/20/732/30436272704361706732.glb",
    "data_out/20/734/30436272704361706734.glb",
    "data_out/20/736/30436272704361706736.glb",
    "data_out/20/410/30436272704361724410.glb",
    "data_out/20/411/30436272704361724411.glb",
    "data_out/20/414/30436272704361724414.glb",
    "data_out/20/415/30436272704361724415.glb",
    "data_out/20/500/30436272704361724500.glb",
    "data_out/20/501/30436272704361724501.glb",
    "data_out/20/504/30436272704361724504.glb",
    "data_out/20/505/30436272704361724505.glb",
    "data_out/20/510/30436272704361724510.glb",
    "data_out/20/514/30436272704361724514.glb"
  ],
  "camera_pos_blender": [
    -352.02,
    21320.54,
    3358.237255859375
  ],
  "target_pos_blender": [
    -366.7810760949877,
    21323.206576928947,
    3356.437255859375
  ],
  "ground_height_blender": 3356.437255859375,
  "matrix_world": [
    [
      0.17786163091659546,
      -0.11724671721458435,
      0.9770458340644836,
      -352.0199890136719
    ],
    [
      0.9840555191040039,
      0.021191580221056938,
      -0.17659467458724976,
      21320.5390625
    ],
    [
      1.862645149230957e-09,
      0.9928766489028931,
      0.11914645880460739,
      3358.2373046875
    ],
    [
      0.0,
      0.0,
      0.0,
      1.0
    ]
  ],
  "camera_fov": 1.2870022058486938,
  "clip_start": 0.10000000149011612,
  "clip_end": 150.0,
  "resolution": [
    640,
    640
  ]
}