{
  "viewpoint_id": 7858,
  "glb_path": "data_out/20/612/30436272704361706612.glb",
  "glb_paths": [
    "data_out/20/612/30436272704361706612.glb",
    "data_out/20/613/30436272704361706613.glb",
    "data_out/20/616/30436272704361706616.glb",
    "data_out/20/617/30436272704361706617.glb",
    "data_out/20/621/30436272704361706621.glb",
    "data_out/20/623/30436272704361706623.glb",
    "data_out/20/625/30436272704361706625.glb",
    "data_out/20/627/30436272704361706627.glb",
    "data_out/20/630/30436272704361706630.glb",
    "data_out/20/631/30436272704361706631.glb",
    "data_out/20/632/30436272704361706632.glb",
    "data_out/20/633/30436272704361706633.glb",
    "data_out/20/634/30436272704361706634.glb",
    "data_out/20/635/30436272704361706635.glb",
    "data_out/20/636/30436272704361706636.glb",
    "data_out/20/637/30436272704361706637.glb",
    "data_out/20/702/30436272704361706702.glb",
    "data_out/20/706/30436272704361706706.glb",
    "data_out/20/720/30436272704361706720.glb",
    "data_out/20/721/30436272704361706721.glb",
    "data_out/20/722/30436272704361706722.glb",
    "data_out/20/723/30436272704361706723.glb",
    "data_out/20/724/30436272704361706724.glb",
    "data_out/20/725/30436272704361706725.glb",
    "data_out/20/726/30436272704361706726.glb",
    "data_out/20/727/30436272704361706727.glb",
    "data_out/20/730/30436272704361706730.glb",
    "data_out/20/732/30436272704361706732.glb",
    "data_out/20/734/30436272704361706734.glb",
    "data_out/20/736/30436272704361706736.glb",
    "data_out/20/401/30436272704361724401.glb",
    "data_out/20/405/30436272704361724405.glb",
    "data_out/20/410/30436272704361724410.glb",
    "data_out/20/411/30436272704361724411.glb",
    "data_out/20/414/30436272704361724414.glb",
    "data_out/20/415/30436272704361724415.glb",
    "data_out/20/500/30436272704361724500.glb",
    "data_out/20/501/30436272704361724501.glb",
    "data_out/20/504/30436272704361724504.glb",
    "data_out/20/505/30436272704361724505.glb"
  ],
  "camera_pos_blender": [
    -371.7,
    21324.100000000002,
    3358.171337890625
  ],
  "target_pos_blender": [
    -386.46107609498773,
    21326.76657692895,
    3356.371337890625
  ],
  "ground_height_blender": 3356.371337890625,
  "matrix_world": [
    [
      0.17773555219173431,
      -0.11725211888551712,
      0.9770681262016296,
      -371.70001220703125
    ],
    [
      0.9840783476829529,
      0.02117704413831234,
      -0.17646943032741547,
      21324.099609375
    ],
    [
      0.0,
      0.9928763508796692,
      0.11914918571710587,
      3358.17138671875
    ],
    [
      0.0,
      0.0,
      0.0,
      1.0
    ]
  ],
  "camera_fov": 1.2870022058486938,
  "clip_start": 0.10000000149011612,
  "clip_end": 150.0,
  "resolution": [
    640,
    640
  ]
}