{
  "viewpoint_id": 7860,
  "glb_path": "data_out/20/733/30436272704361617733.glb",
  "glb_paths": [
    "data_out/20/733/30436272704361617733.glb",
    "data_out/20/737/30436272704361617737.glb",
    "data_out/20/603/30436272704361706603.glb",
    "data_out/20/607/30436272704361706607.glb",
    "data_out/20/612/30436272704361706612.glb",
    "data_out/20/613/30436272704361706613.glb",
    "data_out/20/616/30436272704361706616.glb",
    "data_out/20/617/30436272704361706617.glb",
    "data_out/20/620/30436272704361706620.glb",
    "data_out/20/621/30436272704361706621.glb",
    "data_out/20/622/30436272704361706622.glb",
    "data_out/20/623/30436272704361706623.glb",
    "data_out/20/624/30436272704361706624.glb",
    "data_out/20/625/30436272704361706625.glb",
    "data_out/20/626/30436272704361706626.glb",
    "data_out/20/627/30436272704361706627.glb",
    "data_out/20/630/30436272704361706630.glb",
    "data_out/20/631/30436272704361706631.glb",
    "data_out/20/632/30436272704361706632.glb",
    "data_out/20/633/30436272704361706633.glb",
    "data_out/20/634/30436272704361706634.glb",
    "data_out/20/635/30436272704361706635.glb",
    "data_out/20/636/30436272704361706636.glb",
    "data_out/20/637/30436272704361706637.glb",
    "data_out/20/720/30436272704361706720.glb",
    "data_out/20/722/30436272704361706722.glb",
    "data_out/20/724/30436272704361706724.glb",
    "data_out/20/726/30436272704361706726.glb",
    "data_out/20/400/30436272704361724400.glb",
    "data_out/20/401/30436272704361724401.glb",
    "data_out/20/404/30436272704361724404.glb",
    "data_out/20/405/30436272704361724405.glb",
    "data_out/20/410/30436272704361724410.glb",
    "data_out/20/411/30436272704361724411.glb",
    "data_out/20/414/30436272704361724414.glb",
    "data_out/20/415/30436272704361724415.glb",
    "data_out/20/500/30436272704361724500.glb",
    "data_out/20/504/30436272704361724504.glb"
  ],
  "camera_pos_blender": [
    -411.06,
    21331.21,
    3358.352734375
  ],
  "target_pos_blender": [
    -425.82107609498775,
    21333.876576928946,
    3356.552734375
  ],
  "ground_height_blender": 3356.552734375,
  "matrix_world": [
    [
      0.17773555219173431,
      -0.11725211888551712,
      0.9770681262016296,
      -411.05999755859375
    ],
    [
      0.9840783476829529,
      0.02117704413831234,
      -0.17646943032741547,
      21331.2109375
    ],
    [
      0.0,
      0.9928763508796692,
      0.11914918571710587,
      3358.352783203125
    ],
    [
      0.0,
      0.0,
      0.0,
      1.0
    ]
  ],
  "camera_fov": 1.2870022058486938,
  "clip_start": 0.10000000149011612,
  "clip_end": 150.0,
  "resolution": [
    640,
    640
  ]
}