{
  "viewpoint_id": 7864,
  "glb_path": "data_out/20/403/30436272704361635403.glb",
  "glb_paths": [
    "data_out/20/403/30436272704361635403.glb",
    "data_out/20/407/30436272704361635407.glb",
    "data_out/20/410/30436272704361635410.glb",
    "data_out/20/411/30436272704361635411.glb",
    "data_out/20/412/30436272704361635412.glb",
    "data_out/20/413/30436272704361635413.glb",
    "data_out/20/414/30436272704361635414.glb",
    "data_out/20/416/30436272704361635416.glb",
    "data_out/20/417/30436272704361635417.glb",
    "data_out/20/421/30436272704361635421.glb",
    "data_out/20/423/30436272704361635423.glb",
    "data_out/20/425/30436272704361635425.glb",
    "data_out/20/427/30436272704361635427.glb",
    "data_out/20/430/30436272704361635430.glb",
    "data_out/20/431/30436272704361635431.glb",
    "data_out/20/432/30436272704361635432.glb",
    "data_out/20/433/30436272704361635433.glb",
    "data_out/20/434/30436272704361635434.glb",
    "data_out/20/435/30436272704361635435.glb",
    "data_out/20/436/30436272704361635436.glb",
    "data_out/20/437/30436272704361635437.glb",
    "data_out/20/502/30436272704361635502.glb",
    "data_out/20/503/30436272704361635503.glb",
    "data_out/20/506/30436272704361635506.glb",
    "data_out/20/507/30436272704361635507.glb",
    "data_out/20/512/30436272704361635512.glb",
    "data_out/20/516/30436272704361635516.glb",
    "data_out/20/520/30436272704361635520.glb",
    "data_out/20/521/30436272704361635521.glb",
    "data_out/20/522/30436272704361635522.glb",
    "data_out/20/523/30436272704361635523.glb",
    "data_out/20/524/30436272704361635524.glb",
    "data_out/20/525/30436272704361635525.glb",
    "data_out/20/526/30436272704361635526.glb",
    "data_out/20/527/30436272704361635527.glb",
    "data_out/20/530/30436272704361635530.glb",
    "data_out/20/534/30436272704361635534.glb"
  ],
  "camera_pos_blender": [
    -586.29,
    21442.38,
    3358.583935546875
  ],
  "target_pos_blender": [
    -576.2413731185075,
    21431.243344407027,
    3356.783935546875
  ],
  "ground_height_blender": 3356.783935546875,
  "matrix_world": [
    [
      -0.742447018623352,
      0.0798180028796196,
      -0.6651326417922974,
      -586.2899780273438
    ],
    [
      -0.6699047684669495,
      -0.08846128731966019,
      0.7371581196784973,
      21442.380859375
    ],
    [
      0.0,
      0.9928765296936035,
      0.11914825439453125,
      3358.583984375
    ],
    [
      0.0,
      0.0,
      0.0,
      1.0
    ]
  ],
  "camera_fov": 1.2870022058486938,
  "clip_start": 0.10000000149011612,
  "clip_end": 150.0,
  "resolution": [
    640,
    640
  ]
}