{
  "viewpoint_id": 7865,
  "glb_path": "data_out/20/403/30436272704361635403.glb",
  "glb_paths": [
    "data_out/20/403/30436272704361635403.glb",
    "data_out/20/407/30436272704361635407.glb",
    "data_out/20/410/30436272704361635410.glb",
    "data_out/20/411/30436272704361635411.glb",
    "data_out/20/412/30436272704361635412.glb",
    "data_out/20/413/30436272704361635413.glb",
    "data_out/20/414/30436272704361635414.glb",
    "data_out/20/416/30436272704361635416.glb",
    "data_out/20/417/30436272704361635417.glb",
    "data_out/20/430/30436272704361635430.glb",
    "data_out/20/431/30436272704361635431.glb",
    "data_out/20/432/30436272704361635432.glb",
    "data_out/20/433/30436272704361635433.glb",
    "data_out/20/434/30436272704361635434.glb",
    "data_out/20/435/30436272704361635435.glb",
    "data_out/20/436/30436272704361635436.glb",
    "data_out/20/437/30436272704361635437.glb",
    "data_out/20/501/30436272704361635501.glb",
    "data_out/20/502/30436272704361635502.glb",
    "data_out/20/503/30436272704361635503.glb",
    "data_out/20/505/30436272704361635505.glb",
    "data_out/20/506/30436272704361635506.glb",
    "data_out/20/507/30436272704361635507.glb",
    "data_out/20/510/30436272704361635510.glb",
    "data_out/20/512/30436272704361635512.glb",
    "data_out/20/514/30436272704361635514.glb",
    "data_out/20/516/30436272704361635516.glb",
    "data_out/20/520/30436272704361635520.glb",
    "data_out/20/521/30436272704361635521.glb",
    "data_out/20/522/30436272704361635522.glb",
    "data_out/20/523/30436272704361635523.glb",
    "data_out/20/524/30436272704361635524.glb",
    "data_out/20/525/30436272704361635525.glb",
    "data_out/20/526/30436272704361635526.glb",
    "data_out/20/527/30436272704361635527.glb",
    "data_out/20/530/30436272704361635530.glb",
    "data_out/20/534/30436272704361635534.glb"
  ],
  "camera_pos_blender": [
    -572.61,
    21427.8,
    3358.563671875
  ],
  "target_pos_blender": [
    -562.1788307953549,
    21417.020820577425,
    3356.763671875
  ],
  "ground_height_blender": 3356.763671875,
  "matrix_world": [
    [
      -0.7186163663864136,
      0.08285623043775558,
      -0.6904531121253967,
      -572.6099853515625
    ],
    [
      -0.6954068541526794,
      -0.08562158793210983,
      0.7134972810745239,
      21427.80078125
    ],
    [
      0.0,
      0.9928765296936035,
      0.11914784461259842,
      3358.563720703125
    ],
    [
      0.0,
      0.0,
      0.0,
      1.0
    ]
  ],
  "camera_fov": 1.2870022058486938,
  "clip_start": 0.10000000149011612,
  "clip_end": 150.0,
  "resolution": [
    640,
    640
  ]
}