{
  "viewpoint_id": 7866,
  "glb_path": "data_out/20/722/30436272704361617722.glb",
  "glb_paths": [
    "data_out/20/722/30436272704361617722.glb",
    "data_out/20/723/30436272704361617723.glb",
    "data_out/20/726/30436272704361617726.glb",
    "data_out/20/727/30436272704361617727.glb",
    "data_out/20/410/30436272704361635410.glb",
    "data_out/20/411/30436272704361635411.glb",
    "data_out/20/412/30436272704361635412.glb",
    "data_out/20/413/30436272704361635413.glb",
    "data_out/20/414/30436272704361635414.glb",
    "data_out/20/416/30436272704361635416.glb",
    "data_out/20/417/30436272704361635417.glb",
    "data_out/20/430/30436272704361635430.glb",
    "data_out/20/431/30436272704361635431.glb",
    "data_out/20/434/30436272704361635434.glb",
    "data_out/20/435/30436272704361635435.glb",
    "data_out/20/501/30436272704361635501.glb",
    "data_out/20/502/30436272704361635502.glb",
    "data_out/20/503/30436272704361635503.glb",
    "data_out/20/505/30436272704361635505.glb",
    "data_out/20/506/30436272704361635506.glb",
    "data_out/20/507/30436272704361635507.glb",
    "data_out/20/510/30436272704361635510.glb",
    "data_out/20/512/30436272704361635512.glb",
    "data_out/20/513/30436272704361635513.glb",
    "data_out/20/514/30436272704361635514.glb",
    "data_out/20/516/30436272704361635516.glb",
    "data_out/20/517/30436272704361635517.glb",
    "data_out/20/520/30436272704361635520.glb",
    "data_out/20/521/30436272704361635521.glb",
    "data_out/20/522/30436272704361635522.glb",
    "data_out/20/523/30436272704361635523.glb",
    "data_out/20/524/30436272704361635524.glb",
    "data_out/20/525/30436272704361635525.glb",
    "data_out/20/526/30436272704361635526.glb",
    "data_out/20/527/30436272704361635527.glb",
    "data_out/20/530/30436272704361635530.glb",
    "data_out/20/534/30436272704361635534.glb"
  ],
  "camera_pos_blender": [
    -558.78,
    21413.350000000002,
    3358.5294921875
  ],
  "target_pos_blender": [
    -548.4054131768304,
    21402.516351111077,
    3356.7294921875
  ],
  "ground_height_blender": 3356.7294921875,
  "matrix_world": [
    [
      -0.722252368927002,
      0.08240507543087006,
      -0.6867029070854187,
      -558.780029296875
    ],
    [
      -0.6916295886039734,
      -0.08605366945266724,
      0.7171075940132141,
      21413.349609375
    ],
    [
      0.0,
      0.9928766489028931,
      0.11914625763893127,
      3358.529541015625
    ],
    [
      0.0,
      0.0,
      0.0,
      1.0
    ]
  ],
  "camera_fov": 1.2870022058486938,
  "clip_start": 0.10000000149011612,
  "clip_end": 150.0,
  "resolution": [
    640,
    640
  ]
}