{
  "viewpoint_id": 8394,
  "glb_path": "data_out/20/511/30436272704361627511.glb",
  "glb_paths": [
    "data_out/20/511/30436272704361627511.glb",
    "data_out/20/515/30436272704361627515.glb",
    "data_out/20/633/30436272704361634633.glb",
    "data_out/20/637/30436272704361634637.glb",
    "data_out/20/400/30436272704361636400.glb",
    "data_out/20/401/30436272704361636401.glb",
    "data_out/20/402/30436272704361636402.glb",
    "data_out/20/403/30436272704361636403.glb",
    "data_out/20/404/30436272704361636404.glb",
    "data_out/20/405/30436272704361636405.glb",
    "data_out/20/406/30436272704361636406.glb",
    "data_out/20/407/30436272704361636407.glb",
    "data_out/20/410/30436272704361636410.glb",
    "data_out/20/411/30436272704361636411.glb",
    "data_out/20/412/30436272704361636412.glb",
    "data_out/20/413/30436272704361636413.glb",
    "data_out/20/414/30436272704361636414.glb",
    "data_out/20/415/30436272704361636415.glb",
    "data_out/20/416/30436272704361636416.glb",
    "data_out/20/417/30436272704361636417.glb",
    "data_out/20/420/30436272704361636420.glb",
    "data_out/20/421/30436272704361636421.glb",
    "data_out/20/424/30436272704361636424.glb",
    "data_out/20/425/30436272704361636425.glb",
    "data_out/20/430/30436272704361636430.glb",
    "data_out/20/434/30436272704361636434.glb",
    "data_out/20/500/30436272704361636500.glb",
    "data_out/20/504/30436272704361636504.glb"
  ],
  "camera_pos_blender": [
    -853.96,
    21709.04,
    3358.30830078125
  ],
  "target_pos_blender": [
    -865.249671835718,
    21718.916401664665,
    3356.50830078125
  ],
  "ground_height_blender": 3356.50830078125,
  "matrix_world": [
    [
      0.6584475636482239,
      -0.08967211842536926,
      0.7472655177116394,
      -853.9600219726562
    ],
    [
      0.7526266574859619,
      0.07845110446214676,
      -0.6537573337554932,
      21709.0390625
    ],
    [
      0.0,
      0.9928768277168274,
      0.11914556473493576,
      3358.308349609375
    ],
    [
      0.0,
      0.0,
      0.0,
      1.0
    ]
  ],
  "camera_fov": 1.2870022058486938,
  "clip_start": 0.10000000149011612,
  "clip_end": 150.0,
  "resolution": [
    640,
    640
  ]
}