{
  "viewpoint_id": 8395,
  "glb_path": "data_out/20/511/30436272704361627511.glb",
  "glb_paths": [
    "data_out/20/511/30436272704361627511.glb",
    "data_out/20/515/30436272704361627515.glb",
    "data_out/20/531/30436272704361627531.glb",
    "data_out/20/535/30436272704361627535.glb",
    "data_out/20/400/30436272704361636400.glb",
    "data_out/20/401/30436272704361636401.glb",
    "data_out/20/402/30436272704361636402.glb",
    "data_out/20/403/30436272704361636403.glb",
    "data_out/20/404/30436272704361636404.glb",
    "data_out/20/405/30436272704361636405.glb",
    "data_out/20/406/30436272704361636406.glb",
    "data_out/20/407/30436272704361636407.glb",
    "data_out/20/410/30436272704361636410.glb",
    "data_out/20/411/30436272704361636411.glb",
    "data_out/20/412/30436272704361636412.glb",
    "data_out/20/413/30436272704361636413.glb",
    "data_out/20/414/30436272704361636414.glb",
    "data_out/20/415/30436272704361636415.glb",
    "data_out/20/416/30436272704361636416.glb",
    "data_out/20/417/30436272704361636417.glb",
    "data_out/20/420/30436272704361636420.glb",
    "data_out/20/421/30436272704361636421.glb",
    "data_out/20/424/30436272704361636424.glb",
    "data_out/20/425/30436272704361636425.glb",
    "data_out/20/430/30436272704361636430.glb",
    "data_out/20/434/30436272704361636434.glb"
  ],
  "camera_pos_blender": [
    -869.02,
    21722.21,
    3358.45185546875
  ],
  "target_pos_blender": [
    -880.309671835718,
    21732.086401664663,
    3356.65185546875
  ],
  "ground_height_blender": 3356.65185546875,
  "matrix_world": [
    [
      0.6583738327026367,
      -0.08968737721443176,
      0.7473286986351013,
      -869.02001953125
    ],
    [
      0.7526912093162537,
      0.07844894379377365,
      -0.6536833047866821,
      21722.2109375
    ],
    [
      -7.450580596923828e-09,
      0.9928756356239319,
      0.1191556304693222,
      3358.451904296875
    ],
    [
      0.0,
      0.0,
      0.0,
      1.0
    ]
  ],
  "camera_fov": 1.2870022058486938,
  "clip_start": 0.10000000149011612,
  "clip_end": 150.0,
  "resolution": [
    640,
    640
  ]
}