{
  "viewpoint_id": 8398,
  "glb_path": "data_out/19/751/3043627270436162751.glb",
  "glb_paths": [
    "data_out/19/751/3043627270436162751.glb",
    "data_out/19/752/3043627270436162752.glb",
    "data_out/20/531/30436272704361627531.glb",
    "data_out/20/535/30436272704361627535.glb",
    "data_out/20/402/30436272704361636402.glb",
    "data_out/20/403/30436272704361636403.glb",
    "data_out/20/406/30436272704361636406.glb",
    "data_out/20/407/30436272704361636407.glb",
    "data_out/20/420/30436272704361636420.glb",
    "data_out/20/421/30436272704361636421.glb",
    "data_out/20/424/30436272704361636424.glb",
    "data_out/20/425/30436272704361636425.glb",
    "data_out/20/430/30436272704361636430.glb",
    "data_out/20/434/30436272704361636434.glb"
  ],
  "camera_pos_blender": [
    -914.18,
    21761.71,
    3358.602490234375
  ],
  "target_pos_blender": [
    -925.4696718357179,
    21771.586401664663,
    3356.802490234375
  ],
  "ground_height_blender": 3356.802490234375,
  "matrix_world": [
    [
      0.6583738327026367,
      -0.08968737721443176,
      0.7473286986351013,
      -914.1799926757812
    ],
    [
      0.7526912093162537,
      0.07844894379377365,
      -0.6536833047866821,
      21761.7109375
    ],
    [
      -7.450580596923828e-09,
      0.9928756356239319,
      0.1191556304693222,
      3358.6025390625
    ],
    [
      0.0,
      0.0,
      0.0,
      1.0
    ]
  ],
  "camera_fov": 1.2870022058486938,
  "clip_start": 0.10000000149011612,
  "clip_end": 150.0,
  "resolution": [
    640,
    640
  ]
}