{
  "viewpoint_id": 841,
  "glb_path": "data_out/20/411/30436272704361424411.glb",
  "camera_pos_blender": [
    -1243.5,
    20151.45,
    3364.40205078125
  ],
  "target_pos_blender": [
    -1250.2748444546785,
    20164.832880206253,
    3363.80205078125
  ],
  "ground_height_blender": 3362.60205078125,
  "matrix_world": [
    [
      0.8921895623207092,
      -0.018054986372590065,
      0.45130017399787903,
      -1243.5
    ],
    [
      0.45166122913360596,
      0.03566494211554527,
      -0.8914763927459717,
      20151.44921875
    ],
    [
      -1.862645371275562e-09,
      0.9992006421089172,
      0.039974626153707504,
      3364.402099609375
    ],
    [
      0.0,
      0.0,
      0.0,
      1.0
    ]
  ],
  "camera_fov": 1.2870022058486938,
  "clip_start": 0.10000000149011612,
  "clip_end": 150.0,
  "resolution": [
    640,
    640
  ]
}