{
  "viewpoint_id": 878,
  "glb_path": "data_out/19/452/3043627270436142452.glb",
  "camera_pos_blender": [
    -1219.81,
    20268.010000000002,
    3363.4142578125
  ],
  "target_pos_blender": [
    -1204.8480148078138,
    20269.077239012033,
    3362.8142578125
  ],
  "ground_height_blender": 3361.6142578125,
  "matrix_world": [
    [
      0.07122333347797394,
      0.0398726686835289,
      -0.9966631531715393,
      -1219.81005859375
    ],
    [
      -0.9974604249000549,
      0.002847094787284732,
      -0.07116641104221344,
      20268.009765625
    ],
    [
      -4.656612873077393e-10,
      0.999200701713562,
      0.039974186569452286,
      3363.414306640625
    ],
    [
      0.0,
      0.0,
      0.0,
      1.0
    ]
  ],
  "camera_fov": 1.2870022058486938,
  "clip_start": 0.10000000149011612,
  "clip_end": 150.0,
  "resolution": [
    640,
    640
  ]
}