{
  "viewpoint_id": 879,
  "glb_path": "data_out/19/452/3043627270436142452.glb",
  "camera_pos_blender": [
    -1199.86,
    20269.43,
    3363.255810546875
  ],
  "target_pos_blender": [
    -1184.8980148078138,
    20270.49723901203,
    3362.655810546875
  ],
  "ground_height_blender": 3361.455810546875,
  "matrix_world": [
    [
      0.0712239220738411,
      0.03987298533320427,
      -0.9966630339622498,
      -1199.8599853515625
    ],
    [
      -0.9974604249000549,
      0.002847141120582819,
      -0.0711669847369194,
      20269.4296875
    ],
    [
      0.0,
      0.999200701713562,
      0.039974506944417953,
      3363.255859375
    ],
    [
      0.0,
      0.0,
      0.0,
      1.0
    ]
  ],
  "camera_fov": 1.2870022058486938,
  "clip_start": 0.10000000149011612,
  "clip_end": 150.0,
  "resolution": [
    640,
    640
  ]
}