{
  "viewpoint_id": 880,
  "glb_path": "data_out/19/453/3043627270436142453.glb",
  "camera_pos_blender": [
    -1179.91,
    20270.86,
    3363.1037109375
  ],
  "target_pos_blender": [
    -1164.948014807814,
    20271.92723901203,
    3362.5037109375
  ],
  "ground_height_blender": 3361.3037109375,
  "matrix_world": [
    [
      0.07122333347797394,
      0.0398726686835289,
      -0.9966631531715393,
      -1179.9100341796875
    ],
    [
      -0.9974604249000549,
      0.002847094787284732,
      -0.07116641104221344,
      20270.859375
    ],
    [
      -4.656612873077393e-10,
      0.999200701713562,
      0.039974186569452286,
      3363.103759765625
    ],
    [
      0.0,
      0.0,
      0.0,
      1.0
    ]
  ],
  "camera_fov": 1.2870022058486938,
  "clip_start": 0.10000000149011612,
  "clip_end": 150.0,
  "resolution": [
    640,
    640
  ]
}