{
  "viewpoint_id": 881,
  "glb_path": "data_out/19/453/3043627270436142453.glb",
  "camera_pos_blender": [
    -1159.96,
    20272.28,
    3363.150341796875
  ],
  "target_pos_blender": [
    -1144.998014807814,
    20273.34723901203,
    3362.550341796875
  ],
  "ground_height_blender": 3361.350341796875,
  "matrix_world": [
    [
      0.0712239220738411,
      0.03987298533320427,
      -0.9966630339622498,
      -1159.9599609375
    ],
    [
      -0.9974604249000549,
      0.002847141120582819,
      -0.0711669847369194,
      20272.279296875
    ],
    [
      0.0,
      0.999200701713562,
      0.039974506944417953,
      3363.150390625
    ],
    [
      0.0,
      0.0,
      0.0,
      1.0
    ]
  ],
  "camera_fov": 1.2870022058486938,
  "clip_start": 0.10000000149011612,
  "clip_end": 150.0,
  "resolution": [
    640,
    640
  ]
}