{
  "viewpoint_id": 882,
  "glb_path": "data_out/19/453/3043627270436142453.glb",
  "camera_pos_blender": [
    -1140.01,
    20273.65,
    3363.102001953125
  ],
  "target_pos_blender": [
    -1125.0440272100095,
    20274.65978138687,
    3362.502001953125
  ],
  "ground_height_blender": 3361.302001953125,
  "matrix_world": [
    [
      0.06731785833835602,
      0.03988393768668175,
      -0.9969340562820435,
      -1140.010009765625
    ],
    [
      -0.9977316856384277,
      0.0026910053566098213,
      -0.06726404279470444,
      20273.650390625
    ],
    [
      -2.3283067140944524e-10,
      0.999200701713562,
      0.03997461497783661,
      3363.10205078125
    ],
    [
      0.0,
      0.0,
      0.0,
      1.0
    ]
  ],
  "camera_fov": 1.2870022058486938,
  "clip_start": 0.10000000149011612,
  "clip_end": 150.0,
  "resolution": [
    640,
    640
  ]
}