{
  "viewpoint_id": 883,
  "glb_path": "data_out/19/542/3043627270436142542.glb",
  "camera_pos_blender": [
    -1120.06,
    20275.0,
    3363.2169921875
  ],
  "target_pos_blender": [
    -1105.0940272100095,
    20276.009781386867,
    3362.6169921875
  ],
  "ground_height_blender": 3361.4169921875,
  "matrix_world": [
    [
      0.06731730699539185,
      0.03988361358642578,
      -0.996934175491333,
      -1120.06005859375
    ],
    [
      -0.997731626033783,
      0.0026909613516181707,
      -0.06726349890232086,
      20275.0
    ],
    [
      -2.3283064365386963e-10,
      0.999200701713562,
      0.03997429460287094,
      3363.217041015625
    ],
    [
      0.0,
      0.0,
      0.0,
      1.0
    ]
  ],
  "camera_fov": 1.2870022058486938,
  "clip_start": 0.10000000149011612,
  "clip_end": 150.0,
  "resolution": [
    640,
    640
  ]
}