{
  "viewpoint_id": 884,
  "glb_path": "data_out/19/542/3043627270436142542.glb",
  "camera_pos_blender": [
    -1100.1,
    20276.34,
    3363.100537109375
  ],
  "target_pos_blender": [
    -1085.1340272100094,
    20277.349781386867,
    3362.500537109375
  ],
  "ground_height_blender": 3361.300537109375,
  "matrix_world": [
    [
      0.06731785833835602,
      0.03988393768668175,
      -0.9969340562820435,
      -1100.0999755859375
    ],
    [
      -0.9977316856384277,
      0.0026910053566098213,
      -0.06726404279470444,
      20276.33984375
    ],
    [
      -2.3283067140944524e-10,
      0.999200701713562,
      0.03997461497783661,
      3363.1005859375
    ],
    [
      0.0,
      0.0,
      0.0,
      1.0
    ]
  ],
  "camera_fov": 1.2870022058486938,
  "clip_start": 0.10000000149011612,
  "clip_end": 150.0,
  "resolution": [
    640,
    640
  ]
}