{
  "viewpoint_id": 885,
  "glb_path": "data_out/19/542/3043627270436142542.glb",
  "camera_pos_blender": [
    -1080.15,
    20277.690000000002,
    3363.099560546875
  ],
  "target_pos_blender": [
    -1065.1840272100096,
    20278.69978138687,
    3362.499560546875
  ],
  "ground_height_blender": 3361.299560546875,
  "matrix_world": [
    [
      0.06731785833835602,
      0.03988393768668175,
      -0.9969340562820435,
      -1080.1500244140625
    ],
    [
      -0.9977316856384277,
      0.0026910053566098213,
      -0.06726404279470444,
      20277.689453125
    ],
    [
      -2.3283067140944524e-10,
      0.999200701713562,
      0.03997461497783661,
      3363.099609375
    ],
    [
      0.0,
      0.0,
      0.0,
      1.0
    ]
  ],
  "camera_fov": 1.2870022058486938,
  "clip_start": 0.10000000149011612,
  "clip_end": 150.0,
  "resolution": [
    640,
    640
  ]
}