{
  "viewpoint_id": 891,
  "glb_path": "data_out/19/553/3043627270436142553.glb",
  "camera_pos_blender": [
    -960.28,
    20282.82,
    3362.868359375
  ],
  "target_pos_blender": [
    -945.3373079294173,
    20284.12994415291,
    3362.268359375
  ],
  "ground_height_blender": 3361.068359375,
  "matrix_world": [
    [
      0.0873691588640213,
      0.039821378886699677,
      -0.9953797459602356,
      -960.280029296875
    ],
    [
      -0.9961760640144348,
      0.0034925155341625214,
      -0.08729931712150574,
      20282.8203125
    ],
    [
      0.0,
      0.999200701713562,
      0.039974238723516464,
      3362.868408203125
    ],
    [
      0.0,
      0.0,
      0.0,
      1.0
    ]
  ],
  "camera_fov": 1.2870022058486938,
  "clip_start": 0.10000000149011612,
  "clip_end": 150.0,
  "resolution": [
    640,
    640
  ]
}