{
  "viewpoint_id": 893,
  "glb_path": "data_out/19/571/3043627270436142571.glb",
  "camera_pos_blender": [
    -921.06,
    20288.920000000002,
    3362.520947265625
  ],
  "target_pos_blender": [
    -907.1650273003385,
    20294.57064011203,
    3361.920947265625
  ],
  "ground_height_blender": 3360.720947265625,
  "matrix_world": [
    [
      0.3766954243183136,
      0.037030160427093506,
      -0.9255967140197754,
      -921.0599975585938
    ],
    [
      -0.9263372421264648,
      0.01505833026021719,
      -0.3763943016529083,
      20288.919921875
    ],
    [
      -9.31322685637781e-10,
      0.9992006421089172,
      0.039974816143512726,
      3362.52099609375
    ],
    [
      0.0,
      0.0,
      0.0,
      1.0
    ]
  ],
  "camera_fov": 1.2870022058486938,
  "clip_start": 0.10000000149011612,
  "clip_end": 150.0,
  "resolution": [
    640,
    640
  ]
}