{
  "viewpoint_id": 9662,
  "glb_path": "data_out/19/671/3043627270436140671.glb",
  "camera_pos_blender": [
    -1180.2,
    20012.16,
    3364.539501953125
  ],
  "target_pos_blender": [
    -1166.374082595444,
    20017.977560306725,
    3363.939501953125
  ],
  "ground_height_blender": 3362.739501953125,
  "matrix_world": [
    [
      0.3878823518753052,
      0.03684409707784653,
      -0.9209721684455872,
      -1180.199951171875
    ],
    [
      -0.921708881855011,
      0.015505085699260235,
      -0.387572318315506,
      20012.16015625
    ],
    [
      0.0,
      0.9992007613182068,
      0.039973679929971695,
      3364.53955078125
    ],
    [
      0.0,
      0.0,
      0.0,
      1.0
    ]
  ],
  "camera_fov": 1.2870022058486938,
  "clip_start": 0.10000000149011612,
  "clip_end": 150.0,
  "resolution": [
    640,
    640
  ]
}