{
  "viewpoint_id": 9665,
  "glb_path": "data_out/19/673/3043627270436140673.glb",
  "camera_pos_blender": [
    -1178.5,
    20088.5,
    3364.541455078125
  ],
  "target_pos_blender": [
    -1164.6690110815177,
    20082.694507295946,
    3363.941455078125
  ],
  "ground_height_blender": 3362.741455078125,
  "matrix_world": [
    [
      -0.38698849081993103,
      0.03686079382896423,
      -0.9213474988937378,
      -1178.5
    ],
    [
      -0.9220845103263855,
      -0.01547006145119667,
      0.38667920231819153,
      20088.5
    ],
    [
      0.0,
      0.999200701713562,
      0.03997550159692764,
      3364.54150390625
    ],
    [
      0.0,
      0.0,
      0.0,
      1.0
    ]
  ],
  "camera_fov": 1.2870022058486938,
  "clip_start": 0.10000000149011612,
  "clip_end": 150.0,
  "resolution": [
    640,
    640
  ]
}