{
  "viewpoint_id": 9874,
  "glb_path": "data_out/20/533/30436272704361707533.glb",
  "glb_paths": [
    "data_out/20/533/30436272704361707533.glb",
    "data_out/20/537/30436272704361707537.glb",
    "data_out/20/702/30436272704361707702.glb",
    "data_out/20/703/30436272704361707703.glb",
    "data_out/20/706/30436272704361707706.glb",
    "data_out/20/707/30436272704361707707.glb",
    "data_out/20/710/30436272704361707710.glb",
    "data_out/20/711/30436272704361707711.glb",
    "data_out/20/712/30436272704361707712.glb",
    "data_out/20/713/30436272704361707713.glb",
    "data_out/20/714/30436272704361707714.glb",
    "data_out/20/715/30436272704361707715.glb",
    "data_out/20/716/30436272704361707716.glb",
    "data_out/20/717/30436272704361707717.glb",
    "data_out/20/721/30436272704361707721.glb",
    "data_out/20/725/30436272704361707725.glb",
    "data_out/20/730/30436272704361707730.glb",
    "data_out/20/731/30436272704361707731.glb",
    "data_out/20/732/30436272704361707732.glb",
    "data_out/20/733/30436272704361707733.glb",
    "data_out/20/734/30436272704361707734.glb",
    "data_out/20/735/30436272704361707735.glb",
    "data_out/20/736/30436272704361707736.glb",
    "data_out/20/737/30436272704361707737.glb",
    "data_out/20/600/30436272704361716600.glb",
    "data_out/20/601/30436272704361716601.glb",
    "data_out/20/602/30436272704361716602.glb",
    "data_out/20/603/30436272704361716603.glb",
    "data_out/20/604/30436272704361716604.glb",
    "data_out/20/605/30436272704361716605.glb",
    "data_out/20/606/30436272704361716606.glb",
    "data_out/20/607/30436272704361716607.glb",
    "data_out/20/620/30436272704361716620.glb",
    "data_out/20/621/30436272704361716621.glb",
    "data_out/20/624/30436272704361716624.glb",
    "data_out/20/625/30436272704361716625.glb"
  ],
  "camera_pos_blender": [
    -57.14,
    21262.57,
    3358.210888671875
  ],
  "target_pos_blender": [
    -42.298628475565906,
    21260.394295223676,
    3356.410888671875
  ],
  "ground_height_blender": 3356.410888671875,
  "matrix_world": [
    [
      -0.1450520008802414,
      0.11788822710514069,
      -0.9823758602142334,
      -57.13999938964844
    ],
    [
      -0.9894241094589233,
      -0.017282703891396523,
      0.14401870965957642,
      21262.5703125
    ],
    [
      0.0,
      0.992876410484314,
      0.11914833635091782,
      3358.2109375
    ],
    [
      0.0,
      0.0,
      0.0,
      1.0
    ]
  ],
  "camera_fov": 1.2870022058486938,
  "clip_start": 0.10000000149011612,
  "clip_end": 150.0,
  "resolution": [
    640,
    640
  ]
}