{
  "viewpoint_id": 9880,
  "glb_path": "data_out/20/432/30436272704361716432.glb",
  "glb_paths": [
    "data_out/20/432/30436272704361716432.glb",
    "data_out/20/433/30436272704361716433.glb",
    "data_out/20/436/30436272704361716436.glb",
    "data_out/20/437/30436272704361716437.glb",
    "data_out/20/522/30436272704361716522.glb",
    "data_out/20/523/30436272704361716523.glb",
    "data_out/20/526/30436272704361716526.glb",
    "data_out/20/527/30436272704361716527.glb",
    "data_out/20/601/30436272704361716601.glb",
    "data_out/20/603/30436272704361716603.glb",
    "data_out/20/605/30436272704361716605.glb",
    "data_out/20/607/30436272704361716607.glb",
    "data_out/20/610/30436272704361716610.glb",
    "data_out/20/611/30436272704361716611.glb",
    "data_out/20/612/30436272704361716612.glb",
    "data_out/20/613/30436272704361716613.glb",
    "data_out/20/614/30436272704361716614.glb",
    "data_out/20/615/30436272704361716615.glb",
    "data_out/20/616/30436272704361716616.glb",
    "data_out/20/617/30436272704361716617.glb",
    "data_out/20/621/30436272704361716621.glb",
    "data_out/20/625/30436272704361716625.glb",
    "data_out/20/630/30436272704361716630.glb",
    "data_out/20/631/30436272704361716631.glb",
    "data_out/20/634/30436272704361716634.glb",
    "data_out/20/635/30436272704361716635.glb",
    "data_out/20/700/30436272704361716700.glb",
    "data_out/20/701/30436272704361716701.glb",
    "data_out/20/702/30436272704361716702.glb",
    "data_out/20/703/30436272704361716703.glb",
    "data_out/20/704/30436272704361716704.glb",
    "data_out/20/705/30436272704361716705.glb",
    "data_out/20/706/30436272704361716706.glb",
    "data_out/20/707/30436272704361716707.glb",
    "data_out/20/720/30436272704361716720.glb",
    "data_out/20/721/30436272704361716721.glb",
    "data_out/20/724/30436272704361716724.glb",
    "data_out/20/725/30436272704361716725.glb"
  ],
  "camera_pos_blender": [
    61.48,
    21244.38,
    3358.493359375
  ],
  "target_pos_blender": [
    76.29450511739893,
    21242.028311643404,
    3356.693359375
  ],
  "ground_height_blender": 3356.693359375,
  "matrix_world": [
    [
      -0.15689806640148163,
      0.11767052859067917,
      -0.9805797338485718,
      61.47999954223633
    ],
    [
      -0.9876148700714111,
      -0.01869380474090576,
      0.15578043460845947,
      21244.380859375
    ],
    [
      0.0,
      0.9928767085075378,
      0.11914617568254471,
      3358.493408203125
    ],
    [
      0.0,
      0.0,
      0.0,
      1.0
    ]
  ],
  "camera_fov": 1.2870022058486938,
  "clip_start": 0.10000000149011612,
  "clip_end": 150.0,
  "resolution": [
    640,
    640
  ]
}