{
  "viewpoint_id": 9882,
  "glb_path": "data_out/20/433/30436272704361716433.glb",
  "glb_paths": [
    "data_out/20/433/30436272704361716433.glb",
    "data_out/20/437/30436272704361716437.glb",
    "data_out/20/522/30436272704361716522.glb",
    "data_out/20/523/30436272704361716523.glb",
    "data_out/20/526/30436272704361716526.glb",
    "data_out/20/527/30436272704361716527.glb",
    "data_out/20/532/30436272704361716532.glb",
    "data_out/20/536/30436272704361716536.glb",
    "data_out/20/610/30436272704361716610.glb",
    "data_out/20/611/30436272704361716611.glb",
    "data_out/20/612/30436272704361716612.glb",
    "data_out/20/613/30436272704361716613.glb",
    "data_out/20/614/30436272704361716614.glb",
    "data_out/20/615/30436272704361716615.glb",
    "data_out/20/616/30436272704361716616.glb",
    "data_out/20/617/30436272704361716617.glb",
    "data_out/20/631/30436272704361716631.glb",
    "data_out/20/635/30436272704361716635.glb",
    "data_out/20/700/30436272704361716700.glb",
    "data_out/20/701/30436272704361716701.glb",
    "data_out/20/702/30436272704361716702.glb",
    "data_out/20/703/30436272704361716703.glb",
    "data_out/20/704/30436272704361716704.glb",
    "data_out/20/705/30436272704361716705.glb",
    "data_out/20/706/30436272704361716706.glb",
    "data_out/20/707/30436272704361716707.glb",
    "data_out/20/710/30436272704361716710.glb",
    "data_out/20/711/30436272704361716711.glb",
    "data_out/20/712/30436272704361716712.glb",
    "data_out/20/713/30436272704361716713.glb",
    "data_out/20/714/30436272704361716714.glb",
    "data_out/20/715/30436272704361716715.glb",
    "data_out/20/716/30436272704361716716.glb",
    "data_out/20/717/30436272704361716717.glb",
    "data_out/20/720/30436272704361716720.glb",
    "data_out/20/721/30436272704361716721.glb",
    "data_out/20/724/30436272704361716724.glb",
    "data_out/20/725/30436272704361716725.glb",
    "data_out/20/730/30436272704361716730.glb",
    "data_out/20/734/30436272704361716734.glb"
  ],
  "camera_pos_blender": [
    100.98,
    21238.09,
    3358.521923828125
  ],
  "target_pos_blender": [
    115.79203431260018,
    21235.722799222214,
    3356.721923828125
  ],
  "ground_height_blender": 3356.721923828125,
  "matrix_world": [
    [
      -0.15781252086162567,
      0.11765538156032562,
      -0.9804348945617676,
      100.9800033569336
    ],
    [
      -0.9874691367149353,
      -0.01880311407148838,
      0.15668834745883942,
      21238.08984375
    ],
    [
      -1.862645149230957e-09,
      0.992876410484314,
      0.11914843320846558,
      3358.52197265625
    ],
    [
      0.0,
      0.0,
      0.0,
      1.0
    ]
  ],
  "camera_fov": 1.2870022058486938,
  "clip_start": 0.10000000149011612,
  "clip_end": 150.0,
  "resolution": [
    640,
    640
  ]
}