{
  "viewpoint_id": 9883,
  "glb_path": "data_out/20/522/30436272704361716522.glb",
  "glb_paths": [
    "data_out/20/522/30436272704361716522.glb",
    "data_out/20/523/30436272704361716523.glb",
    "data_out/20/526/30436272704361716526.glb",
    "data_out/20/527/30436272704361716527.glb",
    "data_out/20/532/30436272704361716532.glb",
    "data_out/20/533/30436272704361716533.glb",
    "data_out/20/536/30436272704361716536.glb",
    "data_out/20/537/30436272704361716537.glb",
    "data_out/20/611/30436272704361716611.glb",
    "data_out/20/613/30436272704361716613.glb",
    "data_out/20/615/30436272704361716615.glb",
    "data_out/20/617/30436272704361716617.glb",
    "data_out/20/700/30436272704361716700.glb",
    "data_out/20/701/30436272704361716701.glb",
    "data_out/20/702/30436272704361716702.glb",
    "data_out/20/703/30436272704361716703.glb",
    "data_out/20/704/30436272704361716704.glb",
    "data_out/20/705/30436272704361716705.glb",
    "data_out/20/706/30436272704361716706.glb",
    "data_out/20/707/30436272704361716707.glb",
    "data_out/20/710/30436272704361716710.glb",
    "data_out/20/711/30436272704361716711.glb",
    "data_out/20/712/30436272704361716712.glb",
    "data_out/20/713/30436272704361716713.glb",
    "data_out/20/714/30436272704361716714.glb",
    "data_out/20/715/30436272704361716715.glb",
    "data_out/20/716/30436272704361716716.glb",
    "data_out/20/717/30436272704361716717.glb",
    "data_out/20/720/30436272704361716720.glb",
    "data_out/20/721/30436272704361716721.glb",
    "data_out/20/724/30436272704361716724.glb",
    "data_out/20/725/30436272704361716725.glb",
    "data_out/20/730/30436272704361716730.glb",
    "data_out/20/731/30436272704361716731.glb",
    "data_out/20/734/30436272704361716734.glb",
    "data_out/20/735/30436272704361716735.glb",
    "data_out/20/600/30436272704361717600.glb",
    "data_out/20/602/30436272704361717602.glb",
    "data_out/20/604/30436272704361717604.glb",
    "data_out/20/606/30436272704361717606.glb"
  ],
  "camera_pos_blender": [
    120.75,
    21235.05,
    3358.6505859375
  ],
  "target_pos_blender": [
    135.60547482847565,
    21232.972774056456,
    3356.8505859375
  ],
  "ground_height_blender": 3356.8505859375,
  "matrix_world": [
    [
      -0.1385405957698822,
      0.11799851059913635,
      -0.9833019971847534,
      120.75
    ],
    [
      -0.9903568625450134,
      -0.016506759449839592,
      0.13755369186401367,
      21235.05078125
    ],
    [
      1.862645371275562e-09,
      0.9928765296936035,
      0.11914747953414917,
      3358.650634765625
    ],
    [
      0.0,
      0.0,
      0.0,
      1.0
    ]
  ],
  "camera_fov": 1.2870022058486938,
  "clip_start": 0.10000000149011612,
  "clip_end": 150.0,
  "resolution": [
    640,
    640
  ]
}