{
  "viewpoint_id": 9885,
  "glb_path": "data_out/20/523/30436272704361716523.glb",
  "glb_paths": [
    "data_out/20/523/30436272704361716523.glb",
    "data_out/20/527/30436272704361716527.glb",
    "data_out/20/532/30436272704361716532.glb",
    "data_out/20/533/30436272704361716533.glb",
    "data_out/20/536/30436272704361716536.glb",
    "data_out/20/537/30436272704361716537.glb",
    "data_out/20/700/30436272704361716700.glb",
    "data_out/20/701/30436272704361716701.glb",
    "data_out/20/703/30436272704361716703.glb",
    "data_out/20/704/30436272704361716704.glb",
    "data_out/20/705/30436272704361716705.glb",
    "data_out/20/707/30436272704361716707.glb",
    "data_out/20/710/30436272704361716710.glb",
    "data_out/20/711/30436272704361716711.glb",
    "data_out/20/712/30436272704361716712.glb",
    "data_out/20/713/30436272704361716713.glb",
    "data_out/20/714/30436272704361716714.glb",
    "data_out/20/715/30436272704361716715.glb",
    "data_out/20/716/30436272704361716716.glb",
    "data_out/20/717/30436272704361716717.glb",
    "data_out/20/730/30436272704361716730.glb",
    "data_out/20/731/30436272704361716731.glb",
    "data_out/20/734/30436272704361716734.glb",
    "data_out/20/735/30436272704361716735.glb",
    "data_out/20/422/30436272704361717422.glb",
    "data_out/20/423/30436272704361717423.glb",
    "data_out/20/426/30436272704361717426.glb",
    "data_out/20/427/30436272704361717427.glb",
    "data_out/20/600/30436272704361717600.glb",
    "data_out/20/601/30436272704361717601.glb",
    "data_out/20/602/30436272704361717602.glb",
    "data_out/20/603/30436272704361717603.glb",
    "data_out/20/604/30436272704361717604.glb",
    "data_out/20/605/30436272704361717605.glb",
    "data_out/20/606/30436272704361717606.glb",
    "data_out/20/607/30436272704361717607.glb",
    "data_out/20/620/30436272704361717620.glb",
    "data_out/20/624/30436272704361717624.glb"
  ],
  "camera_pos_blender": [
    160.36,
    21229.510000000002,
    3358.699169921875
  ],
  "target_pos_blender": [
    175.21547482847566,
    21227.43277405646,
    3356.899169921875
  ],
  "ground_height_blender": 3356.899169921875,
  "matrix_world": [
    [
      -0.13841287791728973,
      0.1180027425289154,
      -0.9833195209503174,
      160.36000061035156
    ],
    [
      -0.9903746843338013,
      -0.016491835936903954,
      0.13742685317993164,
      21229.509765625
    ],
    [
      1.862645149230957e-09,
      0.9928763508796692,
      0.1191495954990387,
      3358.69921875
    ],
    [
      0.0,
      0.0,
      0.0,
      1.0
    ]
  ],
  "camera_fov": 1.2870022058486938,
  "clip_start": 0.10000000149011612,
  "clip_end": 150.0,
  "resolution": [
    640,
    640
  ]
}