{
  "viewpoint_id": 9888,
  "glb_path": "data_out/19/747/3043627270436171747.glb",
  "glb_paths": [
    "data_out/19/747/3043627270436171747.glb",
    "data_out/20/533/30436272704361716533.glb",
    "data_out/20/537/30436272704361716537.glb",
    "data_out/20/710/30436272704361716710.glb",
    "data_out/20/711/30436272704361716711.glb",
    "data_out/20/713/30436272704361716713.glb",
    "data_out/20/714/30436272704361716714.glb",
    "data_out/20/715/30436272704361716715.glb",
    "data_out/20/717/30436272704361716717.glb",
    "data_out/20/421/30436272704361717421.glb",
    "data_out/20/422/30436272704361717422.glb",
    "data_out/20/423/30436272704361717423.glb",
    "data_out/20/425/30436272704361717425.glb",
    "data_out/20/426/30436272704361717426.glb",
    "data_out/20/427/30436272704361717427.glb",
    "data_out/20/432/30436272704361717432.glb",
    "data_out/20/433/30436272704361717433.glb",
    "data_out/20/436/30436272704361717436.glb",
    "data_out/20/437/30436272704361717437.glb",
    "data_out/20/461/30436272704361717461.glb",
    "data_out/20/600/30436272704361717600.glb",
    "data_out/20/601/30436272704361717601.glb",
    "data_out/20/602/30436272704361717602.glb",
    "data_out/20/603/30436272704361717603.glb",
    "data_out/20/604/30436272704361717604.glb",
    "data_out/20/605/30436272704361717605.glb",
    "data_out/20/606/30436272704361717606.glb",
    "data_out/20/607/30436272704361717607.glb",
    "data_out/20/610/30436272704361717610.glb",
    "data_out/20/611/30436272704361717611.glb",
    "data_out/20/612/30436272704361717612.glb",
    "data_out/20/613/30436272704361717613.glb",
    "data_out/20/614/30436272704361717614.glb",
    "data_out/20/615/30436272704361717615.glb",
    "data_out/20/616/30436272704361717616.glb",
    "data_out/20/617/30436272704361717617.glb",
    "data_out/20/621/30436272704361717621.glb",
    "data_out/20/625/30436272704361717625.glb"
  ],
  "camera_pos_blender": [
    219.78,
    21221.190000000002,
    3358.529736328125
  ],
  "target_pos_blender": [
    234.60542265701642,
    21218.908149207153,
    3356.729736328125
  ],
  "ground_height_blender": 3356.729736328125,
  "matrix_world": [
    [
      -0.15208424627780914,
      0.11776310950517654,
      -0.9813268184661865,
      219.77999877929688
    ],
    [
      -0.9883675575256348,
      -0.018120702356100082,
      0.15100085735321045,
      21221.189453125
    ],
    [
      0.0,
      0.9928763508796692,
      0.1191491186618805,
      3358.52978515625
    ],
    [
      0.0,
      0.0,
      0.0,
      1.0
    ]
  ],
  "camera_fov": 1.2870022058486938,
  "clip_start": 0.10000000149011612,
  "clip_end": 150.0,
  "resolution": [
    640,
    640
  ]
}