{
  "viewpoint_id": 9889,
  "glb_path": "data_out/20/711/30436272704361716711.glb",
  "glb_paths": [
    "data_out/20/711/30436272704361716711.glb",
    "data_out/20/715/30436272704361716715.glb",
    "data_out/20/421/30436272704361717421.glb",
    "data_out/20/422/30436272704361717422.glb",
    "data_out/20/423/30436272704361717423.glb",
    "data_out/20/425/30436272704361717425.glb",
    "data_out/20/426/30436272704361717426.glb",
    "data_out/20/427/30436272704361717427.glb",
    "data_out/20/430/30436272704361717430.glb",
    "data_out/20/432/30436272704361717432.glb",
    "data_out/20/433/30436272704361717433.glb",
    "data_out/20/434/30436272704361717434.glb",
    "data_out/20/436/30436272704361717436.glb",
    "data_out/20/437/30436272704361717437.glb",
    "data_out/20/461/30436272704361717461.glb",
    "data_out/20/470/30436272704361717470.glb",
    "data_out/20/522/30436272704361717522.glb",
    "data_out/20/526/30436272704361717526.glb",
    "data_out/20/600/30436272704361717600.glb",
    "data_out/20/601/30436272704361717601.glb",
    "data_out/20/602/30436272704361717602.glb",
    "data_out/20/603/30436272704361717603.glb",
    "data_out/20/604/30436272704361717604.glb",
    "data_out/20/605/30436272704361717605.glb",
    "data_out/20/606/30436272704361717606.glb",
    "data_out/20/607/30436272704361717607.glb",
    "data_out/20/610/30436272704361717610.glb",
    "data_out/20/611/30436272704361717611.glb",
    "data_out/20/612/30436272704361717612.glb",
    "data_out/20/613/30436272704361717613.glb",
    "data_out/20/614/30436272704361717614.glb",
    "data_out/20/615/30436272704361717615.glb",
    "data_out/20/616/30436272704361717616.glb",
    "data_out/20/617/30436272704361717617.glb",
    "data_out/20/700/30436272704361717700.glb",
    "data_out/20/704/30436272704361717704.glb"
  ],
  "camera_pos_blender": [
    239.55,
    21218.16,
    3358.4298828125
  ],
  "target_pos_blender": [
    254.38793562696424,
    21215.960985145557,
    3356.6298828125
  ],
  "ground_height_blender": 3356.6298828125,
  "matrix_world": [
    [
      -0.14661429822444916,
      0.11786063015460968,
      -0.9821471571922302,
      239.5500030517578
    ],
    [
      -0.9891937971115112,
      -0.017468824982643127,
      0.14556987583637238,
      21218.16015625
    ],
    [
      0.0,
      0.9928764700889587,
      0.11914816498756409,
      3358.429931640625
    ],
    [
      0.0,
      0.0,
      0.0,
      1.0
    ]
  ],
  "camera_fov": 1.2870022058486938,
  "clip_start": 0.10000000149011612,
  "clip_end": 150.0,
  "resolution": [
    640,
    640
  ]
}