{
  "viewpoint_id": 9892,
  "glb_path": "data_out/19/747/3043627270436171747.glb",
  "glb_paths": [
    "data_out/19/747/3043627270436171747.glb",
    "data_out/20/431/30436272704361717431.glb",
    "data_out/20/432/30436272704361717432.glb",
    "data_out/20/433/30436272704361717433.glb",
    "data_out/20/435/30436272704361717435.glb",
    "data_out/20/436/30436272704361717436.glb",
    "data_out/20/437/30436272704361717437.glb",
    "data_out/20/520/30436272704361717520.glb",
    "data_out/20/521/30436272704361717521.glb",
    "data_out/20/522/30436272704361717522.glb",
    "data_out/20/523/30436272704361717523.glb",
    "data_out/20/524/30436272704361717524.glb",
    "data_out/20/525/30436272704361717525.glb",
    "data_out/20/526/30436272704361717526.glb",
    "data_out/20/527/30436272704361717527.glb",
    "data_out/20/532/30436272704361717532.glb",
    "data_out/20/536/30436272704361717536.glb",
    "data_out/20/601/30436272704361717601.glb",
    "data_out/20/605/30436272704361717605.glb",
    "data_out/20/610/30436272704361717610.glb",
    "data_out/20/611/30436272704361717611.glb",
    "data_out/20/612/30436272704361717612.glb",
    "data_out/20/613/30436272704361717613.glb",
    "data_out/20/614/30436272704361717614.glb",
    "data_out/20/615/30436272704361717615.glb",
    "data_out/20/616/30436272704361717616.glb",
    "data_out/20/617/30436272704361717617.glb",
    "data_out/20/700/30436272704361717700.glb",
    "data_out/20/701/30436272704361717701.glb",
    "data_out/20/703/30436272704361717703.glb",
    "data_out/20/704/30436272704361717704.glb",
    "data_out/20/705/30436272704361717705.glb",
    "data_out/20/707/30436272704361717707.glb",
    "data_out/20/710/30436272704361717710.glb",
    "data_out/20/712/30436272704361717712.glb",
    "data_out/20/714/30436272704361717714.glb",
    "data_out/20/716/30436272704361717716.glb"
  ],
  "camera_pos_blender": [
    298.94,
    21209.62,
    3358.22822265625
  ],
  "target_pos_blender": [
    313.7954748284756,
    21207.542774056456,
    3356.42822265625
  ],
  "ground_height_blender": 3356.42822265625,
  "matrix_world": [
    [
      -0.13841287791728973,
      0.1180027425289154,
      -0.9833195209503174,
      298.94000244140625
    ],
    [
      -0.9903746843338013,
      -0.016491835936903954,
      0.13742685317993164,
      21209.619140625
    ],
    [
      1.862645149230957e-09,
      0.9928763508796692,
      0.1191495954990387,
      3358.228271484375
    ],
    [
      0.0,
      0.0,
      0.0,
      1.0
    ]
  ],
  "camera_fov": 1.2870022058486938,
  "clip_start": 0.10000000149011612,
  "clip_end": 150.0,
  "resolution": [
    640,
    640
  ]
}