{
  "viewpoint_id": 9897,
  "glb_path": "data_out/20/523/30436272704361717523.glb",
  "glb_paths": [
    "data_out/20/523/30436272704361717523.glb",
    "data_out/20/527/30436272704361717527.glb",
    "data_out/20/530/30436272704361717530.glb",
    "data_out/20/531/30436272704361717531.glb",
    "data_out/20/532/30436272704361717532.glb",
    "data_out/20/533/30436272704361717533.glb",
    "data_out/20/534/30436272704361717534.glb",
    "data_out/20/535/30436272704361717535.glb",
    "data_out/20/536/30436272704361717536.glb",
    "data_out/20/537/30436272704361717537.glb",
    "data_out/20/701/30436272704361717701.glb",
    "data_out/20/705/30436272704361717705.glb",
    "data_out/20/710/30436272704361717710.glb",
    "data_out/20/711/30436272704361717711.glb",
    "data_out/20/712/30436272704361717712.glb",
    "data_out/20/713/30436272704361717713.glb",
    "data_out/20/714/30436272704361717714.glb",
    "data_out/20/715/30436272704361717715.glb",
    "data_out/20/716/30436272704361717716.glb",
    "data_out/20/717/30436272704361717717.glb",
    "data_out/20/420/30436272704370606420.glb",
    "data_out/20/421/30436272704370606421.glb",
    "data_out/20/422/30436272704370606422.glb",
    "data_out/20/423/30436272704370606423.glb",
    "data_out/20/424/30436272704370606424.glb",
    "data_out/20/425/30436272704370606425.glb",
    "data_out/20/426/30436272704370606426.glb",
    "data_out/20/427/30436272704370606427.glb",
    "data_out/20/432/30436272704370606432.glb",
    "data_out/20/436/30436272704370606436.glb",
    "data_out/20/600/30436272704370606600.glb",
    "data_out/20/601/30436272704370606601.glb",
    "data_out/20/602/30436272704370606602.glb",
    "data_out/20/603/30436272704370606603.glb",
    "data_out/20/604/30436272704370606604.glb",
    "data_out/20/605/30436272704370606605.glb",
    "data_out/20/606/30436272704370606606.glb",
    "data_out/20/607/30436272704370606607.glb",
    "data_out/20/610/30436272704370606610.glb",
    "data_out/20/614/30436272704370606614.glb"
  ],
  "camera_pos_blender": [
    397.89,
    21195.22,
    3358.03486328125
  ],
  "target_pos_blender": [
    412.7290849944448,
    21193.028754571566,
    3356.23486328125
  ],
  "ground_height_blender": 3356.23486328125,
  "matrix_world": [
    [
      -0.14609356224536896,
      0.11786988377571106,
      -0.9822236895561218,
      397.8900146484375
    ],
    [
      -0.989270806312561,
      -0.01740679331123829,
      0.14505286514759064,
      21195.220703125
    ],
    [
      0.0,
      0.9928764700889587,
      0.11914825439453125,
      3358.034912109375
    ],
    [
      0.0,
      0.0,
      0.0,
      1.0
    ]
  ],
  "camera_fov": 1.2870022058486938,
  "clip_start": 0.10000000149011612,
  "clip_end": 150.0,
  "resolution": [
    640,
    640
  ]
}