{
  "viewpoint_id": 9898,
  "glb_path": "data_out/19/647/3043627270437060647.glb",
  "glb_paths": [
    "data_out/19/647/3043627270437060647.glb",
    "data_out/20/530/30436272704361717530.glb",
    "data_out/20/531/30436272704361717531.glb",
    "data_out/20/532/30436272704361717532.glb",
    "data_out/20/533/30436272704361717533.glb",
    "data_out/20/534/30436272704361717534.glb",
    "data_out/20/535/30436272704361717535.glb",
    "data_out/20/536/30436272704361717536.glb",
    "data_out/20/537/30436272704361717537.glb",
    "data_out/20/710/30436272704361717710.glb",
    "data_out/20/711/30436272704361717711.glb",
    "data_out/20/713/30436272704361717713.glb",
    "data_out/20/714/30436272704361717714.glb",
    "data_out/20/715/30436272704361717715.glb",
    "data_out/20/717/30436272704361717717.glb",
    "data_out/20/420/30436272704370606420.glb",
    "data_out/20/421/30436272704370606421.glb",
    "data_out/20/422/30436272704370606422.glb",
    "data_out/20/423/30436272704370606423.glb",
    "data_out/20/424/30436272704370606424.glb",
    "data_out/20/425/30436272704370606425.glb",
    "data_out/20/426/30436272704370606426.glb",
    "data_out/20/427/30436272704370606427.glb",
    "data_out/20/430/30436272704370606430.glb",
    "data_out/20/432/30436272704370606432.glb",
    "data_out/20/433/30436272704370606433.glb",
    "data_out/20/434/30436272704370606434.glb",
    "data_out/20/436/30436272704370606436.glb",
    "data_out/20/437/30436272704370606437.glb",
    "data_out/20/600/30436272704370606600.glb",
    "data_out/20/601/30436272704370606601.glb",
    "data_out/20/602/30436272704370606602.glb",
    "data_out/20/603/30436272704370606603.glb",
    "data_out/20/604/30436272704370606604.glb",
    "data_out/20/605/30436272704370606605.glb",
    "data_out/20/606/30436272704370606606.glb",
    "data_out/20/607/30436272704370606607.glb",
    "data_out/20/610/30436272704370606610.glb",
    "data_out/20/614/30436272704370606614.glb"
  ],
  "camera_pos_blender": [
    417.68,
    21192.29,
    3358.029248046875
  ],
  "target_pos_blender": [
    432.5190849944448,
    21190.098754571565,
    3356.229248046875
  ],
  "ground_height_blender": 3356.229248046875,
  "matrix_world": [
    [
      -0.14596614241600037,
      0.11787431687116623,
      -0.9822421669960022,
      417.67999267578125
    ],
    [
      -0.9892895817756653,
      -0.017391933128237724,
      0.1449263095855713,
      21192.2890625
    ],
    [
      0.0,
      0.9928761720657349,
      0.11915049701929092,
      3358.029296875
    ],
    [
      0.0,
      0.0,
      0.0,
      1.0
    ]
  ],
  "camera_fov": 1.2870022058486938,
  "clip_start": 0.10000000149011612,
  "clip_end": 150.0,
  "resolution": [
    640,
    640
  ]
}