{
  "viewpoint_id": 9899,
  "glb_path": "data_out/19/647/3043627270437060647.glb",
  "glb_paths": [
    "data_out/19/647/3043627270437060647.glb",
    "data_out/20/531/30436272704361717531.glb",
    "data_out/20/532/30436272704361717532.glb",
    "data_out/20/533/30436272704361717533.glb",
    "data_out/20/535/30436272704361717535.glb",
    "data_out/20/536/30436272704361717536.glb",
    "data_out/20/537/30436272704361717537.glb",
    "data_out/20/711/30436272704361717711.glb",
    "data_out/20/715/30436272704361717715.glb",
    "data_out/20/420/30436272704370606420.glb",
    "data_out/20/421/30436272704370606421.glb",
    "data_out/20/422/30436272704370606422.glb",
    "data_out/20/423/30436272704370606423.glb",
    "data_out/20/424/30436272704370606424.glb",
    "data_out/20/425/30436272704370606425.glb",
    "data_out/20/426/30436272704370606426.glb",
    "data_out/20/427/30436272704370606427.glb",
    "data_out/20/430/30436272704370606430.glb",
    "data_out/20/432/30436272704370606432.glb",
    "data_out/20/433/30436272704370606433.glb",
    "data_out/20/434/30436272704370606434.glb",
    "data_out/20/436/30436272704370606436.glb",
    "data_out/20/437/30436272704370606437.glb",
    "data_out/20/600/30436272704370606600.glb",
    "data_out/20/601/30436272704370606601.glb",
    "data_out/20/602/30436272704370606602.glb",
    "data_out/20/603/30436272704370606603.glb",
    "data_out/20/604/30436272704370606604.glb",
    "data_out/20/605/30436272704370606605.glb",
    "data_out/20/606/30436272704370606606.glb",
    "data_out/20/607/30436272704370606607.glb",
    "data_out/20/610/30436272704370606610.glb",
    "data_out/20/611/30436272704370606611.glb",
    "data_out/20/612/30436272704370606612.glb",
    "data_out/20/614/30436272704370606614.glb",
    "data_out/20/615/30436272704370606615.glb",
    "data_out/20/616/30436272704370606616.glb"
  ],
  "camera_pos_blender": [
    437.43,
    21189.15,
    3358.05244140625
  ],
  "target_pos_blender": [
    452.2357862425229,
    21186.744029563626,
    3356.25244140625
  ],
  "ground_height_blender": 3356.25244140625,
  "matrix_world": [
    [
      -0.16041620075702667,
      0.11760501563549042,
      -0.9800181984901428,
      437.42999267578125
    ],
    [
      -0.9870495200157166,
      -0.01911327615380287,
      0.15927346050739288,
      21189.150390625
    ],
    [
      -1.862645371275562e-09,
      0.9928764700889587,
      0.11914805322885513,
      3358.052490234375
    ],
    [
      0.0,
      0.0,
      0.0,
      1.0
    ]
  ],
  "camera_fov": 1.2870022058486938,
  "clip_start": 0.10000000149011612,
  "clip_end": 150.0,
  "resolution": [
    640,
    640
  ]
}