{
  "viewpoint_id": 9901,
  "glb_path": "data_out/19/647/3043627270437060647.glb",
  "glb_paths": [
    "data_out/19/647/3043627270437060647.glb",
    "data_out/20/412/30436272704370606412.glb",
    "data_out/20/416/30436272704370606416.glb",
    "data_out/20/417/30436272704370606417.glb",
    "data_out/20/420/30436272704370606420.glb",
    "data_out/20/421/30436272704370606421.glb",
    "data_out/20/422/30436272704370606422.glb",
    "data_out/20/423/30436272704370606423.glb",
    "data_out/20/424/30436272704370606424.glb",
    "data_out/20/425/30436272704370606425.glb",
    "data_out/20/426/30436272704370606426.glb",
    "data_out/20/427/30436272704370606427.glb",
    "data_out/20/430/30436272704370606430.glb",
    "data_out/20/432/30436272704370606432.glb",
    "data_out/20/433/30436272704370606433.glb",
    "data_out/20/434/30436272704370606434.glb",
    "data_out/20/436/30436272704370606436.glb",
    "data_out/20/437/30436272704370606437.glb",
    "data_out/20/520/30436272704370606520.glb",
    "data_out/20/522/30436272704370606522.glb",
    "data_out/20/523/30436272704370606523.glb",
    "data_out/20/524/30436272704370606524.glb",
    "data_out/20/526/30436272704370606526.glb",
    "data_out/20/527/30436272704370606527.glb",
    "data_out/20/600/30436272704370606600.glb",
    "data_out/20/601/30436272704370606601.glb",
    "data_out/20/604/30436272704370606604.glb",
    "data_out/20/605/30436272704370606605.glb",
    "data_out/20/610/30436272704370606610.glb",
    "data_out/20/611/30436272704370606611.glb",
    "data_out/20/612/30436272704370606612.glb",
    "data_out/20/613/30436272704370606613.glb",
    "data_out/20/614/30436272704370606614.glb",
    "data_out/20/615/30436272704370606615.glb",
    "data_out/20/616/30436272704370606616.glb",
    "data_out/20/617/30436272704370606617.glb",
    "data_out/20/700/30436272704370606700.glb",
    "data_out/20/704/30436272704370606704.glb"
  ],
  "camera_pos_blender": [
    476.91,
    21182.73,
    3358.53095703125
  ],
  "target_pos_blender": [
    491.71578624252294,
    21180.324029563624,
    3356.73095703125
  ],
  "ground_height_blender": 3356.73095703125,
  "matrix_world": [
    [
      -0.16041620075702667,
      0.11760501563549042,
      -0.9800181984901428,
      476.9100036621094
    ],
    [
      -0.9870495200157166,
      -0.01911327615380287,
      0.15927346050739288,
      21182.73046875
    ],
    [
      -1.862645371275562e-09,
      0.9928764700889587,
      0.11914805322885513,
      3358.531005859375
    ],
    [
      0.0,
      0.0,
      0.0,
      1.0
    ]
  ],
  "camera_fov": 1.2870022058486938,
  "clip_start": 0.10000000149011612,
  "clip_end": 150.0,
  "resolution": [
    640,
    640
  ]
}