{
  "viewpoint_id": 9902,
  "glb_path": "data_out/19/647/3043627270437060647.glb",
  "glb_paths": [
    "data_out/19/647/3043627270437060647.glb",
    "data_out/20/412/30436272704370606412.glb",
    "data_out/20/416/30436272704370606416.glb",
    "data_out/20/417/30436272704370606417.glb",
    "data_out/20/421/30436272704370606421.glb",
    "data_out/20/423/30436272704370606423.glb",
    "data_out/20/425/30436272704370606425.glb",
    "data_out/20/427/30436272704370606427.glb",
    "data_out/20/430/30436272704370606430.glb",
    "data_out/20/432/30436272704370606432.glb",
    "data_out/20/433/30436272704370606433.glb",
    "data_out/20/434/30436272704370606434.glb",
    "data_out/20/436/30436272704370606436.glb",
    "data_out/20/437/30436272704370606437.glb",
    "data_out/20/502/30436272704370606502.glb",
    "data_out/20/506/30436272704370606506.glb",
    "data_out/20/520/30436272704370606520.glb",
    "data_out/20/521/30436272704370606521.glb",
    "data_out/20/522/30436272704370606522.glb",
    "data_out/20/523/30436272704370606523.glb",
    "data_out/20/524/30436272704370606524.glb",
    "data_out/20/525/30436272704370606525.glb",
    "data_out/20/526/30436272704370606526.glb",
    "data_out/20/527/30436272704370606527.glb",
    "data_out/20/601/30436272704370606601.glb",
    "data_out/20/605/30436272704370606605.glb",
    "data_out/20/610/30436272704370606610.glb",
    "data_out/20/611/30436272704370606611.glb",
    "data_out/20/614/30436272704370606614.glb",
    "data_out/20/615/30436272704370606615.glb",
    "data_out/20/700/30436272704370606700.glb",
    "data_out/20/701/30436272704370606701.glb",
    "data_out/20/704/30436272704370606704.glb",
    "data_out/20/705/30436272704370606705.glb"
  ],
  "camera_pos_blender": [
    496.65,
    21179.530000000002,
    3358.22529296875
  ],
  "target_pos_blender": [
    511.4557862425229,
    21177.124029563627,
    3356.42529296875
  ],
  "ground_height_blender": 3356.42529296875,
  "matrix_world": [
    [
      -0.16028933227062225,
      0.1176099106669426,
      -0.9800384044647217,
      496.6499938964844
    ],
    [
      -0.9870701432228088,
      -0.0190985556691885,
      0.1591474562883377,
      21179.529296875
    ],
    [
      0.0,
      0.9928762316703796,
      0.11915051192045212,
      3358.225341796875
    ],
    [
      0.0,
      0.0,
      0.0,
      1.0
    ]
  ],
  "camera_fov": 1.2870022058486938,
  "clip_start": 0.10000000149011612,
  "clip_end": 150.0,
  "resolution": [
    640,
    640
  ]
}