{
  "viewpoint_id": 9903,
  "glb_path": "data_out/19/647/3043627270437060647.glb",
  "glb_paths": [
    "data_out/19/647/3043627270437060647.glb",
    "data_out/19/657/3043627270437060657.glb",
    "data_out/20/417/30436272704370606417.glb",
    "data_out/20/423/30436272704370606423.glb",
    "data_out/20/427/30436272704370606427.glb",
    "data_out/20/430/30436272704370606430.glb",
    "data_out/20/432/30436272704370606432.glb",
    "data_out/20/433/30436272704370606433.glb",
    "data_out/20/434/30436272704370606434.glb",
    "data_out/20/436/30436272704370606436.glb",
    "data_out/20/437/30436272704370606437.glb",
    "data_out/20/502/30436272704370606502.glb",
    "data_out/20/503/30436272704370606503.glb",
    "data_out/20/506/30436272704370606506.glb",
    "data_out/20/507/30436272704370606507.glb",
    "data_out/20/520/30436272704370606520.glb",
    "data_out/20/521/30436272704370606521.glb",
    "data_out/20/522/30436272704370606522.glb",
    "data_out/20/523/30436272704370606523.glb",
    "data_out/20/524/30436272704370606524.glb",
    "data_out/20/525/30436272704370606525.glb",
    "data_out/20/526/30436272704370606526.glb",
    "data_out/20/527/30436272704370606527.glb",
    "data_out/20/530/30436272704370606530.glb",
    "data_out/20/532/30436272704370606532.glb",
    "data_out/20/534/30436272704370606534.glb",
    "data_out/20/536/30436272704370606536.glb",
    "data_out/20/610/30436272704370606610.glb",
    "data_out/20/611/30436272704370606611.glb",
    "data_out/20/614/30436272704370606614.glb",
    "data_out/20/615/30436272704370606615.glb",
    "data_out/20/700/30436272704370606700.glb",
    "data_out/20/701/30436272704370606701.glb",
    "data_out/20/704/30436272704370606704.glb",
    "data_out/20/705/30436272704370606705.glb",
    "data_out/20/710/30436272704370606710.glb",
    "data_out/20/714/30436272704370606714.glb"
  ],
  "camera_pos_blender": [
    516.39,
    21176.3,
    3358.201611328125
  ],
  "target_pos_blender": [
    531.1557076649428,
    21173.6591900573,
    3356.401611328125
  ],
  "ground_height_blender": 3356.401611328125,
  "matrix_world": [
    [
      -0.17604230344295502,
      0.11728803813457489,
      -0.9773703217506409,
      516.3900146484375
    ],
    [
      -0.984382688999176,
      -0.020975233986973763,
      0.17478825151920319,
      21176.30078125
    ],
    [
      0.0,
      0.992876410484314,
      0.11914883553981781,
      3358.20166015625
    ],
    [
      0.0,
      0.0,
      0.0,
      1.0
    ]
  ],
  "camera_fov": 1.2870022058486938,
  "clip_start": 0.10000000149011612,
  "clip_end": 150.0,
  "resolution": [
    640,
    640
  ]
}