{
  "viewpoint_id": 9904,
  "glb_path": "data_out/20/712/30436272704361617712.glb",
  "glb_paths": [
    "data_out/20/712/30436272704361617712.glb",
    "data_out/20/713/30436272704361617713.glb",
    "data_out/20/716/30436272704361617716.glb",
    "data_out/20/717/30436272704361617717.glb",
    "data_out/20/721/30436272704361617721.glb",
    "data_out/20/723/30436272704361617723.glb",
    "data_out/20/725/30436272704361617725.glb",
    "data_out/20/727/30436272704361617727.glb",
    "data_out/20/730/30436272704361617730.glb",
    "data_out/20/731/30436272704361617731.glb",
    "data_out/20/732/30436272704361617732.glb",
    "data_out/20/733/30436272704361617733.glb",
    "data_out/20/734/30436272704361617734.glb",
    "data_out/20/735/30436272704361617735.glb",
    "data_out/20/736/30436272704361617736.glb",
    "data_out/20/737/30436272704361617737.glb",
    "data_out/20/510/30436272704361635510.glb",
    "data_out/20/511/30436272704361635511.glb",
    "data_out/20/514/30436272704361635514.glb",
    "data_out/20/515/30436272704361635515.glb",
    "data_out/20/602/30436272704361706602.glb",
    "data_out/20/603/30436272704361706603.glb",
    "data_out/20/606/30436272704361706606.glb",
    "data_out/20/607/30436272704361706607.glb",
    "data_out/20/620/30436272704361706620.glb",
    "data_out/20/621/30436272704361706621.glb",
    "data_out/20/622/30436272704361706622.glb",
    "data_out/20/623/30436272704361706623.glb",
    "data_out/20/624/30436272704361706624.glb",
    "data_out/20/625/30436272704361706625.glb",
    "data_out/20/626/30436272704361706626.glb",
    "data_out/20/627/30436272704361706627.glb",
    "data_out/20/630/30436272704361706630.glb",
    "data_out/20/632/30436272704361706632.glb",
    "data_out/20/634/30436272704361706634.glb",
    "data_out/20/636/30436272704361706636.glb",
    "data_out/20/400/30436272704361724400.glb",
    "data_out/20/401/30436272704361724401.glb",
    "data_out/20/404/30436272704361724404.glb",
    "data_out/20/405/30436272704361724405.glb"
  ],
  "camera_pos_blender": [
    -471.93,
    21327.010000000002,
    3358.4572265625
  ],
  "target_pos_blender": [
    -457.24591932431304,
    21323.947684746814,
    3356.6572265625
  ],
  "ground_height_blender": 3356.6572265625,
  "matrix_world": [
    [
      -0.20416614413261414,
      0.11663839966058731,
      -0.9719627499580383,
      -471.92999267578125
    ],
    [
      -0.9789363145828247,
      -0.024326007813215256,
      0.20271174609661102,
      21327.009765625
    ],
    [
      0.0,
      0.9928764700889587,
      0.11914809793233871,
      3358.457275390625
    ],
    [
      0.0,
      0.0,
      0.0,
      1.0
    ]
  ],
  "camera_fov": 1.2870022058486938,
  "clip_start": 0.10000000149011612,
  "clip_end": 150.0,
  "resolution": [
    640,
    640
  ]
}