{
  "viewpoint_id": 9906,
  "glb_path": "data_out/20/731/30436272704361617731.glb",
  "glb_paths": [
    "data_out/20/731/30436272704361617731.glb",
    "data_out/20/733/30436272704361617733.glb",
    "data_out/20/735/30436272704361617735.glb",
    "data_out/20/737/30436272704361617737.glb",
    "data_out/20/511/30436272704361635511.glb",
    "data_out/20/515/30436272704361635515.glb",
    "data_out/20/602/30436272704361706602.glb",
    "data_out/20/603/30436272704361706603.glb",
    "data_out/20/606/30436272704361706606.glb",
    "data_out/20/607/30436272704361706607.glb",
    "data_out/20/612/30436272704361706612.glb",
    "data_out/20/616/30436272704361706616.glb",
    "data_out/20/620/30436272704361706620.glb",
    "data_out/20/621/30436272704361706621.glb",
    "data_out/20/622/30436272704361706622.glb",
    "data_out/20/623/30436272704361706623.glb",
    "data_out/20/624/30436272704361706624.glb",
    "data_out/20/625/30436272704361706625.glb",
    "data_out/20/626/30436272704361706626.glb",
    "data_out/20/627/30436272704361706627.glb",
    "data_out/20/630/30436272704361706630.glb",
    "data_out/20/631/30436272704361706631.glb",
    "data_out/20/632/30436272704361706632.glb",
    "data_out/20/633/30436272704361706633.glb",
    "data_out/20/634/30436272704361706634.glb",
    "data_out/20/635/30436272704361706635.glb",
    "data_out/20/636/30436272704361706636.glb",
    "data_out/20/637/30436272704361706637.glb",
    "data_out/20/400/30436272704361724400.glb",
    "data_out/20/401/30436272704361724401.glb",
    "data_out/20/404/30436272704361724404.glb",
    "data_out/20/405/30436272704361724405.glb",
    "data_out/20/410/30436272704361724410.glb",
    "data_out/20/411/30436272704361724411.glb",
    "data_out/20/414/30436272704361724414.glb",
    "data_out/20/415/30436272704361724415.glb"
  ],
  "camera_pos_blender": [
    -432.57,
    21319.920000000002,
    3358.3888671875
  ],
  "target_pos_blender": [
    -417.7563166792317,
    21317.563140548955,
    3356.5888671875
  ],
  "ground_height_blender": 3356.5888671875,
  "matrix_world": [
    [
      -0.15716047585010529,
      0.11766701936721802,
      -0.9805381894111633,
      -432.57000732421875
    ],
    [
      -0.9875731468200684,
      -0.018725300207734108,
      0.15604093670845032,
      21319.919921875
    ],
    [
      0.0,
      0.9928765892982483,
      0.11914766579866409,
      3358.388916015625
    ],
    [
      0.0,
      0.0,
      0.0,
      1.0
    ]
  ],
  "camera_fov": 1.2870022058486938,
  "clip_start": 0.10000000149011612,
  "clip_end": 150.0,
  "resolution": [
    640,
    640
  ]
}