{
  "viewpoint_id": 9909,
  "glb_path": "data_out/20/603/30436272704361706603.glb",
  "glb_paths": [
    "data_out/20/603/30436272704361706603.glb",
    "data_out/20/607/30436272704361706607.glb",
    "data_out/20/612/30436272704361706612.glb",
    "data_out/20/613/30436272704361706613.glb",
    "data_out/20/616/30436272704361706616.glb",
    "data_out/20/617/30436272704361706617.glb",
    "data_out/20/621/30436272704361706621.glb",
    "data_out/20/623/30436272704361706623.glb",
    "data_out/20/625/30436272704361706625.glb",
    "data_out/20/627/30436272704361706627.glb",
    "data_out/20/630/30436272704361706630.glb",
    "data_out/20/631/30436272704361706631.glb",
    "data_out/20/632/30436272704361706632.glb",
    "data_out/20/633/30436272704361706633.glb",
    "data_out/20/634/30436272704361706634.glb",
    "data_out/20/635/30436272704361706635.glb",
    "data_out/20/636/30436272704361706636.glb",
    "data_out/20/637/30436272704361706637.glb",
    "data_out/20/702/30436272704361706702.glb",
    "data_out/20/703/30436272704361706703.glb",
    "data_out/20/706/30436272704361706706.glb",
    "data_out/20/707/30436272704361706707.glb",
    "data_out/20/720/30436272704361706720.glb",
    "data_out/20/721/30436272704361706721.glb",
    "data_out/20/722/30436272704361706722.glb",
    "data_out/20/723/30436272704361706723.glb",
    "data_out/20/724/30436272704361706724.glb",
    "data_out/20/725/30436272704361706725.glb",
    "data_out/20/726/30436272704361706726.glb",
    "data_out/20/727/30436272704361706727.glb",
    "data_out/20/730/30436272704361706730.glb",
    "data_out/20/734/30436272704361706734.glb",
    "data_out/20/410/30436272704361724410.glb",
    "data_out/20/411/30436272704361724411.glb",
    "data_out/20/414/30436272704361724414.glb",
    "data_out/20/415/30436272704361724415.glb",
    "data_out/20/500/30436272704361724500.glb",
    "data_out/20/504/30436272704361724504.glb"
  ],
  "camera_pos_blender": [
    -373.29,
    21310.66,
    3358.423779296875
  ],
  "target_pos_blender": [
    -358.4677778581584,
    21308.3574512431,
    3356.623779296875
  ],
  "ground_height_blender": 3356.623779296875,
  "matrix_world": [
    [
      -0.15351520478725433,
      0.11773573607206345,
      -0.981107234954834,
      -373.2900085449219
    ],
    [
      -0.9881463050842285,
      -0.018291041254997253,
      0.15242163836956024,
      21310.66015625
    ],
    [
      1.862645149230957e-09,
      0.9928764700889587,
      0.11914808303117752,
      3358.423828125
    ],
    [
      0.0,
      0.0,
      0.0,
      1.0
    ]
  ],
  "camera_fov": 1.2870022058486938,
  "clip_start": 0.10000000149011612,
  "clip_end": 150.0,
  "resolution": [
    640,
    640
  ]
}