{
  "viewpoint_id": 9910,
  "glb_path": "data_out/20/612/30436272704361706612.glb",
  "glb_paths": [
    "data_out/20/612/30436272704361706612.glb",
    "data_out/20/613/30436272704361706613.glb",
    "data_out/20/616/30436272704361706616.glb",
    "data_out/20/617/30436272704361706617.glb",
    "data_out/20/621/30436272704361706621.glb",
    "data_out/20/625/30436272704361706625.glb",
    "data_out/20/630/30436272704361706630.glb",
    "data_out/20/631/30436272704361706631.glb",
    "data_out/20/632/30436272704361706632.glb",
    "data_out/20/633/30436272704361706633.glb",
    "data_out/20/634/30436272704361706634.glb",
    "data_out/20/635/30436272704361706635.glb",
    "data_out/20/636/30436272704361706636.glb",
    "data_out/20/637/30436272704361706637.glb",
    "data_out/20/702/30436272704361706702.glb",
    "data_out/20/703/30436272704361706703.glb",
    "data_out/20/706/30436272704361706706.glb",
    "data_out/20/707/30436272704361706707.glb",
    "data_out/20/712/30436272704361706712.glb",
    "data_out/20/716/30436272704361706716.glb",
    "data_out/20/720/30436272704361706720.glb",
    "data_out/20/721/30436272704361706721.glb",
    "data_out/20/722/30436272704361706722.glb",
    "data_out/20/723/30436272704361706723.glb",
    "data_out/20/724/30436272704361706724.glb",
    "data_out/20/725/30436272704361706725.glb",
    "data_out/20/726/30436272704361706726.glb",
    "data_out/20/727/30436272704361706727.glb",
    "data_out/20/730/30436272704361706730.glb",
    "data_out/20/732/30436272704361706732.glb",
    "data_out/20/734/30436272704361706734.glb",
    "data_out/20/736/30436272704361706736.glb",
    "data_out/20/411/30436272704361724411.glb",
    "data_out/20/415/30436272704361724415.glb",
    "data_out/20/500/30436272704361724500.glb",
    "data_out/20/501/30436272704361724501.glb",
    "data_out/20/504/30436272704361724504.glb",
    "data_out/20/505/30436272704361724505.glb"
  ],
  "camera_pos_blender": [
    -353.53,
    21307.58,
    3358.280712890625
  ],
  "target_pos_blender": [
    -338.70777785815835,
    21305.277451243102,
    3356.480712890625
  ],
  "ground_height_blender": 3356.480712890625,
  "matrix_world": [
    [
      -0.15351520478725433,
      0.11773573607206345,
      -0.981107234954834,
      -353.5299987792969
    ],
    [
      -0.9881463050842285,
      -0.018291041254997253,
      0.15242163836956024,
      21307.580078125
    ],
    [
      1.862645149230957e-09,
      0.9928764700889587,
      0.11914808303117752,
      3358.28076171875
    ],
    [
      0.0,
      0.0,
      0.0,
      1.0
    ]
  ],
  "camera_fov": 1.2870022058486938,
  "clip_start": 0.10000000149011612,
  "clip_end": 150.0,
  "resolution": [
    640,
    640
  ]
}