{
  "viewpoint_id": 9912,
  "glb_path": "data_out/20/613/30436272704361706613.glb",
  "glb_paths": [
    "data_out/20/613/30436272704361706613.glb",
    "data_out/20/617/30436272704361706617.glb",
    "data_out/20/631/30436272704361706631.glb",
    "data_out/20/633/30436272704361706633.glb",
    "data_out/20/635/30436272704361706635.glb",
    "data_out/20/637/30436272704361706637.glb",
    "data_out/20/702/30436272704361706702.glb",
    "data_out/20/703/30436272704361706703.glb",
    "data_out/20/706/30436272704361706706.glb",
    "data_out/20/707/30436272704361706707.glb",
    "data_out/20/712/30436272704361706712.glb",
    "data_out/20/713/30436272704361706713.glb",
    "data_out/20/716/30436272704361706716.glb",
    "data_out/20/717/30436272704361706717.glb",
    "data_out/20/720/30436272704361706720.glb",
    "data_out/20/721/30436272704361706721.glb",
    "data_out/20/722/30436272704361706722.glb",
    "data_out/20/723/30436272704361706723.glb",
    "data_out/20/724/30436272704361706724.glb",
    "data_out/20/725/30436272704361706725.glb",
    "data_out/20/726/30436272704361706726.glb",
    "data_out/20/727/30436272704361706727.glb",
    "data_out/20/730/30436272704361706730.glb",
    "data_out/20/731/30436272704361706731.glb",
    "data_out/20/732/30436272704361706732.glb",
    "data_out/20/733/30436272704361706733.glb",
    "data_out/20/734/30436272704361706734.glb",
    "data_out/20/735/30436272704361706735.glb",
    "data_out/20/736/30436272704361706736.glb",
    "data_out/20/737/30436272704361706737.glb",
    "data_out/20/620/30436272704361707620.glb",
    "data_out/20/622/30436272704361707622.glb",
    "data_out/20/624/30436272704361707624.glb",
    "data_out/20/626/30436272704361707626.glb",
    "data_out/20/501/30436272704361724501.glb",
    "data_out/20/505/30436272704361724505.glb",
    "data_out/20/510/30436272704361724510.glb",
    "data_out/20/514/30436272704361724514.glb"
  ],
  "camera_pos_blender": [
    -313.98,
    21301.59,
    3358.50947265625
  ],
  "target_pos_blender": [
    -299.14826302757757,
    21299.34955844065,
    3356.70947265625
  ],
  "ground_height_blender": 3356.70947265625,
  "matrix_world": [
    [
      -0.14934907853603363,
      0.11781218647956848,
      -0.9817408919334412,
      -313.9800109863281
    ],
    [
      -0.9887846112251282,
      -0.017794717103242874,
      0.1482851803302765,
      21301.58984375
    ],
    [
      0.0,
      0.992876410484314,
      0.11914850026369095,
      3358.509521484375
    ],
    [
      0.0,
      0.0,
      0.0,
      1.0
    ]
  ],
  "camera_fov": 1.2870022058486938,
  "clip_start": 0.10000000149011612,
  "clip_end": 150.0,
  "resolution": [
    640,
    640
  ]
}