{
  "viewpoint_id": 9914,
  "glb_path": "data_out/20/703/30436272704361706703.glb",
  "glb_paths": [
    "data_out/20/703/30436272704361706703.glb",
    "data_out/20/707/30436272704361706707.glb",
    "data_out/20/710/30436272704361706710.glb",
    "data_out/20/711/30436272704361706711.glb",
    "data_out/20/712/30436272704361706712.glb",
    "data_out/20/713/30436272704361706713.glb",
    "data_out/20/714/30436272704361706714.glb",
    "data_out/20/715/30436272704361706715.glb",
    "data_out/20/716/30436272704361706716.glb",
    "data_out/20/717/30436272704361706717.glb",
    "data_out/20/720/30436272704361706720.glb",
    "data_out/20/721/30436272704361706721.glb",
    "data_out/20/723/30436272704361706723.glb",
    "data_out/20/724/30436272704361706724.glb",
    "data_out/20/725/30436272704361706725.glb",
    "data_out/20/727/30436272704361706727.glb",
    "data_out/20/730/30436272704361706730.glb",
    "data_out/20/731/30436272704361706731.glb",
    "data_out/20/732/30436272704361706732.glb",
    "data_out/20/733/30436272704361706733.glb",
    "data_out/20/734/30436272704361706734.glb",
    "data_out/20/735/30436272704361706735.glb",
    "data_out/20/736/30436272704361706736.glb",
    "data_out/20/737/30436272704361706737.glb",
    "data_out/20/602/30436272704361707602.glb",
    "data_out/20/603/30436272704361707603.glb",
    "data_out/20/607/30436272704361707607.glb",
    "data_out/20/620/30436272704361707620.glb",
    "data_out/20/621/30436272704361707621.glb",
    "data_out/20/622/30436272704361707622.glb",
    "data_out/20/623/30436272704361707623.glb",
    "data_out/20/624/30436272704361707624.glb",
    "data_out/20/625/30436272704361707625.glb",
    "data_out/20/626/30436272704361707626.glb",
    "data_out/20/627/30436272704361707627.glb",
    "data_out/20/511/30436272704361724511.glb",
    "data_out/20/515/30436272704361724515.glb"
  ],
  "camera_pos_blender": [
    -274.46,
    21295.41,
    3358.634228515625
  ],
  "target_pos_blender": [
    -259.64549488260104,
    21293.058311643403,
    3356.834228515625
  ],
  "ground_height_blender": 3356.834228515625,
  "matrix_world": [
    [
      -0.15677127242088318,
      0.11767543107271194,
      -0.9805994629859924,
      -274.4599914550781
    ],
    [
      -0.9876350164413452,
      -0.018679095432162285,
      0.15565448999404907,
      21295.41015625
    ],
    [
      -1.862645149230957e-09,
      0.9928764700889587,
      0.11914872378110886,
      3358.63427734375
    ],
    [
      0.0,
      0.0,
      0.0,
      1.0
    ]
  ],
  "camera_fov": 1.2870022058486938,
  "clip_start": 0.10000000149011612,
  "clip_end": 150.0,
  "resolution": [
    640,
    640
  ]
}