{
  "viewpoint_id": 9915,
  "glb_path": "data_out/20/703/30436272704361706703.glb",
  "glb_paths": [
    "data_out/20/703/30436272704361706703.glb",
    "data_out/20/707/30436272704361706707.glb",
    "data_out/20/711/30436272704361706711.glb",
    "data_out/20/712/30436272704361706712.glb",
    "data_out/20/713/30436272704361706713.glb",
    "data_out/20/715/30436272704361706715.glb",
    "data_out/20/716/30436272704361706716.glb",
    "data_out/20/717/30436272704361706717.glb",
    "data_out/20/721/30436272704361706721.glb",
    "data_out/20/725/30436272704361706725.glb",
    "data_out/20/730/30436272704361706730.glb",
    "data_out/20/731/30436272704361706731.glb",
    "data_out/20/732/30436272704361706732.glb",
    "data_out/20/733/30436272704361706733.glb",
    "data_out/20/734/30436272704361706734.glb",
    "data_out/20/735/30436272704361706735.glb",
    "data_out/20/736/30436272704361706736.glb",
    "data_out/20/737/30436272704361706737.glb",
    "data_out/20/600/30436272704361707600.glb",
    "data_out/20/602/30436272704361707602.glb",
    "data_out/20/603/30436272704361707603.glb",
    "data_out/20/604/30436272704361707604.glb",
    "data_out/20/607/30436272704361707607.glb",
    "data_out/20/612/30436272704361707612.glb",
    "data_out/20/616/30436272704361707616.glb",
    "data_out/20/620/30436272704361707620.glb",
    "data_out/20/621/30436272704361707621.glb",
    "data_out/20/622/30436272704361707622.glb",
    "data_out/20/623/30436272704361707623.glb",
    "data_out/20/624/30436272704361707624.glb",
    "data_out/20/625/30436272704361707625.glb",
    "data_out/20/626/30436272704361707626.glb",
    "data_out/20/627/30436272704361707627.glb",
    "data_out/20/630/30436272704361707630.glb",
    "data_out/20/634/30436272704361707634.glb"
  ],
  "camera_pos_blender": [
    -254.71,
    21292.280000000002,
    3358.645703125
  ],
  "target_pos_blender": [
    -239.8954948826011,
    21289.928311643405,
    3356.845703125
  ],
  "ground_height_blender": 3356.845703125,
  "matrix_world": [
    [
      -0.1567709594964981,
      0.11767521500587463,
      -0.980599582195282,
      -254.7100067138672
    ],
    [
      -0.9876350164413452,
      -0.018679020926356316,
      0.1556541919708252,
      21292.279296875
    ],
    [
      0.0,
      0.992876410484314,
      0.11914850026369095,
      3358.645751953125
    ],
    [
      0.0,
      0.0,
      0.0,
      1.0
    ]
  ],
  "camera_fov": 1.2870022058486938,
  "clip_start": 0.10000000149011612,
  "clip_end": 150.0,
  "resolution": [
    640,
    640
  ]
}