{
  "viewpoint_id": 9917,
  "glb_path": "data_out/20/713/30436272704361706713.glb",
  "glb_paths": [
    "data_out/20/713/30436272704361706713.glb",
    "data_out/20/717/30436272704361706717.glb",
    "data_out/20/731/30436272704361706731.glb",
    "data_out/20/733/30436272704361706733.glb",
    "data_out/20/735/30436272704361706735.glb",
    "data_out/20/737/30436272704361706737.glb",
    "data_out/20/600/30436272704361707600.glb",
    "data_out/20/601/30436272704361707601.glb",
    "data_out/20/602/30436272704361707602.glb",
    "data_out/20/603/30436272704361707603.glb",
    "data_out/20/604/30436272704361707604.glb",
    "data_out/20/605/30436272704361707605.glb",
    "data_out/20/607/30436272704361707607.glb",
    "data_out/20/610/30436272704361707610.glb",
    "data_out/20/612/30436272704361707612.glb",
    "data_out/20/613/30436272704361707613.glb",
    "data_out/20/614/30436272704361707614.glb",
    "data_out/20/616/30436272704361707616.glb",
    "data_out/20/617/30436272704361707617.glb",
    "data_out/20/620/30436272704361707620.glb",
    "data_out/20/621/30436272704361707621.glb",
    "data_out/20/622/30436272704361707622.glb",
    "data_out/20/623/30436272704361707623.glb",
    "data_out/20/624/30436272704361707624.glb",
    "data_out/20/625/30436272704361707625.glb",
    "data_out/20/626/30436272704361707626.glb",
    "data_out/20/627/30436272704361707627.glb",
    "data_out/20/630/30436272704361707630.glb",
    "data_out/20/631/30436272704361707631.glb",
    "data_out/20/632/30436272704361707632.glb",
    "data_out/20/633/30436272704361707633.glb",
    "data_out/20/634/30436272704361707634.glb",
    "data_out/20/635/30436272704361707635.glb",
    "data_out/20/636/30436272704361707636.glb",
    "data_out/20/637/30436272704361707637.glb"
  ],
  "camera_pos_blender": [
    -215.2,
    21286.0,
    3358.794140625
  ],
  "target_pos_blender": [
    -200.38549488260105,
    21283.648311643403,
    3356.994140625
  ],
  "ground_height_blender": 3356.994140625,
  "matrix_world": [
    [
      -0.15677109360694885,
      0.11767532676458359,
      -0.980599582195282,
      -215.1999969482422
    ],
    [
      -0.9876350164413452,
      -0.01867905631661415,
      0.15565434098243713,
      21286.0
    ],
    [
      0.0,
      0.9928764700889587,
      0.1191486194729805,
      3358.794189453125
    ],
    [
      0.0,
      0.0,
      0.0,
      1.0
    ]
  ],
  "camera_fov": 1.2870022058486938,
  "clip_start": 0.10000000149011612,
  "clip_end": 150.0,
  "resolution": [
    640,
    640
  ]
}