{
  "viewpoint_id": 9920,
  "glb_path": "data_out/20/601/30436272704361707601.glb",
  "glb_paths": [
    "data_out/20/601/30436272704361707601.glb",
    "data_out/20/603/30436272704361707603.glb",
    "data_out/20/605/30436272704361707605.glb",
    "data_out/20/607/30436272704361707607.glb",
    "data_out/20/610/30436272704361707610.glb",
    "data_out/20/612/30436272704361707612.glb",
    "data_out/20/613/30436272704361707613.glb",
    "data_out/20/614/30436272704361707614.glb",
    "data_out/20/616/30436272704361707616.glb",
    "data_out/20/617/30436272704361707617.glb",
    "data_out/20/621/30436272704361707621.glb",
    "data_out/20/625/30436272704361707625.glb",
    "data_out/20/630/30436272704361707630.glb",
    "data_out/20/631/30436272704361707631.glb",
    "data_out/20/632/30436272704361707632.glb",
    "data_out/20/633/30436272704361707633.glb",
    "data_out/20/634/30436272704361707634.glb",
    "data_out/20/635/30436272704361707635.glb",
    "data_out/20/636/30436272704361707636.glb",
    "data_out/20/637/30436272704361707637.glb",
    "data_out/20/702/30436272704361707702.glb",
    "data_out/20/703/30436272704361707703.glb",
    "data_out/20/706/30436272704361707706.glb",
    "data_out/20/707/30436272704361707707.glb",
    "data_out/20/712/30436272704361707712.glb",
    "data_out/20/716/30436272704361707716.glb",
    "data_out/20/720/30436272704361707720.glb",
    "data_out/20/721/30436272704361707721.glb",
    "data_out/20/724/30436272704361707724.glb",
    "data_out/20/725/30436272704361707725.glb"
  ],
  "camera_pos_blender": [
    -156.06,
    21276.030000000002,
    3358.479443359375
  ],
  "target_pos_blender": [
    -141.22983076513106,
    21273.779204481714,
    3356.679443359375
  ],
  "ground_height_blender": 3356.679443359375,
  "matrix_world": [
    [
      -0.1500011831521988,
      0.11780126392841339,
      -0.9816427230834961,
      -156.05999755859375
    ],
    [
      -0.9886858463287354,
      -0.017872542142868042,
      0.14893262088298798,
      21276.029296875
    ],
    [
      0.0,
      0.992876410484314,
      0.11914932727813721,
      3358.4794921875
    ],
    [
      0.0,
      0.0,
      0.0,
      1.0
    ]
  ],
  "camera_fov": 1.2870022058486938,
  "clip_start": 0.10000000149011612,
  "clip_end": 150.0,
  "resolution": [
    640,
    640
  ]
}