{
  "viewpoint_id": 9923,
  "glb_path": "data_out/20/613/30436272704361707613.glb",
  "glb_paths": [
    "data_out/20/613/30436272704361707613.glb",
    "data_out/20/617/30436272704361707617.glb",
    "data_out/20/631/30436272704361707631.glb",
    "data_out/20/635/30436272704361707635.glb",
    "data_out/20/702/30436272704361707702.glb",
    "data_out/20/703/30436272704361707703.glb",
    "data_out/20/706/30436272704361707706.glb",
    "data_out/20/707/30436272704361707707.glb",
    "data_out/20/710/30436272704361707710.glb",
    "data_out/20/711/30436272704361707711.glb",
    "data_out/20/712/30436272704361707712.glb",
    "data_out/20/713/30436272704361707713.glb",
    "data_out/20/714/30436272704361707714.glb",
    "data_out/20/715/30436272704361707715.glb",
    "data_out/20/716/30436272704361707716.glb",
    "data_out/20/717/30436272704361707717.glb",
    "data_out/20/720/30436272704361707720.glb",
    "data_out/20/721/30436272704361707721.glb",
    "data_out/20/724/30436272704361707724.glb",
    "data_out/20/725/30436272704361707725.glb",
    "data_out/20/730/30436272704361707730.glb",
    "data_out/20/731/30436272704361707731.glb",
    "data_out/20/732/30436272704361707732.glb",
    "data_out/20/734/30436272704361707734.glb",
    "data_out/20/735/30436272704361707735.glb",
    "data_out/20/736/30436272704361707736.glb",
    "data_out/20/602/30436272704361716602.glb",
    "data_out/20/606/30436272704361716606.glb",
    "data_out/20/620/30436272704361716620.glb",
    "data_out/20/624/30436272704361716624.glb"
  ],
  "camera_pos_blender": [
    -96.66,
    21267.61,
    3358.40009765625
  ],
  "target_pos_blender": [
    -81.7505856681723,
    21265.963985333634,
    3356.60009765625
  ],
  "ground_height_blender": 3356.60009765625,
  "matrix_world": [
    [
      -0.10963659733533859,
      0.11843140423297882,
      -0.986890971660614,
      -96.66000366210938
    ],
    [
      -0.9939717650413513,
      -0.013063164427876472,
      0.10885557532310486,
      21267.609375
    ],
    [
      -9.313225746154785e-10,
      0.9928763508796692,
      0.11914966255426407,
      3358.400146484375
    ],
    [
      0.0,
      0.0,
      0.0,
      1.0
    ]
  ],
  "camera_fov": 1.2870022058486938,
  "clip_start": 0.10000000149011612,
  "clip_end": 150.0,
  "resolution": [
    640,
    640
  ]
}