{
  "viewpoint_id": 9927,
  "glb_path": "data_out/20/722/30436272704361617722.glb",
  "glb_paths": [
    "data_out/20/722/30436272704361617722.glb",
    "data_out/20/723/30436272704361617723.glb",
    "data_out/20/726/30436272704361617726.glb",
    "data_out/20/727/30436272704361617727.glb",
    "data_out/20/730/30436272704361617730.glb",
    "data_out/20/731/30436272704361617731.glb",
    "data_out/20/732/30436272704361617732.glb",
    "data_out/20/733/30436272704361617733.glb",
    "data_out/20/734/30436272704361617734.glb",
    "data_out/20/735/30436272704361617735.glb",
    "data_out/20/736/30436272704361617736.glb",
    "data_out/20/737/30436272704361617737.glb",
    "data_out/20/501/30436272704361635501.glb",
    "data_out/20/503/30436272704361635503.glb",
    "data_out/20/505/30436272704361635505.glb",
    "data_out/20/507/30436272704361635507.glb",
    "data_out/20/510/30436272704361635510.glb",
    "data_out/20/511/30436272704361635511.glb",
    "data_out/20/512/30436272704361635512.glb",
    "data_out/20/513/30436272704361635513.glb",
    "data_out/20/514/30436272704361635514.glb",
    "data_out/20/515/30436272704361635515.glb",
    "data_out/20/516/30436272704361635516.glb",
    "data_out/20/517/30436272704361635517.glb",
    "data_out/20/620/30436272704361706620.glb",
    "data_out/20/622/30436272704361706622.glb",
    "data_out/20/623/30436272704361706623.glb",
    "data_out/20/624/30436272704361706624.glb",
    "data_out/20/626/30436272704361706626.glb",
    "data_out/20/627/30436272704361706627.glb",
    "data_out/20/400/30436272704361724400.glb",
    "data_out/20/401/30436272704361724401.glb",
    "data_out/20/402/30436272704361724402.glb",
    "data_out/20/404/30436272704361724404.glb",
    "data_out/20/405/30436272704361724405.glb",
    "data_out/20/406/30436272704361724406.glb"
  ],
  "camera_pos_blender": [
    -498.18,
    21366.2,
    3358.52021484375
  ],
  "target_pos_blender": [
    -511.2185427445799,
    21373.615955980033,
    3356.72021484375
  ],
  "ground_height_blender": 3356.72021484375,
  "matrix_world": [
    [
      0.4944000840187073,
      -0.1035676971077919,
      0.863042414188385,
      -498.17999267578125
    ],
    [
      0.8692345023155212,
      0.05890686437487602,
      -0.490878164768219,
      21366.19921875
    ],
    [
      0.0,
      0.9928764700889587,
      0.11914816498756409,
      3358.520263671875
    ],
    [
      0.0,
      0.0,
      0.0,
      1.0
    ]
  ],
  "camera_fov": 1.2870022058486938,
  "clip_start": 0.10000000149011612,
  "clip_end": 150.0,
  "resolution": [
    640,
    640
  ]
}