{
  "viewpoint_id": 9928,
  "glb_path": "data_out/20/722/30436272704361617722.glb",
  "glb_paths": [
    "data_out/20/722/30436272704361617722.glb",
    "data_out/20/723/30436272704361617723.glb",
    "data_out/20/726/30436272704361617726.glb",
    "data_out/20/727/30436272704361617727.glb",
    "data_out/20/730/30436272704361617730.glb",
    "data_out/20/732/30436272704361617732.glb",
    "data_out/20/733/30436272704361617733.glb",
    "data_out/20/734/30436272704361617734.glb",
    "data_out/20/736/30436272704361617736.glb",
    "data_out/20/737/30436272704361617737.glb",
    "data_out/20/501/30436272704361635501.glb",
    "data_out/20/502/30436272704361635502.glb",
    "data_out/20/503/30436272704361635503.glb",
    "data_out/20/505/30436272704361635505.glb",
    "data_out/20/506/30436272704361635506.glb",
    "data_out/20/507/30436272704361635507.glb",
    "data_out/20/510/30436272704361635510.glb",
    "data_out/20/511/30436272704361635511.glb",
    "data_out/20/512/30436272704361635512.glb",
    "data_out/20/513/30436272704361635513.glb",
    "data_out/20/514/30436272704361635514.glb",
    "data_out/20/515/30436272704361635515.glb",
    "data_out/20/516/30436272704361635516.glb",
    "data_out/20/517/30436272704361635517.glb",
    "data_out/20/521/30436272704361635521.glb",
    "data_out/20/525/30436272704361635525.glb",
    "data_out/20/530/30436272704361635530.glb",
    "data_out/20/531/30436272704361635531.glb",
    "data_out/20/534/30436272704361635534.glb",
    "data_out/20/535/30436272704361635535.glb",
    "data_out/20/622/30436272704361706622.glb",
    "data_out/20/626/30436272704361706626.glb",
    "data_out/20/400/30436272704361724400.glb",
    "data_out/20/402/30436272704361724402.glb",
    "data_out/20/404/30436272704361724404.glb",
    "data_out/20/406/30436272704361724406.glb"
  ],
  "camera_pos_blender": [
    -514.35,
    21377.95,
    3358.497509765625
  ],
  "target_pos_blender": [
    -526.375069901512,
    21386.916476111815,
    3356.697509765625
  ],
  "ground_height_blender": 3356.697509765625,
  "matrix_world": [
    [
      0.5977783203125,
      -0.0955154076218605,
      0.7959509491920471,
      -514.3499755859375
    ],
    [
      0.801661491394043,
      0.07122338563203812,
      -0.5935201644897461,
      21377.94921875
    ],
    [
      0.0,
      0.9928766489028931,
      0.11914680898189545,
      3358.49755859375
    ],
    [
      0.0,
      0.0,
      0.0,
      1.0
    ]
  ],
  "camera_fov": 1.2870022058486938,
  "clip_start": 0.10000000149011612,
  "clip_end": 150.0,
  "resolution": [
    640,
    640
  ]
}