{
  "viewpoint_id": 9930,
  "glb_path": "data_out/20/722/30436272704361617722.glb",
  "glb_paths": [
    "data_out/20/722/30436272704361617722.glb",
    "data_out/20/723/30436272704361617723.glb",
    "data_out/20/726/30436272704361617726.glb",
    "data_out/20/727/30436272704361617727.glb",
    "data_out/20/732/30436272704361617732.glb",
    "data_out/20/736/30436272704361617736.glb",
    "data_out/20/411/30436272704361635411.glb",
    "data_out/20/412/30436272704361635412.glb",
    "data_out/20/413/30436272704361635413.glb",
    "data_out/20/416/30436272704361635416.glb",
    "data_out/20/417/30436272704361635417.glb",
    "data_out/20/431/30436272704361635431.glb",
    "data_out/20/435/30436272704361635435.glb",
    "data_out/20/501/30436272704361635501.glb",
    "data_out/20/502/30436272704361635502.glb",
    "data_out/20/503/30436272704361635503.glb",
    "data_out/20/505/30436272704361635505.glb",
    "data_out/20/506/30436272704361635506.glb",
    "data_out/20/507/30436272704361635507.glb",
    "data_out/20/510/30436272704361635510.glb",
    "data_out/20/511/30436272704361635511.glb",
    "data_out/20/512/30436272704361635512.glb",
    "data_out/20/513/30436272704361635513.glb",
    "data_out/20/514/30436272704361635514.glb",
    "data_out/20/515/30436272704361635515.glb",
    "data_out/20/516/30436272704361635516.glb",
    "data_out/20/517/30436272704361635517.glb",
    "data_out/20/520/30436272704361635520.glb",
    "data_out/20/521/30436272704361635521.glb",
    "data_out/20/524/30436272704361635524.glb",
    "data_out/20/525/30436272704361635525.glb",
    "data_out/20/530/30436272704361635530.glb",
    "data_out/20/531/30436272704361635531.glb",
    "data_out/20/534/30436272704361635534.glb",
    "data_out/20/535/30436272704361635535.glb"
  ],
  "camera_pos_blender": [
    -546.5,
    21401.74,
    3358.569775390625
  ],
  "target_pos_blender": [
    -558.809762824766,
    21410.31144907224,
    3356.769775390625
  ],
  "ground_height_blender": 3356.769775390625,
  "matrix_world": [
    [
      0.5713792443275452,
      -0.09778767824172974,
      0.8148394823074341,
      -546.5
    ],
    [
      0.8206862211227417,
      0.06808187067508698,
      -0.5673086047172546,
      21401.740234375
    ],
    [
      -7.450580596923828e-09,
      0.992875874042511,
      0.11915355175733566,
      3358.56982421875
    ],
    [
      0.0,
      0.0,
      0.0,
      1.0
    ]
  ],
  "camera_fov": 1.2870022058486938,
  "clip_start": 0.10000000149011612,
  "clip_end": 150.0,
  "resolution": [
    640,
    640
  ]
}