{
  "octant_path": "30436272704361707403",
  "glb_path": "data_out/20/403/30436272704361707403.glb",
  "resolution": [
    1024,
    1024
  ],
  "ortho_scale": 40.1255859375,
  "camera_location": [
    -214.4859619140625,
    21106.306640625,
    3402.383056640625
  ],
  "bbox_xyz": {
    "min": [
      -228.2750701904297,
      21087.19921875,
      3356.656005859375
    ],
    "max": [
      -200.69686889648438,
      21125.4140625,
      3364.168212890625
    ]
  },
  "lat_lon_bbox": {
    "lat_south": 44.442787170410156,
    "lat_north": 44.44313049316406,
    "lon_west": 26.139564514160156,
    "lon_east": 26.139907836914062
  }
}